--------------------------------------------------------
--  File created - Monday-July-03-2023   
--------------------------------------------------------
--------------------------------------------------------
--  DDL for Table BUILDINGS
--------------------------------------------------------

  CREATE TABLE "DEVELOP"."BUILDINGS" 
   (	"ID" NUMBER(11,0) GENERATED ALWAYS AS IDENTITY MINVALUE 1 MAXVALUE 9999999999999999999999999999 INCREMENT BY 1 START WITH 1 CACHE 20 NOORDER  NOCYCLE  NOKEEP  NOSCALE , 
	"BUILDING_CODE" VARCHAR2(50 BYTE), 
	"BUILDING_NAME" VARCHAR2(500 BYTE), 
	"BUILDING_COMPANY" VARCHAR2(500 BYTE), 
	"ADDRESS" VARCHAR2(2000 BYTE), 
	"LATITUDE" VARCHAR2(50 BYTE), 
	"LONGITUDE" VARCHAR2(50 BYTE), 
	"IS_ACTIVE" NUMBER, 
	"CREATED_AT" TIMESTAMP (6), 
	"CREATED_BY" NUMBER(11,0), 
	"UPDATED_AT" TIMESTAMP (6), 
	"UPDATED_BY" NUMBER(11,0), 
	"PERCENT_SHARE" NUMBER(11,0), 
	"CONTACT_NAME" VARCHAR2(500 BYTE), 
	"CONTACT_PHONE" VARCHAR2(20 BYTE), 
	"COOPERATE_TYPE" VARCHAR2(20 BYTE), 
	"IS_DELETED" NUMBER(*,0) DEFAULT 0, 
	"PARTNER_ID" NUMBER(11,0)
   ) SEGMENT CREATION IMMEDIATE 
  PCTFREE 10 PCTUSED 40 INITRANS 1 MAXTRANS 255 
 NOCOMPRESS LOGGING
  STORAGE(INITIAL 65536 NEXT 1048576 MINEXTENTS 1 MAXEXTENTS 2147483645
  PCTINCREASE 0 FREELISTS 1 FREELIST GROUPS 1
  BUFFER_POOL DEFAULT FLASH_CACHE DEFAULT CELL_FLASH_CACHE DEFAULT)
  TABLESPACE "USERS" ;

   COMMENT ON COLUMN "DEVELOP"."BUILDINGS"."BUILDING_CODE" IS 'Mã tòa nhà';
   COMMENT ON COLUMN "DEVELOP"."BUILDINGS"."BUILDING_NAME" IS 'Tên tòa nhà';
   COMMENT ON COLUMN "DEVELOP"."BUILDINGS"."BUILDING_COMPANY" IS 'Chủ sở hữu';
   COMMENT ON COLUMN "DEVELOP"."BUILDINGS"."ADDRESS" IS 'Địa chỉ';
   COMMENT ON COLUMN "DEVELOP"."BUILDINGS"."LATITUDE" IS 'Lat';
   COMMENT ON COLUMN "DEVELOP"."BUILDINGS"."LONGITUDE" IS 'Long';
   COMMENT ON COLUMN "DEVELOP"."BUILDINGS"."IS_ACTIVE" IS 'Trạng thái:
1: Kích hoạt
2: vô hiệu hóa';
   COMMENT ON COLUMN "DEVELOP"."BUILDINGS"."CREATED_AT" IS 'Ngày tạo';
   COMMENT ON COLUMN "DEVELOP"."BUILDINGS"."CREATED_BY" IS 'Người tạo';
   COMMENT ON COLUMN "DEVELOP"."BUILDINGS"."UPDATED_AT" IS 'Ngày cập nhật';
   COMMENT ON COLUMN "DEVELOP"."BUILDINGS"."UPDATED_BY" IS 'Người cập nhật';
   COMMENT ON COLUMN "DEVELOP"."BUILDINGS"."PERCENT_SHARE" IS 'Tỷ lệ chia sẻ';
   COMMENT ON COLUMN "DEVELOP"."BUILDINGS"."CONTACT_NAME" IS 'Đầu mối tòa nhà';
   COMMENT ON COLUMN "DEVELOP"."BUILDINGS"."CONTACT_PHONE" IS 'Số điện thoại đầu mối';
   COMMENT ON COLUMN "DEVELOP"."BUILDINGS"."COOPERATE_TYPE" IS 'Loại hình hợp tác';
   COMMENT ON COLUMN "DEVELOP"."BUILDINGS"."PARTNER_ID" IS 'Mã đối tác';
--------------------------------------------------------
--  DDL for Table COMMENTS
--------------------------------------------------------

  CREATE TABLE "DEVELOP"."COMMENTS" 
   (	"ID" NUMBER(11,0) GENERATED ALWAYS AS IDENTITY MINVALUE 1 MAXVALUE 9999999999999999999999999999 INCREMENT BY 1 START WITH 1 CACHE 20 NOORDER  NOCYCLE  NOKEEP  NOSCALE , 
	"PARENT_ID" NUMBER(11,0), 
	"JOB_PROCCESS_ID" NUMBER(11,0), 
	"CREATED_AT" TIMESTAMP (6), 
	"CONTENT" VARCHAR2(4000 BYTE), 
	"PATHFILE" VARCHAR2(2000 BYTE), 
	"CREATED_BY" NUMBER(11,0), 
	"UPDATED_AT" TIMESTAMP (6), 
	"UPDATED_BY" DATE
   ) SEGMENT CREATION IMMEDIATE 
  PCTFREE 10 PCTUSED 40 INITRANS 1 MAXTRANS 255 
 NOCOMPRESS LOGGING
  STORAGE(INITIAL 65536 NEXT 1048576 MINEXTENTS 1 MAXEXTENTS 2147483645
  PCTINCREASE 0 FREELISTS 1 FREELIST GROUPS 1
  BUFFER_POOL DEFAULT FLASH_CACHE DEFAULT CELL_FLASH_CACHE DEFAULT)
  TABLESPACE "USERS" ;

   COMMENT ON COLUMN "DEVELOP"."COMMENTS"."PARENT_ID" IS 'Comment cha';
   COMMENT ON COLUMN "DEVELOP"."COMMENTS"."JOB_PROCCESS_ID" IS 'Mã công việc';
   COMMENT ON COLUMN "DEVELOP"."COMMENTS"."CREATED_AT" IS 'Ngày tạo';
   COMMENT ON COLUMN "DEVELOP"."COMMENTS"."CONTENT" IS 'Nội dung';
   COMMENT ON COLUMN "DEVELOP"."COMMENTS"."PATHFILE" IS 'File đính kèm';
   COMMENT ON COLUMN "DEVELOP"."COMMENTS"."CREATED_BY" IS 'Người tạo';
   COMMENT ON COLUMN "DEVELOP"."COMMENTS"."UPDATED_AT" IS 'Ngày sửa';
   COMMENT ON COLUMN "DEVELOP"."COMMENTS"."UPDATED_BY" IS 'Người sửa';
--------------------------------------------------------
--  DDL for Table CONTRACTS
--------------------------------------------------------

  CREATE TABLE "DEVELOP"."CONTRACTS" 
   (	"CODE" VARCHAR2(500 BYTE), 
	"PACKAGE_ID" NUMBER, 
	"DEVICE_ID" NUMBER(11,0), 
	"BILL_CODE" VARCHAR2(200 BYTE), 
	"BILL_DATE" DATE, 
	"BILL_PRICES" NUMBER(11,0), 
	"DEVELOP_NAME" VARCHAR2(500 BYTE), 
	"PARTNER_ID" NUMBER, 
	"TYPE_COOPERATE" NUMBER(*,0), 
	"STATUS" NUMBER(*,0), 
	"CREATED_AT" TIMESTAMP (6), 
	"CREATED_BY" NUMBER(11,0), 
	"UPDATED_AT" TIMESTAMP (6), 
	"UPDATED_BY" NUMBER(11,0), 
	"ID" NUMBER(11,0) GENERATED ALWAYS AS IDENTITY MINVALUE 1 MAXVALUE 9999999999999999999 INCREMENT BY 1 START WITH 1 CACHE 20 NOORDER  NOCYCLE  NOKEEP  NOSCALE , 
	"IS_DELETED" NUMBER(*,0) DEFAULT 0, 
	"CUSTOMER_ID" NUMBER(11,0), 
	"BUILDINGS_ID" NUMBER(11,0), 
	"START_DATE_PACKAGE" TIMESTAMP (6), 
	"SHOP_CODE" VARCHAR2(500 BYTE), 
	"EMPLOYEE_ID" NUMBER, 
	"ADDRESS_ID" NUMBER, 
	"PACKAGE_TIME_USED" NUMBER, 
	"PACKAGE_TIME_PROMOTION" NUMBER, 
	"PERCENT_SHARE" NUMBER, 
	"CUSTOMER_CODE" VARCHAR2(500 BYTE), 
	"BILL_PRICES_VAT" NUMBER(11,0)
   ) SEGMENT CREATION IMMEDIATE 
  PCTFREE 10 PCTUSED 40 INITRANS 1 MAXTRANS 255 
 NOCOMPRESS LOGGING
  STORAGE(INITIAL 65536 NEXT 1048576 MINEXTENTS 1 MAXEXTENTS 2147483645
  PCTINCREASE 0 FREELISTS 1 FREELIST GROUPS 1
  BUFFER_POOL DEFAULT FLASH_CACHE DEFAULT CELL_FLASH_CACHE DEFAULT)
  TABLESPACE "USERS" ;

   COMMENT ON COLUMN "DEVELOP"."CONTRACTS"."CODE" IS 'Mã hợp đồng';
   COMMENT ON COLUMN "DEVELOP"."CONTRACTS"."PACKAGE_ID" IS 'Gói cước';
   COMMENT ON COLUMN "DEVELOP"."CONTRACTS"."DEVICE_ID" IS 'Thiết bị';
   COMMENT ON COLUMN "DEVELOP"."CONTRACTS"."BILL_CODE" IS 'Mã hóa đơn';
   COMMENT ON COLUMN "DEVELOP"."CONTRACTS"."BILL_DATE" IS 'Ngày hóa đơn';
   COMMENT ON COLUMN "DEVELOP"."CONTRACTS"."BILL_PRICES" IS 'Số tiền';
   COMMENT ON COLUMN "DEVELOP"."CONTRACTS"."DEVELOP_NAME" IS 'Đơn vị phát triển';
   COMMENT ON COLUMN "DEVELOP"."CONTRACTS"."PARTNER_ID" IS 'Đối tác hạ tầng';
   COMMENT ON COLUMN "DEVELOP"."CONTRACTS"."TYPE_COOPERATE" IS 'Loại hình hợp tác';
   COMMENT ON COLUMN "DEVELOP"."CONTRACTS"."STATUS" IS 'Trạng thái';
   COMMENT ON COLUMN "DEVELOP"."CONTRACTS"."CREATED_AT" IS 'Ngày tạo HD';
   COMMENT ON COLUMN "DEVELOP"."CONTRACTS"."CREATED_BY" IS 'Người tạo';
   COMMENT ON COLUMN "DEVELOP"."CONTRACTS"."UPDATED_AT" IS 'Ngày chỉnh sửa';
   COMMENT ON COLUMN "DEVELOP"."CONTRACTS"."UPDATED_BY" IS 'Người chỉnh sửa';
   COMMENT ON COLUMN "DEVELOP"."CONTRACTS"."CUSTOMER_ID" IS 'Khach hang';
   COMMENT ON COLUMN "DEVELOP"."CONTRACTS"."BUILDINGS_ID" IS 'Toa nha';
   COMMENT ON COLUMN "DEVELOP"."CONTRACTS"."START_DATE_PACKAGE" IS 'Ngày bắt đầu gói cước';
   COMMENT ON COLUMN "DEVELOP"."CONTRACTS"."PACKAGE_TIME_USED" IS 'Số tháng sử dụng';
   COMMENT ON COLUMN "DEVELOP"."CONTRACTS"."PACKAGE_TIME_PROMOTION" IS 'Số tháng khuyến mại';
   COMMENT ON COLUMN "DEVELOP"."CONTRACTS"."PERCENT_SHARE" IS 'Tỉ lệ chia sẻ';
   COMMENT ON COLUMN "DEVELOP"."CONTRACTS"."CUSTOMER_CODE" IS 'Mã khách hàng';
--------------------------------------------------------
--  DDL for Table CUSTOMERS
--------------------------------------------------------

  CREATE TABLE "DEVELOP"."CUSTOMERS" 
   (	"ID" NUMBER GENERATED ALWAYS AS IDENTITY MINVALUE 1 MAXVALUE 9999999999999999999999999999 INCREMENT BY 1 START WITH 1 CACHE 20 NOORDER  NOCYCLE  NOKEEP  NOSCALE , 
	"CODE" VARCHAR2(20 BYTE), 
	"FIRSTNAME" VARCHAR2(500 BYTE), 
	"LAST_NAME" VARCHAR2(500 BYTE), 
	"EMAIL" VARCHAR2(500 BYTE), 
	"PHONE" VARCHAR2(20 BYTE), 
	"TYPE" NUMBER(*,0), 
	"CREATED_AT" TIMESTAMP (6), 
	"CCCD" VARCHAR2(20 BYTE), 
	"CREATED_BY" NUMBER(11,0), 
	"UPDATED_AT" TIMESTAMP (6), 
	"UPDATED_BY" NUMBER, 
	"IS_ACTIVE" NUMBER(*,0) DEFAULT 1, 
	"IS_DELETED" NUMBER(*,0) DEFAULT 0, 
	"USERNAME" VARCHAR2(500 BYTE), 
	"CCCD_FRONT" VARCHAR2(2000 BYTE), 
	"CCCD_BACKSIDE" VARCHAR2(2000 BYTE)
   ) SEGMENT CREATION IMMEDIATE 
  PCTFREE 10 PCTUSED 40 INITRANS 1 MAXTRANS 255 
 NOCOMPRESS LOGGING
  STORAGE(INITIAL 65536 NEXT 1048576 MINEXTENTS 1 MAXEXTENTS 2147483645
  PCTINCREASE 0 FREELISTS 1 FREELIST GROUPS 1
  BUFFER_POOL DEFAULT FLASH_CACHE DEFAULT CELL_FLASH_CACHE DEFAULT)
  TABLESPACE "USERS" ;

   COMMENT ON COLUMN "DEVELOP"."CUSTOMERS"."CODE" IS 'Mã khách hàng';
   COMMENT ON COLUMN "DEVELOP"."CUSTOMERS"."FIRSTNAME" IS 'Tên';
   COMMENT ON COLUMN "DEVELOP"."CUSTOMERS"."LAST_NAME" IS 'Họ tên';
   COMMENT ON COLUMN "DEVELOP"."CUSTOMERS"."EMAIL" IS 'Email';
   COMMENT ON COLUMN "DEVELOP"."CUSTOMERS"."PHONE" IS 'Số điện thoại';
   COMMENT ON COLUMN "DEVELOP"."CUSTOMERS"."TYPE" IS 'Loại khách hàng';
   COMMENT ON COLUMN "DEVELOP"."CUSTOMERS"."CREATED_AT" IS 'Ngày tạo';
   COMMENT ON COLUMN "DEVELOP"."CUSTOMERS"."CCCD" IS 'CCCD/Chứng minh thư';
   COMMENT ON COLUMN "DEVELOP"."CUSTOMERS"."CREATED_BY" IS 'Người tạo';
   COMMENT ON COLUMN "DEVELOP"."CUSTOMERS"."UPDATED_AT" IS 'Ngày cập nhật';
   COMMENT ON COLUMN "DEVELOP"."CUSTOMERS"."UPDATED_BY" IS 'Người cập nhật';
   COMMENT ON COLUMN "DEVELOP"."CUSTOMERS"."IS_ACTIVE" IS 'Trạng thái: 1: kích hoạt, 2: vô hiệu hóa';
   COMMENT ON COLUMN "DEVELOP"."CUSTOMERS"."CCCD_FRONT" IS 'ảnh giấy tờ mặt trước';
   COMMENT ON COLUMN "DEVELOP"."CUSTOMERS"."CCCD_BACKSIDE" IS 'ảnh giấy tờ mặt trước';
--------------------------------------------------------
--  DDL for Table CUSTOMER_ADDRESSES
--------------------------------------------------------

  CREATE TABLE "DEVELOP"."CUSTOMER_ADDRESSES" 
   (	"CUSTOMER_ID" NUMBER, 
	"ADDRESS" VARCHAR2(2000 BYTE), 
	"LONGITUDE" VARCHAR2(500 BYTE), 
	"LATITUDE" VARCHAR2(500 BYTE), 
	"CREATED_AT" TIMESTAMP (6), 
	"CREATED_BY" NUMBER, 
	"UPDATED_AT" TIMESTAMP (6), 
	"UPDATED_BY" NUMBER, 
	"IS_DELETED" NUMBER, 
	"ID" NUMBER GENERATED ALWAYS AS IDENTITY MINVALUE 1 MAXVALUE 9999999999999999999999999999 INCREMENT BY 1 START WITH 1 CACHE 20 NOORDER  NOCYCLE  NOKEEP  NOSCALE 
   ) SEGMENT CREATION IMMEDIATE 
  PCTFREE 10 PCTUSED 40 INITRANS 1 MAXTRANS 255 
 NOCOMPRESS LOGGING
  STORAGE(INITIAL 65536 NEXT 1048576 MINEXTENTS 1 MAXEXTENTS 2147483645
  PCTINCREASE 0 FREELISTS 1 FREELIST GROUPS 1
  BUFFER_POOL DEFAULT FLASH_CACHE DEFAULT CELL_FLASH_CACHE DEFAULT)
  TABLESPACE "USERS" ;

   COMMENT ON COLUMN "DEVELOP"."CUSTOMER_ADDRESSES"."CUSTOMER_ID" IS 'id khách hàng';
   COMMENT ON COLUMN "DEVELOP"."CUSTOMER_ADDRESSES"."ADDRESS" IS 'địa chỉ';
   COMMENT ON COLUMN "DEVELOP"."CUSTOMER_ADDRESSES"."LONGITUDE" IS 'kinh độ';
   COMMENT ON COLUMN "DEVELOP"."CUSTOMER_ADDRESSES"."LATITUDE" IS 'vĩ độ';
--------------------------------------------------------
--  DDL for Table DEVICES
--------------------------------------------------------

  CREATE TABLE "DEVELOP"."DEVICES" 
   (	"ID" NUMBER(11,0) GENERATED ALWAYS AS IDENTITY MINVALUE 1 MAXVALUE 9999999999999999999999999999 INCREMENT BY 1 START WITH 1 CACHE 20 NOORDER  NOCYCLE  NOKEEP  NOSCALE , 
	"DEVICE_CODE" VARCHAR2(50 BYTE), 
	"DEVICE_NAME" VARCHAR2(500 BYTE), 
	"SERIAL" VARCHAR2(500 BYTE), 
	"IS_ACTIVE" NUMBER(*,0), 
	"CREATED_AT" TIMESTAMP (6), 
	"CREATED_BY" NUMBER(11,0), 
	"UPDATED_AT" TIMESTAMP (6), 
	"UPDATED_BY" NUMBER(11,0), 
	"IS_DELETED" NUMBER(*,0) DEFAULT 0
   ) SEGMENT CREATION IMMEDIATE 
  PCTFREE 10 PCTUSED 40 INITRANS 1 MAXTRANS 255 
 NOCOMPRESS LOGGING
  STORAGE(INITIAL 65536 NEXT 1048576 MINEXTENTS 1 MAXEXTENTS 2147483645
  PCTINCREASE 0 FREELISTS 1 FREELIST GROUPS 1
  BUFFER_POOL DEFAULT FLASH_CACHE DEFAULT CELL_FLASH_CACHE DEFAULT)
  TABLESPACE "USERS" ;

   COMMENT ON COLUMN "DEVELOP"."DEVICES"."DEVICE_CODE" IS 'Mã thiết bị';
   COMMENT ON COLUMN "DEVELOP"."DEVICES"."DEVICE_NAME" IS 'Tên thiết bị';
   COMMENT ON COLUMN "DEVELOP"."DEVICES"."SERIAL" IS 'Serial';
   COMMENT ON COLUMN "DEVELOP"."DEVICES"."IS_ACTIVE" IS 'Trạng thái:
1: Kích hoạt
2: Vô hiệu hóa';
   COMMENT ON COLUMN "DEVELOP"."DEVICES"."CREATED_AT" IS 'Ngày tạo';
   COMMENT ON COLUMN "DEVELOP"."DEVICES"."CREATED_BY" IS 'Người tạo';
   COMMENT ON COLUMN "DEVELOP"."DEVICES"."UPDATED_AT" IS 'Ngày chỉnh sửa';
   COMMENT ON COLUMN "DEVELOP"."DEVICES"."UPDATED_BY" IS 'Người chỉnh sửa';
--------------------------------------------------------
--  DDL for Table HISTORY_ACTION
--------------------------------------------------------

  CREATE TABLE "DEVELOP"."HISTORY_ACTION" 
   (	"ID" NUMBER(11,0), 
	"USERID" NUMBER(11,0), 
	"TYPE" NUMBER(*,0), 
	"CREATED_AT" DATE, 
	"ACTION" NUMBER(*,0), 
	"ID_REF" NUMBER, 
	"OLD_VALUE" VARCHAR2(4000 BYTE), 
	"NEW_VALUE" VARCHAR2(4000 BYTE), 
	"DESCRIPTION" VARCHAR2(4000 BYTE)
   ) SEGMENT CREATION DEFERRED 
  PCTFREE 10 PCTUSED 40 INITRANS 1 MAXTRANS 255 
 NOCOMPRESS LOGGING
  TABLESPACE "USERS" ;

   COMMENT ON COLUMN "DEVELOP"."HISTORY_ACTION"."USERID" IS 'Người dùng';
   COMMENT ON COLUMN "DEVELOP"."HISTORY_ACTION"."TYPE" IS 'Loại thao tác';
   COMMENT ON COLUMN "DEVELOP"."HISTORY_ACTION"."CREATED_AT" IS 'Ngày thao tác';
   COMMENT ON COLUMN "DEVELOP"."HISTORY_ACTION"."ACTION" IS 'Thao tác';
   COMMENT ON COLUMN "DEVELOP"."HISTORY_ACTION"."ID_REF" IS 'THam chiếu';
   COMMENT ON COLUMN "DEVELOP"."HISTORY_ACTION"."OLD_VALUE" IS 'Giá trị cũ';
   COMMENT ON COLUMN "DEVELOP"."HISTORY_ACTION"."NEW_VALUE" IS 'Giá trị mới';
   COMMENT ON COLUMN "DEVELOP"."HISTORY_ACTION"."DESCRIPTION" IS 'Mô tả';
--------------------------------------------------------
--  DDL for Table JOBS
--------------------------------------------------------

  CREATE TABLE "DEVELOP"."JOBS" 
   (	"ID" NUMBER(11,0) GENERATED ALWAYS AS IDENTITY MINVALUE 1 MAXVALUE 9999999999999999999999999999 INCREMENT BY 1 START WITH 1 CACHE 20 NOORDER  NOCYCLE  NOKEEP  NOSCALE , 
	"JOB_CODE" VARCHAR2(500 BYTE), 
	"JOB_TYPE" NUMBER, 
	"DESCRIPTIONS" VARCHAR2(4000 BYTE), 
	"BUILDING_ID" NUMBER(11,0), 
	"CUSTOMER_ID" NUMBER, 
	"CREATED_AT" TIMESTAMP (6), 
	"CREATED_BY" NUMBER(11,0), 
	"UPDATED_AT" TIMESTAMP (6), 
	"UPDATED_BY" NUMBER(11,0), 
	"STATUS" NUMBER(1,0) DEFAULT 1, 
	"IS_DELETED" NUMBER(1,0) DEFAULT 0, 
	"REASON" NUMBER, 
	"CONTRACT_ID" NUMBER, 
	"PARTNER_ID" NUMBER, 
	"ADDRESS_ID" NUMBER
   ) SEGMENT CREATION IMMEDIATE 
  PCTFREE 10 PCTUSED 40 INITRANS 1 MAXTRANS 255 
 NOCOMPRESS LOGGING
  STORAGE(INITIAL 65536 NEXT 1048576 MINEXTENTS 1 MAXEXTENTS 2147483645
  PCTINCREASE 0 FREELISTS 1 FREELIST GROUPS 1
  BUFFER_POOL DEFAULT FLASH_CACHE DEFAULT CELL_FLASH_CACHE DEFAULT)
  TABLESPACE "USERS" ;

   COMMENT ON COLUMN "DEVELOP"."JOBS"."JOB_TYPE" IS 'loại công việc';
   COMMENT ON COLUMN "DEVELOP"."JOBS"."STATUS" IS 'Trạng thái công công việc: 
1: Kích hoạt
2: vô hiệu hóa';
   COMMENT ON COLUMN "DEVELOP"."JOBS"."REASON" IS 'Lý do, id trong bảng ';
   COMMENT ON COLUMN "DEVELOP"."JOBS"."PARTNER_ID" IS 'Đối tác';
--------------------------------------------------------
--  DDL for Table JOB_EMPLOYEES
--------------------------------------------------------

  CREATE TABLE "DEVELOP"."JOB_EMPLOYEES" 
   (	"USER_ID" NUMBER(11,0), 
	"JOB_ID" NUMBER(11,0), 
	"ID" NUMBER(11,0) GENERATED ALWAYS AS IDENTITY MINVALUE 1 MAXVALUE 9999999999999999999 INCREMENT BY 1 START WITH 1 CACHE 20 NOORDER  NOCYCLE  NOKEEP  NOSCALE , 
	"STATUS" NUMBER
   ) SEGMENT CREATION IMMEDIATE 
  PCTFREE 10 PCTUSED 40 INITRANS 1 MAXTRANS 255 
 NOCOMPRESS LOGGING
  STORAGE(INITIAL 65536 NEXT 1048576 MINEXTENTS 1 MAXEXTENTS 2147483645
  PCTINCREASE 0 FREELISTS 1 FREELIST GROUPS 1
  BUFFER_POOL DEFAULT FLASH_CACHE DEFAULT CELL_FLASH_CACHE DEFAULT)
  TABLESPACE "USERS" ;

   COMMENT ON COLUMN "DEVELOP"."JOB_EMPLOYEES"."USER_ID" IS 'Nhân viên thực hiện';
   COMMENT ON COLUMN "DEVELOP"."JOB_EMPLOYEES"."JOB_ID" IS 'Công việc phải thực hiện';
   COMMENT ON COLUMN "DEVELOP"."JOB_EMPLOYEES"."STATUS" IS '1. Đã làm việc, 2: từ chối nhận việc, 3: từ bỏ công việc khi đã nhận';
--------------------------------------------------------
--  DDL for Table JOB_PROCCESS
--------------------------------------------------------

  CREATE TABLE "DEVELOP"."JOB_PROCCESS" 
   (	"ID" NUMBER GENERATED ALWAYS AS IDENTITY MINVALUE 1 MAXVALUE 9999999999999999999999999999 INCREMENT BY 1 START WITH 1 CACHE 20 NOORDER  NOCYCLE  NOKEEP  NOSCALE , 
	"JOB_ID" NUMBER(11,0), 
	"CREATED_BY" NUMBER(11,0), 
	"CREATED_AT" TIMESTAMP (6), 
	"ACTION" VARCHAR2(4000 BYTE), 
	"NOTE" VARCHAR2(4000 BYTE)
   ) SEGMENT CREATION IMMEDIATE 
  PCTFREE 10 PCTUSED 40 INITRANS 1 MAXTRANS 255 
 NOCOMPRESS LOGGING
  STORAGE(INITIAL 65536 NEXT 1048576 MINEXTENTS 1 MAXEXTENTS 2147483645
  PCTINCREASE 0 FREELISTS 1 FREELIST GROUPS 1
  BUFFER_POOL DEFAULT FLASH_CACHE DEFAULT CELL_FLASH_CACHE DEFAULT)
  TABLESPACE "USERS" ;
--------------------------------------------------------
--  DDL for Table MODULES
--------------------------------------------------------

  CREATE TABLE "DEVELOP"."MODULES" 
   (	"ID" NUMBER GENERATED ALWAYS AS IDENTITY MINVALUE 1 MAXVALUE 9999999999999999999999999999 INCREMENT BY 1 START WITH 1 CACHE 20 NOORDER  NOCYCLE  NOKEEP  NOSCALE , 
	"MODULE_NAME" VARCHAR2(200 BYTE), 
	"CREATED_DATE" DATE, 
	"MODULE_DISPLAY" VARCHAR2(500 BYTE)
   ) SEGMENT CREATION IMMEDIATE 
  PCTFREE 10 PCTUSED 40 INITRANS 1 MAXTRANS 255 
 NOCOMPRESS LOGGING
  STORAGE(INITIAL 65536 NEXT 1048576 MINEXTENTS 1 MAXEXTENTS 2147483645
  PCTINCREASE 0 FREELISTS 1 FREELIST GROUPS 1
  BUFFER_POOL DEFAULT FLASH_CACHE DEFAULT CELL_FLASH_CACHE DEFAULT)
  TABLESPACE "USERS" ;

   COMMENT ON COLUMN "DEVELOP"."MODULES"."MODULE_NAME" IS 'Tên chức năng';
--------------------------------------------------------
--  DDL for Table PACKAGES
--------------------------------------------------------

  CREATE TABLE "DEVELOP"."PACKAGES" 
   (	"ID" NUMBER GENERATED ALWAYS AS IDENTITY MINVALUE 1 MAXVALUE 9999999999999999999999999999 INCREMENT BY 1 START WITH 1 CACHE 20 NOORDER  NOCYCLE  NOKEEP  NOSCALE , 
	"PACKAGE_CODE" VARCHAR2(200 BYTE), 
	"PACKAGE_NAME" VARCHAR2(500 BYTE), 
	"PRICES" NUMBER(11,0), 
	"PRICES_VAT" NUMBER(11,0), 
	"TIME_USED" NUMBER(*,0), 
	"PROMOTION_TIME" NUMBER(*,0), 
	"DECISION" VARCHAR2(500 BYTE), 
	"IS_ACTIVE" NUMBER(*,0), 
	"CREATED_AT" TIMESTAMP (6), 
	"CREATED_BY" NUMBER(11,0), 
	"UPDATED_BY" NUMBER(11,0), 
	"UPDATED_AT" TIMESTAMP (6), 
	"IS_DELETED" NUMBER(1,0) DEFAULT 0
   ) SEGMENT CREATION IMMEDIATE 
  PCTFREE 10 PCTUSED 40 INITRANS 1 MAXTRANS 255 
 NOCOMPRESS LOGGING
  STORAGE(INITIAL 65536 NEXT 1048576 MINEXTENTS 1 MAXEXTENTS 2147483645
  PCTINCREASE 0 FREELISTS 1 FREELIST GROUPS 1
  BUFFER_POOL DEFAULT FLASH_CACHE DEFAULT CELL_FLASH_CACHE DEFAULT)
  TABLESPACE "USERS" ;

   COMMENT ON COLUMN "DEVELOP"."PACKAGES"."PACKAGE_CODE" IS 'Mã gói cước *';
   COMMENT ON COLUMN "DEVELOP"."PACKAGES"."PACKAGE_NAME" IS 'Tên gói cước  *';
   COMMENT ON COLUMN "DEVELOP"."PACKAGES"."PRICES" IS 'Giá gói cước *';
   COMMENT ON COLUMN "DEVELOP"."PACKAGES"."PRICES_VAT" IS 'Giá sau thuế *';
   COMMENT ON COLUMN "DEVELOP"."PACKAGES"."TIME_USED" IS 'Thời gian sử dụng (số tháng) *';
   COMMENT ON COLUMN "DEVELOP"."PACKAGES"."PROMOTION_TIME" IS 'Khuyến mại';
   COMMENT ON COLUMN "DEVELOP"."PACKAGES"."DECISION" IS 'Quyết định số';
   COMMENT ON COLUMN "DEVELOP"."PACKAGES"."IS_ACTIVE" IS 'Trạng thái *';
   COMMENT ON COLUMN "DEVELOP"."PACKAGES"."CREATED_AT" IS 'Ngày tạo';
   COMMENT ON COLUMN "DEVELOP"."PACKAGES"."CREATED_BY" IS 'Người tạo';
   COMMENT ON COLUMN "DEVELOP"."PACKAGES"."UPDATED_BY" IS 'Người sửa';
   COMMENT ON COLUMN "DEVELOP"."PACKAGES"."UPDATED_AT" IS 'Ngày sửa';
--------------------------------------------------------
--  DDL for Table PACKAGE_DETAIL
--------------------------------------------------------

  CREATE TABLE "DEVELOP"."PACKAGE_DETAIL" 
   (	"PACKAGE_ID" NUMBER, 
	"START_DATE" TIMESTAMP (6), 
	"END_DATE" TIMESTAMP (6), 
	"PRICE" NUMBER, 
	"PRICE_VAT" NUMBER, 
	"DECISION_NUMBER" VARCHAR2(20 BYTE), 
	"ID" NUMBER(15,0) GENERATED ALWAYS AS IDENTITY MINVALUE 1 MAXVALUE 9999999999999 INCREMENT BY 1 START WITH 1 CACHE 20 NOORDER  NOCYCLE  NOKEEP  NOSCALE , 
	"IS_DELETED" NUMBER
   ) SEGMENT CREATION IMMEDIATE 
  PCTFREE 10 PCTUSED 40 INITRANS 1 MAXTRANS 255 
 NOCOMPRESS LOGGING
  STORAGE(INITIAL 65536 NEXT 1048576 MINEXTENTS 1 MAXEXTENTS 2147483645
  PCTINCREASE 0 FREELISTS 1 FREELIST GROUPS 1
  BUFFER_POOL DEFAULT FLASH_CACHE DEFAULT CELL_FLASH_CACHE DEFAULT)
  TABLESPACE "USERS" ;
--------------------------------------------------------
--  DDL for Table PARTNERS
--------------------------------------------------------

  CREATE TABLE "DEVELOP"."PARTNERS" 
   (	"ID" NUMBER(11,0) GENERATED ALWAYS AS IDENTITY MINVALUE 1 MAXVALUE 9999999999999999999999999999 INCREMENT BY 1 START WITH 1 CACHE 20 NOORDER  NOCYCLE  NOKEEP  NOSCALE , 
	"PARTNER_NAME" VARCHAR2(500 BYTE), 
	"EMAIL" VARCHAR2(500 BYTE), 
	"PHONE" VARCHAR2(20 BYTE), 
	"ADDRESS" VARCHAR2(2000 BYTE), 
	"TYPE" NUMBER(*,0), 
	"IS_ACTIVE" NUMBER(*,0), 
	"CREATED_AT" TIMESTAMP (6), 
	"PARTNER_CODE" VARCHAR2(50 BYTE), 
	"CREATED_BY" NUMBER(*,0), 
	"UPDATED_AT" TIMESTAMP (6), 
	"UPDATED_BY" NUMBER(11,0), 
	"BUSINESS_LICENSE" VARCHAR2(500 BYTE), 
	"NUMBER_BANK" VARCHAR2(50 BYTE), 
	"BANK_NAME" VARCHAR2(500 BYTE), 
	"CONTACT_NAME" VARCHAR2(500 BYTE), 
	"CONTACT_PHONE" VARCHAR2(20 BYTE), 
	"COOPERATE" NUMBER(*,0), 
	"IS_DELETED" NUMBER(1,0) DEFAULT 0
   ) SEGMENT CREATION IMMEDIATE 
  PCTFREE 10 PCTUSED 40 INITRANS 1 MAXTRANS 255 
 NOCOMPRESS LOGGING
  STORAGE(INITIAL 65536 NEXT 1048576 MINEXTENTS 1 MAXEXTENTS 2147483645
  PCTINCREASE 0 FREELISTS 1 FREELIST GROUPS 1
  BUFFER_POOL DEFAULT FLASH_CACHE DEFAULT CELL_FLASH_CACHE DEFAULT)
  TABLESPACE "USERS" ;

   COMMENT ON COLUMN "DEVELOP"."PARTNERS"."PARTNER_NAME" IS 'Tên đối tác';
   COMMENT ON COLUMN "DEVELOP"."PARTNERS"."EMAIL" IS 'Email';
   COMMENT ON COLUMN "DEVELOP"."PARTNERS"."PHONE" IS 'Số điện thoại';
   COMMENT ON COLUMN "DEVELOP"."PARTNERS"."ADDRESS" IS 'Địa chỉ';
   COMMENT ON COLUMN "DEVELOP"."PARTNERS"."TYPE" IS 'Loại đối tác';
   COMMENT ON COLUMN "DEVELOP"."PARTNERS"."IS_ACTIVE" IS 'Trạng thái';
   COMMENT ON COLUMN "DEVELOP"."PARTNERS"."CREATED_AT" IS 'Ngày tạo';
   COMMENT ON COLUMN "DEVELOP"."PARTNERS"."PARTNER_CODE" IS 'Mã đối tác';
   COMMENT ON COLUMN "DEVELOP"."PARTNERS"."CREATED_BY" IS 'Người tạo';
   COMMENT ON COLUMN "DEVELOP"."PARTNERS"."UPDATED_AT" IS 'Ngày cập nhật';
   COMMENT ON COLUMN "DEVELOP"."PARTNERS"."UPDATED_BY" IS 'Người cập nhật';
   COMMENT ON COLUMN "DEVELOP"."PARTNERS"."BUSINESS_LICENSE" IS 'Giấy phép kinh doanh';
   COMMENT ON COLUMN "DEVELOP"."PARTNERS"."NUMBER_BANK" IS 'Số tài khoản';
   COMMENT ON COLUMN "DEVELOP"."PARTNERS"."BANK_NAME" IS 'Ngân hàng';
   COMMENT ON COLUMN "DEVELOP"."PARTNERS"."CONTACT_NAME" IS 'Đầu mối';
   COMMENT ON COLUMN "DEVELOP"."PARTNERS"."CONTACT_PHONE" IS 'Số điện thoại đâầu mối';
   COMMENT ON COLUMN "DEVELOP"."PARTNERS"."COOPERATE" IS 'Loại hình hợp tác';
--------------------------------------------------------
--  DDL for Table QUEUE_MAIL
--------------------------------------------------------

  CREATE TABLE "DEVELOP"."QUEUE_MAIL" 
   (	"CONTENT" VARCHAR2(2000 BYTE), 
	"SEND_AT" TIMESTAMP (6), 
	"ID" NUMBER GENERATED ALWAYS AS IDENTITY MINVALUE 1 MAXVALUE 99999999999999999 INCREMENT BY 1 START WITH 1 CACHE 20 NOORDER  NOCYCLE  NOKEEP  NOSCALE , 
	"IS_SEND" NUMBER, 
	"EMAIL" VARCHAR2(200 BYTE), 
	"TITLE" VARCHAR2(200 BYTE)
   ) SEGMENT CREATION IMMEDIATE 
  PCTFREE 10 PCTUSED 40 INITRANS 1 MAXTRANS 255 
 NOCOMPRESS LOGGING
  STORAGE(INITIAL 65536 NEXT 1048576 MINEXTENTS 1 MAXEXTENTS 2147483645
  PCTINCREASE 0 FREELISTS 1 FREELIST GROUPS 1
  BUFFER_POOL DEFAULT FLASH_CACHE DEFAULT CELL_FLASH_CACHE DEFAULT)
  TABLESPACE "USERS" ;
--------------------------------------------------------
--  DDL for Table ROLES
--------------------------------------------------------

  CREATE TABLE "DEVELOP"."ROLES" 
   (	"ID" NUMBER(11,0) GENERATED ALWAYS AS IDENTITY MINVALUE 1 MAXVALUE 9999999999999999999999999999 INCREMENT BY 1 START WITH 1 CACHE 20 NOORDER  NOCYCLE  NOKEEP  NOSCALE , 
	"ROLE_GROUP_ID" NUMBER(11,0), 
	"MODULE_ID" NUMBER(11,0), 
	"ROLE_ADD" NUMBER(*,0), 
	"ROLE_EDIT" NUMBER(*,0), 
	"ROLE_DELETE" NUMBER(*,0), 
	"ROLE_VIEW" NUMBER(*,0), 
	"ROLE_IMPORT" NUMBER(*,0), 
	"ROLE_EXPORT" NUMBER(*,0), 
	"ROLE_REPORT" NUMBER(*,0), 
	"UPDATED_AT" DATE
   ) SEGMENT CREATION IMMEDIATE 
  PCTFREE 10 PCTUSED 40 INITRANS 1 MAXTRANS 255 
 NOCOMPRESS LOGGING
  STORAGE(INITIAL 65536 NEXT 1048576 MINEXTENTS 1 MAXEXTENTS 2147483645
  PCTINCREASE 0 FREELISTS 1 FREELIST GROUPS 1
  BUFFER_POOL DEFAULT FLASH_CACHE DEFAULT CELL_FLASH_CACHE DEFAULT)
  TABLESPACE "USERS" ;

   COMMENT ON COLUMN "DEVELOP"."ROLES"."ROLE_GROUP_ID" IS 'Mã nhóm quyền';
   COMMENT ON COLUMN "DEVELOP"."ROLES"."MODULE_ID" IS 'Mã chức năng';
   COMMENT ON COLUMN "DEVELOP"."ROLES"."ROLE_ADD" IS 'Thêm';
   COMMENT ON COLUMN "DEVELOP"."ROLES"."ROLE_EDIT" IS 'Sửa';
   COMMENT ON COLUMN "DEVELOP"."ROLES"."ROLE_DELETE" IS 'Xóa';
   COMMENT ON COLUMN "DEVELOP"."ROLES"."ROLE_VIEW" IS 'Xem';
   COMMENT ON COLUMN "DEVELOP"."ROLES"."ROLE_IMPORT" IS 'Import';
   COMMENT ON COLUMN "DEVELOP"."ROLES"."ROLE_EXPORT" IS 'Export';
   COMMENT ON COLUMN "DEVELOP"."ROLES"."ROLE_REPORT" IS 'Báo cáo';
--------------------------------------------------------
--  DDL for Table ROLE_GROUPS
--------------------------------------------------------

  CREATE TABLE "DEVELOP"."ROLE_GROUPS" 
   (	"ID" NUMBER(11,0) GENERATED ALWAYS AS IDENTITY MINVALUE 1 MAXVALUE 9999999999999999999999999999 INCREMENT BY 1 START WITH 1 CACHE 20 NOORDER  NOCYCLE  NOKEEP  NOSCALE , 
	"ROLE_NAME" VARCHAR2(200 BYTE), 
	"UPDATED_AT" DATE
   ) SEGMENT CREATION IMMEDIATE 
  PCTFREE 10 PCTUSED 40 INITRANS 1 MAXTRANS 255 
 NOCOMPRESS LOGGING
  STORAGE(INITIAL 65536 NEXT 1048576 MINEXTENTS 1 MAXEXTENTS 2147483645
  PCTINCREASE 0 FREELISTS 1 FREELIST GROUPS 1
  BUFFER_POOL DEFAULT FLASH_CACHE DEFAULT CELL_FLASH_CACHE DEFAULT)
  TABLESPACE "USERS" ;

   COMMENT ON COLUMN "DEVELOP"."ROLE_GROUPS"."ROLE_NAME" IS 'Tên nhóm quyền';
   COMMENT ON COLUMN "DEVELOP"."ROLE_GROUPS"."UPDATED_AT" IS 'Ngày tạo';
--------------------------------------------------------
--  DDL for Table SETTINGS
--------------------------------------------------------

  CREATE TABLE "DEVELOP"."SETTINGS" 
   (	"ID" NUMBER GENERATED ALWAYS AS IDENTITY MINVALUE 1 MAXVALUE 9999999999999999999999999999 INCREMENT BY 1 START WITH 1 CACHE 20 NOORDER  NOCYCLE  NOKEEP  NOSCALE , 
	"KEY_SETTING" VARCHAR2(200 BYTE), 
	"KEY_DISPLAY" VARCHAR2(500 BYTE), 
	"VALUE_SETTING" VARCHAR2(4000 BYTE), 
	"TYPE" NUMBER(*,0), 
	"OBJ_ID" NUMBER
   ) SEGMENT CREATION IMMEDIATE 
  PCTFREE 10 PCTUSED 40 INITRANS 1 MAXTRANS 255 
 NOCOMPRESS LOGGING
  STORAGE(INITIAL 65536 NEXT 1048576 MINEXTENTS 1 MAXEXTENTS 2147483645
  PCTINCREASE 0 FREELISTS 1 FREELIST GROUPS 1
  BUFFER_POOL DEFAULT FLASH_CACHE DEFAULT CELL_FLASH_CACHE DEFAULT)
  TABLESPACE "USERS" ;
--------------------------------------------------------
--  DDL for Table SMS_QUEUE
--------------------------------------------------------

  CREATE TABLE "DEVELOP"."SMS_QUEUE" 
   (	"ID" NUMBER(11,0) GENERATED ALWAYS AS IDENTITY MINVALUE 1 MAXVALUE 9999999999999999999999999999 INCREMENT BY 1 START WITH 1 CACHE 20 NOORDER  NOCYCLE  NOKEEP  NOSCALE , 
	"PHONE" VARCHAR2(20 BYTE), 
	"RECEIVE_NAME" VARCHAR2(500 BYTE), 
	"CONTENT" VARCHAR2(2000 BYTE), 
	"IS_SEND" NUMBER, 
	"SEND_AT" TIMESTAMP (6)
   ) SEGMENT CREATION IMMEDIATE 
  PCTFREE 10 PCTUSED 40 INITRANS 1 MAXTRANS 255 
 NOCOMPRESS LOGGING
  STORAGE(INITIAL 65536 NEXT 1048576 MINEXTENTS 1 MAXEXTENTS 2147483645
  PCTINCREASE 0 FREELISTS 1 FREELIST GROUPS 1
  BUFFER_POOL DEFAULT FLASH_CACHE DEFAULT CELL_FLASH_CACHE DEFAULT)
  TABLESPACE "USERS" ;
--------------------------------------------------------
--  DDL for Table USERS
--------------------------------------------------------

  CREATE TABLE "DEVELOP"."USERS" 
   (	"ID" NUMBER(11,0) GENERATED ALWAYS AS IDENTITY MINVALUE 1 MAXVALUE 9999999999999999999999999999 INCREMENT BY 1 START WITH 1 CACHE 20 NOORDER  NOCYCLE  NOKEEP  NOSCALE , 
	"USERNAME" VARCHAR2(200 BYTE), 
	"PASSWORD" VARCHAR2(200 BYTE), 
	"FIRSTNAME" VARCHAR2(200 BYTE), 
	"LASTNAME" VARCHAR2(200 BYTE), 
	"ADDRESS" VARCHAR2(200 BYTE), 
	"EMAIL" VARCHAR2(500 BYTE), 
	"PHONE" VARCHAR2(200 BYTE), 
	"CREATED_DATE" DATE, 
	"ROLE_GROUP_ID" NUMBER(11,0), 
	"IS_ACTIVE" NUMBER(*,0), 
	"IS_DELETED" NUMBER(*,0) DEFAULT 0, 
	"REAL_MANAGE_UNIT" NUMBER
   ) SEGMENT CREATION IMMEDIATE 
  PCTFREE 10 PCTUSED 40 INITRANS 1 MAXTRANS 255 
 NOCOMPRESS LOGGING
  STORAGE(INITIAL 65536 NEXT 1048576 MINEXTENTS 1 MAXEXTENTS 2147483645
  PCTINCREASE 0 FREELISTS 1 FREELIST GROUPS 1
  BUFFER_POOL DEFAULT FLASH_CACHE DEFAULT CELL_FLASH_CACHE DEFAULT)
  TABLESPACE "USERS" ;

   COMMENT ON COLUMN "DEVELOP"."USERS"."USERNAME" IS 'Tài khoản';
   COMMENT ON COLUMN "DEVELOP"."USERS"."IS_ACTIVE" IS '1: kích hoạt, 
2: Vô hiệu hóa';
   COMMENT ON COLUMN "DEVELOP"."USERS"."REAL_MANAGE_UNIT" IS '1: Công ty kinh doanh, 2: trung tâm quản lý, 3: đại lý';
REM INSERTING into DEVELOP.BUILDINGS
SET DEFINE OFF;
Insert into DEVELOP.BUILDINGS (ID,BUILDING_CODE,BUILDING_NAME,BUILDING_COMPANY,ADDRESS,LATITUDE,LONGITUDE,IS_ACTIVE,CREATED_AT,CREATED_BY,UPDATED_AT,UPDATED_BY,PERCENT_SHARE,CONTACT_NAME,CONTACT_PHONE,COOPERATE_TYPE,IS_DELETED,PARTNER_ID) values (61,'MTN01','E-Soft','Nguyễn Thu Hoài','30 Đặng Thuỳ Trâm','21.0444006','105.7824348',1,to_timestamp('14-JUN-23 11.06.15.000000000 AM','DD-MON-RR HH.MI.SSXFF AM'),1,to_timestamp('21-JUN-23 04.02.40.000000000 AM','DD-MON-RR HH.MI.SSXFF AM'),123,30,'Minh','0971234560','1',0,181);
Insert into DEVELOP.BUILDINGS (ID,BUILDING_CODE,BUILDING_NAME,BUILDING_COMPANY,ADDRESS,LATITUDE,LONGITUDE,IS_ACTIVE,CREATED_AT,CREATED_BY,UPDATED_AT,UPDATED_BY,PERCENT_SHARE,CONTACT_NAME,CONTACT_PHONE,COOPERATE_TYPE,IS_DELETED,PARTNER_ID) values (62,'MTN10','Cầu giấy','Nguyễn Thu Hoài','Cầu giấy','21.0287179','105.7703143',1,to_timestamp('14-JUN-23 11.08.23.000000000 AM','DD-MON-RR HH.MI.SSXFF AM'),1,to_timestamp('21-JUN-23 03.05.44.000000000 AM','DD-MON-RR HH.MI.SSXFF AM'),123,30,'Linh','0971234562','1',0,181);
Insert into DEVELOP.BUILDINGS (ID,BUILDING_CODE,BUILDING_NAME,BUILDING_COMPANY,ADDRESS,LATITUDE,LONGITUDE,IS_ACTIVE,CREATED_AT,CREATED_BY,UPDATED_AT,UPDATED_BY,PERCENT_SHARE,CONTACT_NAME,CONTACT_PHONE,COOPERATE_TYPE,IS_DELETED,PARTNER_ID) values (63,'MTN12','Toà M1','Nguyễn Thu Hoài','30 Đặng Thuỳ Trâm','21.044','105.785',1,to_timestamp('14-JUN-23 11.36.50.000000000 AM','DD-MON-RR HH.MI.SSXFF AM'),1,null,null,30,'Toà M1','0971234564','2',1,181);
Insert into DEVELOP.BUILDINGS (ID,BUILDING_CODE,BUILDING_NAME,BUILDING_COMPANY,ADDRESS,LATITUDE,LONGITUDE,IS_ACTIVE,CREATED_AT,CREATED_BY,UPDATED_AT,UPDATED_BY,PERCENT_SHARE,CONTACT_NAME,CONTACT_PHONE,COOPERATE_TYPE,IS_DELETED,PARTNER_ID) values (64,'MTN12','Toà M1','Nguyễn Thu Hoài','30 Đặng Thuỳ Trâm','21.044','105.785',1,to_timestamp('14-JUN-23 11.40.13.000000000 AM','DD-MON-RR HH.MI.SSXFF AM'),1,null,null,30,'Toà M1','0971234564','2',1,181);
Insert into DEVELOP.BUILDINGS (ID,BUILDING_CODE,BUILDING_NAME,BUILDING_COMPANY,ADDRESS,LATITUDE,LONGITUDE,IS_ACTIVE,CREATED_AT,CREATED_BY,UPDATED_AT,UPDATED_BY,PERCENT_SHARE,CONTACT_NAME,CONTACT_PHONE,COOPERATE_TYPE,IS_DELETED,PARTNER_ID) values (65,'MTN14','Vincom bà triệu','Nguyễn Thu Hoài','bà triệu','21.0111503','105.8493893',2,to_timestamp('14-JUN-23 11.43.00.000000000 AM','DD-MON-RR HH.MI.SSXFF AM'),1,to_timestamp('21-JUN-23 03.05.11.000000000 AM','DD-MON-RR HH.MI.SSXFF AM'),123,30,'Ngọc Diệp','0971234577','2',0,181);
Insert into DEVELOP.BUILDINGS (ID,BUILDING_CODE,BUILDING_NAME,BUILDING_COMPANY,ADDRESS,LATITUDE,LONGITUDE,IS_ACTIVE,CREATED_AT,CREATED_BY,UPDATED_AT,UPDATED_BY,PERCENT_SHARE,CONTACT_NAME,CONTACT_PHONE,COOPERATE_TYPE,IS_DELETED,PARTNER_ID) values (69,'MTN20','Toà M12','Bùi Ngọc Diệp','40 VCC','21.044','105.785',1,to_timestamp('15-JUN-23 01.10.40.000000000 AM','DD-MON-RR HH.MI.SSXFF AM'),61,null,null,30,'Hiệp','0971234573','2',1,201);
Insert into DEVELOP.BUILDINGS (ID,BUILDING_CODE,BUILDING_NAME,BUILDING_COMPANY,ADDRESS,LATITUDE,LONGITUDE,IS_ACTIVE,CREATED_AT,CREATED_BY,UPDATED_AT,UPDATED_BY,PERCENT_SHARE,CONTACT_NAME,CONTACT_PHONE,COOPERATE_TYPE,IS_DELETED,PARTNER_ID) values (70,'MTN17','Metropole',null,'Ngô Quyền','21.0254175','105.8538001',1,to_timestamp('15-JUN-23 01.10.40.000000000 AM','DD-MON-RR HH.MI.SSXFF AM'),61,to_timestamp('21-JUN-23 03.04.05.000000000 AM','DD-MON-RR HH.MI.SSXFF AM'),123,50,'Hiệp','0971234573','3',0,206);
Insert into DEVELOP.BUILDINGS (ID,BUILDING_CODE,BUILDING_NAME,BUILDING_COMPANY,ADDRESS,LATITUDE,LONGITUDE,IS_ACTIVE,CREATED_AT,CREATED_BY,UPDATED_AT,UPDATED_BY,PERCENT_SHARE,CONTACT_NAME,CONTACT_PHONE,COOPERATE_TYPE,IS_DELETED,PARTNER_ID) values (81,'MTN21','Toà M1','Nguyễn Thu Hoài','30 Đặng Thuỳ Trâm','21.044','105.785',1,to_timestamp('19-JUN-23 11.29.12.000000000 AM','DD-MON-RR HH.MI.SSXFF AM'),123,null,null,10,'Toà M1','0987654323','1',1,181);
Insert into DEVELOP.BUILDINGS (ID,BUILDING_CODE,BUILDING_NAME,BUILDING_COMPANY,ADDRESS,LATITUDE,LONGITUDE,IS_ACTIVE,CREATED_AT,CREATED_BY,UPDATED_AT,UPDATED_BY,PERCENT_SHARE,CONTACT_NAME,CONTACT_PHONE,COOPERATE_TYPE,IS_DELETED,PARTNER_ID) values (82,'MTN22','Toà M1','Nguyễn Thu Hoài','30 Đặng Thuỳ Trâm','21.044','105.785',1,to_timestamp('19-JUN-23 11.29.12.000000000 AM','DD-MON-RR HH.MI.SSXFF AM'),123,null,null,50,'Toà M1','0987654322','2',1,206);
Insert into DEVELOP.BUILDINGS (ID,BUILDING_CODE,BUILDING_NAME,BUILDING_COMPANY,ADDRESS,LATITUDE,LONGITUDE,IS_ACTIVE,CREATED_AT,CREATED_BY,UPDATED_AT,UPDATED_BY,PERCENT_SHARE,CONTACT_NAME,CONTACT_PHONE,COOPERATE_TYPE,IS_DELETED,PARTNER_ID) values (83,'MTN23','Toà M1','Nguyễn Thu Hoài','30 Đặng Thuỳ Trâm','21.044','105.785',1,to_timestamp('19-JUN-23 11.29.12.000000000 AM','DD-MON-RR HH.MI.SSXFF AM'),123,null,null,10,'Toà M1','0987654321','1',1,206);
Insert into DEVELOP.BUILDINGS (ID,BUILDING_CODE,BUILDING_NAME,BUILDING_COMPANY,ADDRESS,LATITUDE,LONGITUDE,IS_ACTIVE,CREATED_AT,CREATED_BY,UPDATED_AT,UPDATED_BY,PERCENT_SHARE,CONTACT_NAME,CONTACT_PHONE,COOPERATE_TYPE,IS_DELETED,PARTNER_ID) values (141,'P909','Tràng Tiền Plaza',null,'24 Hai Bà Trưng','21.0243475','105.8507103',1,to_timestamp('30-JUN-23 12.01.46.000000000 PM','DD-MON-RR HH.MI.SSXFF AM'),123,to_timestamp('30-JUN-23 12.02.06.000000000 PM','DD-MON-RR HH.MI.SSXFF AM'),123,70,'Ngọc Diệp','0343555916','3',0,301);
Insert into DEVELOP.BUILDINGS (ID,BUILDING_CODE,BUILDING_NAME,BUILDING_COMPANY,ADDRESS,LATITUDE,LONGITUDE,IS_ACTIVE,CREATED_AT,CREATED_BY,UPDATED_AT,UPDATED_BY,PERCENT_SHARE,CONTACT_NAME,CONTACT_PHONE,COOPERATE_TYPE,IS_DELETED,PARTNER_ID) values (41,'MTN 03','Sugar','E-soft','30 Đặng Thuỳ Trâm','105.785076','21.0443983',2,to_timestamp('12-JUN-23 09.02.08.000000000 AM','DD-MON-RR HH.MI.SSXFF AM'),1,null,null,30,'Linh','0978556253','2',1,201);
Insert into DEVELOP.BUILDINGS (ID,BUILDING_CODE,BUILDING_NAME,BUILDING_COMPANY,ADDRESS,LATITUDE,LONGITUDE,IS_ACTIVE,CREATED_AT,CREATED_BY,UPDATED_AT,UPDATED_BY,PERCENT_SHARE,CONTACT_NAME,CONTACT_PHONE,COOPERATE_TYPE,IS_DELETED,PARTNER_ID) values (42,'MTN 02','Sugar','E-soft','30 Đặng Thuỳ Trâm','105.785076','21.0443983',1,to_timestamp('12-JUN-23 09.24.16.000000000 AM','DD-MON-RR HH.MI.SSXFF AM'),1,null,null,30,'Diệp','0987654312','2',1,201);
Insert into DEVELOP.BUILDINGS (ID,BUILDING_CODE,BUILDING_NAME,BUILDING_COMPANY,ADDRESS,LATITUDE,LONGITUDE,IS_ACTIVE,CREATED_AT,CREATED_BY,UPDATED_AT,UPDATED_BY,PERCENT_SHARE,CONTACT_NAME,CONTACT_PHONE,COOPERATE_TYPE,IS_DELETED,PARTNER_ID) values (67,'MTN19','Royal City','Bùi Ngọc diệp','Nguyễn Trãi','21.000706','105.8133961',1,to_timestamp('14-JUN-23 03.08.59.000000000 AM','DD-MON-RR HH.MI.SSXFF AM'),61,to_timestamp('21-JUN-23 03.04.28.000000000 AM','DD-MON-RR HH.MI.SSXFF AM'),123,30,'Tiến Nguyễn','0971234577','2',0,201);
Insert into DEVELOP.BUILDINGS (ID,BUILDING_CODE,BUILDING_NAME,BUILDING_COMPANY,ADDRESS,LATITUDE,LONGITUDE,IS_ACTIVE,CREATED_AT,CREATED_BY,UPDATED_AT,UPDATED_BY,PERCENT_SHARE,CONTACT_NAME,CONTACT_PHONE,COOPERATE_TYPE,IS_DELETED,PARTNER_ID) values (68,'MTN17','Toà M1','Nguyễn Thu Hoài','30 Đặng Thuỳ Trâm','21.044','105.785',1,to_timestamp('14-JUN-23 03.35.07.000000000 AM','DD-MON-RR HH.MI.SSXFF AM'),61,null,null,50,'Toà M1','0971234578','2',1,206);
Insert into DEVELOP.BUILDINGS (ID,BUILDING_CODE,BUILDING_NAME,BUILDING_COMPANY,ADDRESS,LATITUDE,LONGITUDE,IS_ACTIVE,CREATED_AT,CREATED_BY,UPDATED_AT,UPDATED_BY,PERCENT_SHARE,CONTACT_NAME,CONTACT_PHONE,COOPERATE_TYPE,IS_DELETED,PARTNER_ID) values (21,'MTN 02','Sugar','E-soft','30 Đặng Thuỳ Trâm','105.785076','21.0443983',1,to_timestamp('09-JUN-23 04.02.30.000000000 AM','DD-MON-RR HH.MI.SSXFF AM'),1,to_timestamp('09-JUN-23 04.07.16.000000000 AM','DD-MON-RR HH.MI.SSXFF AM'),1,30,'Diệp','0987654321','2',1,142);
Insert into DEVELOP.BUILDINGS (ID,BUILDING_CODE,BUILDING_NAME,BUILDING_COMPANY,ADDRESS,LATITUDE,LONGITUDE,IS_ACTIVE,CREATED_AT,CREATED_BY,UPDATED_AT,UPDATED_BY,PERCENT_SHARE,CONTACT_NAME,CONTACT_PHONE,COOPERATE_TYPE,IS_DELETED,PARTNER_ID) values (22,'MTN 03','vincom mega maill smart city','E-soft','Nam Từ Liêm','21.011502','105.7688237',1,to_timestamp('09-JUN-23 06.56.21.000000000 AM','DD-MON-RR HH.MI.SSXFF AM'),1,to_timestamp('21-JUN-23 03.07.06.000000000 AM','DD-MON-RR HH.MI.SSXFF AM'),123,30,'Diệp','0987654000','2',0,142);
Insert into DEVELOP.BUILDINGS (ID,BUILDING_CODE,BUILDING_NAME,BUILDING_COMPANY,ADDRESS,LATITUDE,LONGITUDE,IS_ACTIVE,CREATED_AT,CREATED_BY,UPDATED_AT,UPDATED_BY,PERCENT_SHARE,CONTACT_NAME,CONTACT_PHONE,COOPERATE_TYPE,IS_DELETED,PARTNER_ID) values (23,'MTN 02','Sugar','E-soft','30 Đặng Thuỳ Trâm','105.785076','21.0443983',1,to_timestamp('09-JUN-23 07.02.46.000000000 AM','DD-MON-RR HH.MI.SSXFF AM'),1,null,null,30,'Diệp','0987654996','2',1,142);
Insert into DEVELOP.BUILDINGS (ID,BUILDING_CODE,BUILDING_NAME,BUILDING_COMPANY,ADDRESS,LATITUDE,LONGITUDE,IS_ACTIVE,CREATED_AT,CREATED_BY,UPDATED_AT,UPDATED_BY,PERCENT_SHARE,CONTACT_NAME,CONTACT_PHONE,COOPERATE_TYPE,IS_DELETED,PARTNER_ID) values (24,'MTN 04','Sugar','E-soft','30 Đặng Thuỳ Trâm','105.785076','21.0443983',2,to_timestamp('09-JUN-23 07.17.48.000000000 AM','DD-MON-RR HH.MI.SSXFF AM'),1,null,null,30,'Hoài','0974237008','2',1,142);
Insert into DEVELOP.BUILDINGS (ID,BUILDING_CODE,BUILDING_NAME,BUILDING_COMPANY,ADDRESS,LATITUDE,LONGITUDE,IS_ACTIVE,CREATED_AT,CREATED_BY,UPDATED_AT,UPDATED_BY,PERCENT_SHARE,CONTACT_NAME,CONTACT_PHONE,COOPERATE_TYPE,IS_DELETED,PARTNER_ID) values (43,'MTN 01','Nhà Hát Lớn','Nguyễn Thu Hoài','Hà Nội','21.027247','105.8244148',1,to_timestamp('12-JUN-23 06.34.27.000000000 AM','DD-MON-RR HH.MI.SSXFF AM'),61,to_timestamp('21-JUN-23 03.06.49.000000000 AM','DD-MON-RR HH.MI.SSXFF AM'),123,30,'Cường','0987654323','1',0,181);
Insert into DEVELOP.BUILDINGS (ID,BUILDING_CODE,BUILDING_NAME,BUILDING_COMPANY,ADDRESS,LATITUDE,LONGITUDE,IS_ACTIVE,CREATED_AT,CREATED_BY,UPDATED_AT,UPDATED_BY,PERCENT_SHARE,CONTACT_NAME,CONTACT_PHONE,COOPERATE_TYPE,IS_DELETED,PARTNER_ID) values (44,'MTN 07','Phú Thọ','Nguyễn Thu Hoài','Phú Thọ','21.4157109','105.1882527',1,to_timestamp('12-JUN-23 06.34.27.000000000 AM','DD-MON-RR HH.MI.SSXFF AM'),61,to_timestamp('21-JUN-23 03.15.09.000000000 AM','DD-MON-RR HH.MI.SSXFF AM'),123,50,'Vy','0987654322','2',0,206);
Insert into DEVELOP.BUILDINGS (ID,BUILDING_CODE,BUILDING_NAME,BUILDING_COMPANY,ADDRESS,LATITUDE,LONGITUDE,IS_ACTIVE,CREATED_AT,CREATED_BY,UPDATED_AT,UPDATED_BY,PERCENT_SHARE,CONTACT_NAME,CONTACT_PHONE,COOPERATE_TYPE,IS_DELETED,PARTNER_ID) values (66,'MTN16','Toà M1','Nguyễn Thu Hoài','30 Đặng Thuỳ Trâm','21.044','105.785',1,to_timestamp('14-JUN-23 12.22.08.000000000 PM','DD-MON-RR HH.MI.SSXFF AM'),1,null,null,30,'Toà M1','0971234577','1',1,181);
Insert into DEVELOP.BUILDINGS (ID,BUILDING_CODE,BUILDING_NAME,BUILDING_COMPANY,ADDRESS,LATITUDE,LONGITUDE,IS_ACTIVE,CREATED_AT,CREATED_BY,UPDATED_AT,UPDATED_BY,PERCENT_SHARE,CONTACT_NAME,CONTACT_PHONE,COOPERATE_TYPE,IS_DELETED,PARTNER_ID) values (1,'M1','Aeon maill','Chủ sở hữu 1','Long Biên','21.0167446','105.8239591',1,to_timestamp('01-JUN-23 09.08.17.000000000 AM','DD-MON-RR HH.MI.SSXFF AM'),1,to_timestamp('21-JUN-23 03.07.27.000000000 AM','DD-MON-RR HH.MI.SSXFF AM'),123,100,'Minh','0956457876','1',0,161);
Insert into DEVELOP.BUILDINGS (ID,BUILDING_CODE,BUILDING_NAME,BUILDING_COMPANY,ADDRESS,LATITUDE,LONGITUDE,IS_ACTIVE,CREATED_AT,CREATED_BY,UPDATED_AT,UPDATED_BY,PERCENT_SHARE,CONTACT_NAME,CONTACT_PHONE,COOPERATE_TYPE,IS_DELETED,PARTNER_ID) values (101,'M45678','Hạ Long','Chủ sở hữu 1','Quảng Ninh','21.1508747','106.613926',2,to_timestamp('20-JUN-23 02.14.28.000000000 AM','DD-MON-RR HH.MI.SSXFF AM'),61,to_timestamp('21-JUN-23 03.14.12.000000000 AM','DD-MON-RR HH.MI.SSXFF AM'),123,20,'Long Le','0356600236','1',0,248);
Insert into DEVELOP.BUILDINGS (ID,BUILDING_CODE,BUILDING_NAME,BUILDING_COMPANY,ADDRESS,LATITUDE,LONGITUDE,IS_ACTIVE,CREATED_AT,CREATED_BY,UPDATED_AT,UPDATED_BY,PERCENT_SHARE,CONTACT_NAME,CONTACT_PHONE,COOPERATE_TYPE,IS_DELETED,PARTNER_ID) values (102,'MTN11','Landmark72','Nguyễn Thu Hoài','30 Đặng Thuỳ Trâm','21.0444006','105.7824348',1,to_timestamp('20-JUN-23 02.19.08.000000000 AM','DD-MON-RR HH.MI.SSXFF AM'),123,to_timestamp('21-JUN-23 03.07.47.000000000 AM','DD-MON-RR HH.MI.SSXFF AM'),123,10,'Ly','0987654320','3',0,206);
Insert into DEVELOP.BUILDINGS (ID,BUILDING_CODE,BUILDING_NAME,BUILDING_COMPANY,ADDRESS,LATITUDE,LONGITUDE,IS_ACTIVE,CREATED_AT,CREATED_BY,UPDATED_AT,UPDATED_BY,PERCENT_SHARE,CONTACT_NAME,CONTACT_PHONE,COOPERATE_TYPE,IS_DELETED,PARTNER_ID) values (103,'MTN 08','Toà M08','Nguyễn Thu Hoài','30 Đặng Thuỳ Trâm','20.9916877','105.8466292',1,to_timestamp('20-JUN-23 02.19.08.000000000 AM','DD-MON-RR HH.MI.SSXFF AM'),123,to_timestamp('21-JUN-23 03.07.41.000000000 AM','DD-MON-RR HH.MI.SSXFF AM'),123,50,'Hà','0987654390','2',0,206);
Insert into DEVELOP.BUILDINGS (ID,BUILDING_CODE,BUILDING_NAME,BUILDING_COMPANY,ADDRESS,LATITUDE,LONGITUDE,IS_ACTIVE,CREATED_AT,CREATED_BY,UPDATED_AT,UPDATED_BY,PERCENT_SHARE,CONTACT_NAME,CONTACT_PHONE,COOPERATE_TYPE,IS_DELETED,PARTNER_ID) values (121,'CB230','Flamingo Cát Bà',null,'Cát Bà','20.7196782','107.0522825',2,to_timestamp('28-JUN-23 04.04.17.000000000 AM','DD-MON-RR HH.MI.SSXFF AM'),123,to_timestamp('28-JUN-23 04.04.37.000000000 AM','DD-MON-RR HH.MI.SSXFF AM'),123,60,'Phú','0229999666','1',0,281);
REM INSERTING into DEVELOP.COMMENTS
SET DEFINE OFF;
Insert into DEVELOP.COMMENTS (ID,PARENT_ID,JOB_PROCCESS_ID,CREATED_AT,CONTENT,PATHFILE,CREATED_BY,UPDATED_AT,UPDATED_BY) values (183,null,130,to_timestamp('21-JUN-23 02.17.00.000000000 PM','DD-MON-RR HH.MI.SSXFF AM'),'ok',null,122,null,null);
Insert into DEVELOP.COMMENTS (ID,PARENT_ID,JOB_PROCCESS_ID,CREATED_AT,CONTENT,PATHFILE,CREATED_BY,UPDATED_AT,UPDATED_BY) values (184,null,131,to_timestamp('21-JUN-23 02.29.00.000000000 PM','DD-MON-RR HH.MI.SSXFF AM'),'ok',null,122,null,null);
Insert into DEVELOP.COMMENTS (ID,PARENT_ID,JOB_PROCCESS_ID,CREATED_AT,CONTENT,PATHFILE,CREATED_BY,UPDATED_AT,UPDATED_BY) values (185,null,132,to_timestamp('21-JUN-23 02.35.31.000000000 PM','DD-MON-RR HH.MI.SSXFF AM'),'9ktyjtyj',null,122,null,null);
Insert into DEVELOP.COMMENTS (ID,PARENT_ID,JOB_PROCCESS_ID,CREATED_AT,CONTENT,PATHFILE,CREATED_BY,UPDATED_AT,UPDATED_BY) values (186,null,132,to_timestamp('21-JUN-23 02.35.47.000000000 PM','DD-MON-RR HH.MI.SSXFF AM'),null,'xWAD172PysdaivMK2XMbUl9lY62brHB3YKk3pOrc.png',122,null,null);
Insert into DEVELOP.COMMENTS (ID,PARENT_ID,JOB_PROCCESS_ID,CREATED_AT,CONTENT,PATHFILE,CREATED_BY,UPDATED_AT,UPDATED_BY) values (187,null,135,to_timestamp('21-JUN-23 02.46.45.000000000 PM','DD-MON-RR HH.MI.SSXFF AM'),'Hihi',null,122,null,null);
Insert into DEVELOP.COMMENTS (ID,PARENT_ID,JOB_PROCCESS_ID,CREATED_AT,CONTENT,PATHFILE,CREATED_BY,UPDATED_AT,UPDATED_BY) values (188,null,135,to_timestamp('21-JUN-23 02.46.53.000000000 PM','DD-MON-RR HH.MI.SSXFF AM'),'hihi',null,122,null,null);
Insert into DEVELOP.COMMENTS (ID,PARENT_ID,JOB_PROCCESS_ID,CREATED_AT,CONTENT,PATHFILE,CREATED_BY,UPDATED_AT,UPDATED_BY) values (189,null,115,to_timestamp('21-JUN-23 02.51.47.000000000 PM','DD-MON-RR HH.MI.SSXFF AM'),'hihi',null,122,null,null);
Insert into DEVELOP.COMMENTS (ID,PARENT_ID,JOB_PROCCESS_ID,CREATED_AT,CONTENT,PATHFILE,CREATED_BY,UPDATED_AT,UPDATED_BY) values (190,null,115,to_timestamp('21-JUN-23 02.59.04.000000000 PM','DD-MON-RR HH.MI.SSXFF AM'),null,'WfO4LlvIteUonDSDpgdNxJ03r2uhPFVKdqwBTpXe.png',122,null,null);
Insert into DEVELOP.COMMENTS (ID,PARENT_ID,JOB_PROCCESS_ID,CREATED_AT,CONTENT,PATHFILE,CREATED_BY,UPDATED_AT,UPDATED_BY) values (191,null,135,to_timestamp('21-JUN-23 04.03.12.000000000 PM','DD-MON-RR HH.MI.SSXFF AM'),null,'oI44Pc3FZ60rL2mVB6YCIK0lVsF94a76sHvPDF6H.png',122,null,null);
Insert into DEVELOP.COMMENTS (ID,PARENT_ID,JOB_PROCCESS_ID,CREATED_AT,CONTENT,PATHFILE,CREATED_BY,UPDATED_AT,UPDATED_BY) values (192,null,135,to_timestamp('21-JUN-23 04.03.37.000000000 PM','DD-MON-RR HH.MI.SSXFF AM'),'helo','xf5rdf3vTDk1uQmsaTjRJFaLUFc8Fq3mDPqG4KbV.png',122,null,null);
Insert into DEVELOP.COMMENTS (ID,PARENT_ID,JOB_PROCCESS_ID,CREATED_AT,CONTENT,PATHFILE,CREATED_BY,UPDATED_AT,UPDATED_BY) values (193,null,135,to_timestamp('21-JUN-23 04.23.25.000000000 PM','DD-MON-RR HH.MI.SSXFF AM'),null,'DKwrpZT6tPBlav10lO6fNy1QCc1tp00OLnvaFDZL.png',122,null,null);
Insert into DEVELOP.COMMENTS (ID,PARENT_ID,JOB_PROCCESS_ID,CREATED_AT,CONTENT,PATHFILE,CREATED_BY,UPDATED_AT,UPDATED_BY) values (194,null,130,to_timestamp('21-JUN-23 04.26.26.000000000 PM','DD-MON-RR HH.MI.SSXFF AM'),null,'swPg6dXBC1bcHGKJqfKguLDJ9dOdrBY14xbvUtG3.jpg',122,null,null);
Insert into DEVELOP.COMMENTS (ID,PARENT_ID,JOB_PROCCESS_ID,CREATED_AT,CONTENT,PATHFILE,CREATED_BY,UPDATED_AT,UPDATED_BY) values (195,null,136,to_timestamp('21-JUN-23 04.30.13.000000000 PM','DD-MON-RR HH.MI.SSXFF AM'),'hgfdsa',null,122,null,null);
Insert into DEVELOP.COMMENTS (ID,PARENT_ID,JOB_PROCCESS_ID,CREATED_AT,CONTENT,PATHFILE,CREATED_BY,UPDATED_AT,UPDATED_BY) values (196,null,136,to_timestamp('21-JUN-23 04.30.22.000000000 PM','DD-MON-RR HH.MI.SSXFF AM'),null,'Y2V0Symiasub2hNl82qfOUa5FiV4gOLShMYN5lNa.png',122,null,null);
Insert into DEVELOP.COMMENTS (ID,PARENT_ID,JOB_PROCCESS_ID,CREATED_AT,CONTENT,PATHFILE,CREATED_BY,UPDATED_AT,UPDATED_BY) values (197,null,150,to_timestamp('22-JUN-23 04.29.00.000000000 PM','DD-MON-RR HH.MI.SSXFF AM'),'hiện trạng đủ điều kiện để khảo sát',null,121,null,null);
Insert into DEVELOP.COMMENTS (ID,PARENT_ID,JOB_PROCCESS_ID,CREATED_AT,CONTENT,PATHFILE,CREATED_BY,UPDATED_AT,UPDATED_BY) values (198,null,150,to_timestamp('22-JUN-23 04.29.20.000000000 PM','DD-MON-RR HH.MI.SSXFF AM'),'thiếu máy lazer để đo cân bằng',null,121,null,null);
Insert into DEVELOP.COMMENTS (ID,PARENT_ID,JOB_PROCCESS_ID,CREATED_AT,CONTENT,PATHFILE,CREATED_BY,UPDATED_AT,UPDATED_BY) values (199,null,149,to_timestamp('22-JUN-23 04.29.30.000000000 PM','DD-MON-RR HH.MI.SSXFF AM'),'chào admin',null,121,null,null);
Insert into DEVELOP.COMMENTS (ID,PARENT_ID,JOB_PROCCESS_ID,CREATED_AT,CONTENT,PATHFILE,CREATED_BY,UPDATED_AT,UPDATED_BY) values (200,null,150,to_timestamp('22-JUN-23 04.32.46.000000000 PM','DD-MON-RR HH.MI.SSXFF AM'),null,'CXfSillNdS9Ug5jZfkFguI16Xan06xjMWaee8uUT.jpg',121,null,null);
Insert into DEVELOP.COMMENTS (ID,PARENT_ID,JOB_PROCCESS_ID,CREATED_AT,CONTENT,PATHFILE,CREATED_BY,UPDATED_AT,UPDATED_BY) values (201,null,154,to_timestamp('22-JUN-23 04.45.48.000000000 PM','DD-MON-RR HH.MI.SSXFF AM'),'đã thêm chị Hoài',null,121,null,null);
Insert into DEVELOP.COMMENTS (ID,PARENT_ID,JOB_PROCCESS_ID,CREATED_AT,CONTENT,PATHFILE,CREATED_BY,UPDATED_AT,UPDATED_BY) values (202,null,154,to_timestamp('22-JUN-23 05.02.58.000000000 PM','DD-MON-RR HH.MI.SSXFF AM'),'chi Hoai phu trach keo day mang',null,121,null,null);
Insert into DEVELOP.COMMENTS (ID,PARENT_ID,JOB_PROCCESS_ID,CREATED_AT,CONTENT,PATHFILE,CREATED_BY,UPDATED_AT,UPDATED_BY) values (203,null,116,to_timestamp('22-JUN-23 06.34.02.000000000 PM','DD-MON-RR HH.MI.SSXFF AM'),'hi',null,122,null,null);
Insert into DEVELOP.COMMENTS (ID,PARENT_ID,JOB_PROCCESS_ID,CREATED_AT,CONTENT,PATHFILE,CREATED_BY,UPDATED_AT,UPDATED_BY) values (232,null,239,to_timestamp('28-JUN-23 09.55.29.000000000 AM','DD-MON-RR HH.MI.SSXFF AM'),'tạo mới thành công','bSbAJZI1YFh9iHuD6CkNwCQGoHrkGE3h4sBYnxKl.png',123,null,null);
Insert into DEVELOP.COMMENTS (ID,PARENT_ID,JOB_PROCCESS_ID,CREATED_AT,CONTENT,PATHFILE,CREATED_BY,UPDATED_AT,UPDATED_BY) values (233,null,239,to_timestamp('28-JUN-23 09.55.35.000000000 AM','DD-MON-RR HH.MI.SSXFF AM'),null,'SlaMDYrO1R7pSmW0F6Q9V3JJFvyTCUkJWZV3Yas2.png',123,null,null);
Insert into DEVELOP.COMMENTS (ID,PARENT_ID,JOB_PROCCESS_ID,CREATED_AT,CONTENT,PATHFILE,CREATED_BY,UPDATED_AT,UPDATED_BY) values (234,null,247,to_timestamp('28-JUN-23 06.07.35.000000000 PM','DD-MON-RR HH.MI.SSXFF AM'),null,'FUFhRXPq0kWAZ9acXbWJupBXFANZWT1Hy0RWNTpA.jpg',122,null,null);
Insert into DEVELOP.COMMENTS (ID,PARENT_ID,JOB_PROCCESS_ID,CREATED_AT,CONTENT,PATHFILE,CREATED_BY,UPDATED_AT,UPDATED_BY) values (235,null,288,to_timestamp('29-JUN-23 10.20.47.000000000 AM','DD-MON-RR HH.MI.SSXFF AM'),'đang bị ốm',null,65,null,null);
Insert into DEVELOP.COMMENTS (ID,PARENT_ID,JOB_PROCCESS_ID,CREATED_AT,CONTENT,PATHFILE,CREATED_BY,UPDATED_AT,UPDATED_BY) values (181,null,105,to_timestamp('15-JUN-23 11.38.27.000000000 AM','DD-MON-RR HH.MI.SSXFF AM'),'ok',null,1,null,null);
Insert into DEVELOP.COMMENTS (ID,PARENT_ID,JOB_PROCCESS_ID,CREATED_AT,CONTENT,PATHFILE,CREATED_BY,UPDATED_AT,UPDATED_BY) values (182,null,106,to_timestamp('15-JUN-23 11.38.27.000000000 AM','DD-MON-RR HH.MI.SSXFF AM'),'hihi',null,1,null,null);
Insert into DEVELOP.COMMENTS (ID,PARENT_ID,JOB_PROCCESS_ID,CREATED_AT,CONTENT,PATHFILE,CREATED_BY,UPDATED_AT,UPDATED_BY) values (204,null,162,to_timestamp('23-JUN-23 10.00.30.000000000 AM','DD-MON-RR HH.MI.SSXFF AM'),'sa',null,121,null,null);
Insert into DEVELOP.COMMENTS (ID,PARENT_ID,JOB_PROCCESS_ID,CREATED_AT,CONTENT,PATHFILE,CREATED_BY,UPDATED_AT,UPDATED_BY) values (206,null,168,to_timestamp('23-JUN-23 10.10.19.000000000 AM','DD-MON-RR HH.MI.SSXFF AM'),'xử lý',null,121,null,null);
Insert into DEVELOP.COMMENTS (ID,PARENT_ID,JOB_PROCCESS_ID,CREATED_AT,CONTENT,PATHFILE,CREATED_BY,UPDATED_AT,UPDATED_BY) values (205,null,168,to_timestamp('23-JUN-23 10.09.53.000000000 AM','DD-MON-RR HH.MI.SSXFF AM'),'lamf gì a a',null,122,null,null);
Insert into DEVELOP.COMMENTS (ID,PARENT_ID,JOB_PROCCESS_ID,CREATED_AT,CONTENT,PATHFILE,CREATED_BY,UPDATED_AT,UPDATED_BY) values (221,null,101,to_timestamp('27-JUN-23 07.23.09.000000000 PM','DD-MON-RR HH.MI.SSXFF AM'),'hi',null,61,null,null);
Insert into DEVELOP.COMMENTS (ID,PARENT_ID,JOB_PROCCESS_ID,CREATED_AT,CONTENT,PATHFILE,CREATED_BY,UPDATED_AT,UPDATED_BY) values (222,null,101,to_timestamp('27-JUN-23 07.24.42.000000000 PM','DD-MON-RR HH.MI.SSXFF AM'),'hi e',null,61,null,null);
Insert into DEVELOP.COMMENTS (ID,PARENT_ID,JOB_PROCCESS_ID,CREATED_AT,CONTENT,PATHFILE,CREATED_BY,UPDATED_AT,UPDATED_BY) values (223,null,237,to_timestamp('28-JUN-23 09.11.06.000000000 AM','DD-MON-RR HH.MI.SSXFF AM'),'hi','JmwizV3r421mjoilHtc8BGxYOR6jGkKvE7ykAjYN.png',61,null,null);
Insert into DEVELOP.COMMENTS (ID,PARENT_ID,JOB_PROCCESS_ID,CREATED_AT,CONTENT,PATHFILE,CREATED_BY,UPDATED_AT,UPDATED_BY) values (224,null,237,to_timestamp('28-JUN-23 09.11.24.000000000 AM','DD-MON-RR HH.MI.SSXFF AM'),'hi e','7RVQkg71VqnzE7MeEdErAwcYL0XskhuSeteJ817T.png',61,null,null);
Insert into DEVELOP.COMMENTS (ID,PARENT_ID,JOB_PROCCESS_ID,CREATED_AT,CONTENT,PATHFILE,CREATED_BY,UPDATED_AT,UPDATED_BY) values (225,null,237,to_timestamp('28-JUN-23 09.16.13.000000000 AM','DD-MON-RR HH.MI.SSXFF AM'),'hi','ptKGq9Yuy0QvXwdi74pL5MFUEG7THeH15r6yLiXm.png',61,null,null);
Insert into DEVELOP.COMMENTS (ID,PARENT_ID,JOB_PROCCESS_ID,CREATED_AT,CONTENT,PATHFILE,CREATED_BY,UPDATED_AT,UPDATED_BY) values (226,null,238,to_timestamp('28-JUN-23 09.16.34.000000000 AM','DD-MON-RR HH.MI.SSXFF AM'),'aa',null,61,null,null);
Insert into DEVELOP.COMMENTS (ID,PARENT_ID,JOB_PROCCESS_ID,CREATED_AT,CONTENT,PATHFILE,CREATED_BY,UPDATED_AT,UPDATED_BY) values (227,null,238,to_timestamp('28-JUN-23 09.16.42.000000000 AM','DD-MON-RR HH.MI.SSXFF AM'),'bb','YXNUZVrhHugurzDKjRaiJvrH56mDrYaRuVY01rzZ.png',61,null,null);
Insert into DEVELOP.COMMENTS (ID,PARENT_ID,JOB_PROCCESS_ID,CREATED_AT,CONTENT,PATHFILE,CREATED_BY,UPDATED_AT,UPDATED_BY) values (228,null,238,to_timestamp('28-JUN-23 09.16.47.000000000 AM','DD-MON-RR HH.MI.SSXFF AM'),'n','JTOMq8HNOKW1PvXRHUdXJ5fRG6F3tKxbhfKH9Umg.png',61,null,null);
Insert into DEVELOP.COMMENTS (ID,PARENT_ID,JOB_PROCCESS_ID,CREATED_AT,CONTENT,PATHFILE,CREATED_BY,UPDATED_AT,UPDATED_BY) values (229,null,236,to_timestamp('28-JUN-23 09.17.20.000000000 AM','DD-MON-RR HH.MI.SSXFF AM'),'hi','2cEYAGBe1AzZ4svcoPrYpIypBPFzmO7zpnKTSRVk.png',61,null,null);
Insert into DEVELOP.COMMENTS (ID,PARENT_ID,JOB_PROCCESS_ID,CREATED_AT,CONTENT,PATHFILE,CREATED_BY,UPDATED_AT,UPDATED_BY) values (230,null,236,to_timestamp('28-JUN-23 09.17.25.000000000 AM','DD-MON-RR HH.MI.SSXFF AM'),'hi',null,61,null,null);
Insert into DEVELOP.COMMENTS (ID,PARENT_ID,JOB_PROCCESS_ID,CREATED_AT,CONTENT,PATHFILE,CREATED_BY,UPDATED_AT,UPDATED_BY) values (231,null,237,to_timestamp('28-JUN-23 09.32.36.000000000 AM','DD-MON-RR HH.MI.SSXFF AM'),'hihi',null,61,null,null);
Insert into DEVELOP.COMMENTS (ID,PARENT_ID,JOB_PROCCESS_ID,CREATED_AT,CONTENT,PATHFILE,CREATED_BY,UPDATED_AT,UPDATED_BY) values (236,null,296,to_timestamp('30-JUN-23 01.29.18.000000000 PM','DD-MON-RR HH.MI.SSXFF AM'),'ddd',null,65,null,null);
Insert into DEVELOP.COMMENTS (ID,PARENT_ID,JOB_PROCCESS_ID,CREATED_AT,CONTENT,PATHFILE,CREATED_BY,UPDATED_AT,UPDATED_BY) values (237,null,278,to_timestamp('01-JUL-23 10.19.24.000000000 AM','DD-MON-RR HH.MI.SSXFF AM'),'hi',null,61,null,null);
Insert into DEVELOP.COMMENTS (ID,PARENT_ID,JOB_PROCCESS_ID,CREATED_AT,CONTENT,PATHFILE,CREATED_BY,UPDATED_AT,UPDATED_BY) values (238,null,278,to_timestamp('01-JUL-23 10.19.38.000000000 AM','DD-MON-RR HH.MI.SSXFF AM'),null,'3sfROV5KEgm35uVCSA6QLX3oYbn8C5cCOvPqdVI2.pdf',61,null,null);
REM INSERTING into DEVELOP.CONTRACTS
SET DEFINE OFF;
Insert into DEVELOP.CONTRACTS (CODE,PACKAGE_ID,DEVICE_ID,BILL_CODE,BILL_DATE,BILL_PRICES,DEVELOP_NAME,PARTNER_ID,TYPE_COOPERATE,STATUS,CREATED_AT,CREATED_BY,UPDATED_AT,UPDATED_BY,ID,IS_DELETED,CUSTOMER_ID,BUILDINGS_ID,START_DATE_PACKAGE,SHOP_CODE,EMPLOYEE_ID,ADDRESS_ID,PACKAGE_TIME_USED,PACKAGE_TIME_PROMOTION,PERCENT_SHARE,CUSTOMER_CODE,BILL_PRICES_VAT) values ('MHĐ0409-22',41,28,'HĐ040922',to_date('04-SEP-22','DD-MON-RR'),5000000,'Công ty Hà Hoa',142,3,1,to_timestamp('15-JUN-23 11.38.27.000000000 AM','DD-MON-RR HH.MI.SSXFF AM'),61,null,null,87,0,41,22,null,null,null,null,null,null,null,null,null);
Insert into DEVELOP.CONTRACTS (CODE,PACKAGE_ID,DEVICE_ID,BILL_CODE,BILL_DATE,BILL_PRICES,DEVELOP_NAME,PARTNER_ID,TYPE_COOPERATE,STATUS,CREATED_AT,CREATED_BY,UPDATED_AT,UPDATED_BY,ID,IS_DELETED,CUSTOMER_ID,BUILDINGS_ID,START_DATE_PACKAGE,SHOP_CODE,EMPLOYEE_ID,ADDRESS_ID,PACKAGE_TIME_USED,PACKAGE_TIME_PROMOTION,PERCENT_SHARE,CUSTOMER_CODE,BILL_PRICES_VAT) values ('123HĐ',101,40,'MHĐ 01',to_date('06-JUN-23','DD-MON-RR'),100000,'E-soft',206,1,1,to_timestamp('15-JUN-23 02.33.59.000000000 PM','DD-MON-RR HH.MI.SSXFF AM'),123,null,null,94,0,43,1,null,null,null,null,null,null,null,null,null);
Insert into DEVELOP.CONTRACTS (CODE,PACKAGE_ID,DEVICE_ID,BILL_CODE,BILL_DATE,BILL_PRICES,DEVELOP_NAME,PARTNER_ID,TYPE_COOPERATE,STATUS,CREATED_AT,CREATED_BY,UPDATED_AT,UPDATED_BY,ID,IS_DELETED,CUSTOMER_ID,BUILDINGS_ID,START_DATE_PACKAGE,SHOP_CODE,EMPLOYEE_ID,ADDRESS_ID,PACKAGE_TIME_USED,PACKAGE_TIME_PROMOTION,PERCENT_SHARE,CUSTOMER_CODE,BILL_PRICES_VAT) values ('MHĐ10-22',3,28,'HĐ071022',to_date('07-OCT-22','DD-MON-RR'),1300000,'Công ty Hà Hoa',142,1,1,to_timestamp('15-JUN-23 10.10.46.000000000 AM','DD-MON-RR HH.MI.SSXFF AM'),61,null,null,85,0,41,22,null,null,null,null,null,null,null,null,null);
Insert into DEVELOP.CONTRACTS (CODE,PACKAGE_ID,DEVICE_ID,BILL_CODE,BILL_DATE,BILL_PRICES,DEVELOP_NAME,PARTNER_ID,TYPE_COOPERATE,STATUS,CREATED_AT,CREATED_BY,UPDATED_AT,UPDATED_BY,ID,IS_DELETED,CUSTOMER_ID,BUILDINGS_ID,START_DATE_PACKAGE,SHOP_CODE,EMPLOYEE_ID,ADDRESS_ID,PACKAGE_TIME_USED,PACKAGE_TIME_PROMOTION,PERCENT_SHARE,CUSTOMER_CODE,BILL_PRICES_VAT) values ('MHĐ16-09-22',3,28,'HĐ160922',to_date('16-SEP-22','DD-MON-RR'),1300000,'Công ty Hà Hoa',142,1,1,to_timestamp('15-JUN-23 10.38.49.000000000 AM','DD-MON-RR HH.MI.SSXFF AM'),61,null,null,86,0,21,23,null,null,null,null,null,null,null,null,null);
Insert into DEVELOP.CONTRACTS (CODE,PACKAGE_ID,DEVICE_ID,BILL_CODE,BILL_DATE,BILL_PRICES,DEVELOP_NAME,PARTNER_ID,TYPE_COOPERATE,STATUS,CREATED_AT,CREATED_BY,UPDATED_AT,UPDATED_BY,ID,IS_DELETED,CUSTOMER_ID,BUILDINGS_ID,START_DATE_PACKAGE,SHOP_CODE,EMPLOYEE_ID,ADDRESS_ID,PACKAGE_TIME_USED,PACKAGE_TIME_PROMOTION,PERCENT_SHARE,CUSTOMER_CODE,BILL_PRICES_VAT) values ('MHĐ 03',61,31,'MHĐ 03',to_date('26-JUN-23','DD-MON-RR'),100000,'E-soft',206,3,1,to_timestamp('15-JUN-23 02.33.59.000000000 PM','DD-MON-RR HH.MI.SSXFF AM'),123,null,null,95,0,41,64,null,null,null,null,null,null,null,null,null);
Insert into DEVELOP.CONTRACTS (CODE,PACKAGE_ID,DEVICE_ID,BILL_CODE,BILL_DATE,BILL_PRICES,DEVELOP_NAME,PARTNER_ID,TYPE_COOPERATE,STATUS,CREATED_AT,CREATED_BY,UPDATED_AT,UPDATED_BY,ID,IS_DELETED,CUSTOMER_ID,BUILDINGS_ID,START_DATE_PACKAGE,SHOP_CODE,EMPLOYEE_ID,ADDRESS_ID,PACKAGE_TIME_USED,PACKAGE_TIME_PROMOTION,PERCENT_SHARE,CUSTOMER_CODE,BILL_PRICES_VAT) values ('HĐ987',3,30,'HĐ44',to_date('20-OCT-23','DD-MON-RR'),200000,'E-soft',206,2,1,to_timestamp('15-JUN-23 02.33.59.000000000 PM','DD-MON-RR HH.MI.SSXFF AM'),123,null,null,96,0,1,65,null,null,null,null,null,null,null,null,null);
Insert into DEVELOP.CONTRACTS (CODE,PACKAGE_ID,DEVICE_ID,BILL_CODE,BILL_DATE,BILL_PRICES,DEVELOP_NAME,PARTNER_ID,TYPE_COOPERATE,STATUS,CREATED_AT,CREATED_BY,UPDATED_AT,UPDATED_BY,ID,IS_DELETED,CUSTOMER_ID,BUILDINGS_ID,START_DATE_PACKAGE,SHOP_CODE,EMPLOYEE_ID,ADDRESS_ID,PACKAGE_TIME_USED,PACKAGE_TIME_PROMOTION,PERCENT_SHARE,CUSTOMER_CODE,BILL_PRICES_VAT) values ('HĐ123',3,44,'HĐ 23',to_date('11-NOV-23','DD-MON-RR'),70000,'E-soft',201,1,1,to_timestamp('15-JUN-23 02.33.59.000000000 PM','DD-MON-RR HH.MI.SSXFF AM'),123,null,null,97,0,61,69,null,null,null,null,null,null,null,null,null);
Insert into DEVELOP.CONTRACTS (CODE,PACKAGE_ID,DEVICE_ID,BILL_CODE,BILL_DATE,BILL_PRICES,DEVELOP_NAME,PARTNER_ID,TYPE_COOPERATE,STATUS,CREATED_AT,CREATED_BY,UPDATED_AT,UPDATED_BY,ID,IS_DELETED,CUSTOMER_ID,BUILDINGS_ID,START_DATE_PACKAGE,SHOP_CODE,EMPLOYEE_ID,ADDRESS_ID,PACKAGE_TIME_USED,PACKAGE_TIME_PROMOTION,PERCENT_SHARE,CUSTOMER_CODE,BILL_PRICES_VAT) values ('MHDD2006-23',2,28,'HĐ071022',to_date('01-AUG-23','DD-MON-RR'),200000,'E-soft',206,1,1,to_timestamp('15-JUN-23 02.33.59.000000000 PM','DD-MON-RR HH.MI.SSXFF AM'),123,null,null,98,0,21,66,null,null,null,null,null,null,null,null,null);
Insert into DEVELOP.CONTRACTS (CODE,PACKAGE_ID,DEVICE_ID,BILL_CODE,BILL_DATE,BILL_PRICES,DEVELOP_NAME,PARTNER_ID,TYPE_COOPERATE,STATUS,CREATED_AT,CREATED_BY,UPDATED_AT,UPDATED_BY,ID,IS_DELETED,CUSTOMER_ID,BUILDINGS_ID,START_DATE_PACKAGE,SHOP_CODE,EMPLOYEE_ID,ADDRESS_ID,PACKAGE_TIME_USED,PACKAGE_TIME_PROMOTION,PERCENT_SHARE,CUSTOMER_CODE,BILL_PRICES_VAT) values ('HDKD_20230609',101,40,'MHĐ 01',to_date('06-JUN-23','DD-MON-RR'),100000,'E-soft',206,1,1,to_timestamp('15-JUN-23 02.55.10.000000000 PM','DD-MON-RR HH.MI.SSXFF AM'),123,null,null,99,0,43,1,null,null,null,null,null,null,null,null,null);
Insert into DEVELOP.CONTRACTS (CODE,PACKAGE_ID,DEVICE_ID,BILL_CODE,BILL_DATE,BILL_PRICES,DEVELOP_NAME,PARTNER_ID,TYPE_COOPERATE,STATUS,CREATED_AT,CREATED_BY,UPDATED_AT,UPDATED_BY,ID,IS_DELETED,CUSTOMER_ID,BUILDINGS_ID,START_DATE_PACKAGE,SHOP_CODE,EMPLOYEE_ID,ADDRESS_ID,PACKAGE_TIME_USED,PACKAGE_TIME_PROMOTION,PERCENT_SHARE,CUSTOMER_CODE,BILL_PRICES_VAT) values ('MHĐ 030',20,31,'MHĐ 030',to_date('26-JUN-23','DD-MON-RR'),100000,'E-soft',206,3,1,to_timestamp('15-JUN-23 02.55.10.000000000 PM','DD-MON-RR HH.MI.SSXFF AM'),123,to_timestamp('15-JUN-23 04.34.30.000000000 PM','DD-MON-RR HH.MI.SSXFF AM'),61,100,0,41,70,null,null,null,null,null,null,null,null,null);
Insert into DEVELOP.CONTRACTS (CODE,PACKAGE_ID,DEVICE_ID,BILL_CODE,BILL_DATE,BILL_PRICES,DEVELOP_NAME,PARTNER_ID,TYPE_COOPERATE,STATUS,CREATED_AT,CREATED_BY,UPDATED_AT,UPDATED_BY,ID,IS_DELETED,CUSTOMER_ID,BUILDINGS_ID,START_DATE_PACKAGE,SHOP_CODE,EMPLOYEE_ID,ADDRESS_ID,PACKAGE_TIME_USED,PACKAGE_TIME_PROMOTION,PERCENT_SHARE,CUSTOMER_CODE,BILL_PRICES_VAT) values ('HĐ9875',3,30,'HĐ442',to_date('20-OCT-23','DD-MON-RR'),200000,'E-soft',206,2,2,to_timestamp('15-JUN-23 02.55.10.000000000 PM','DD-MON-RR HH.MI.SSXFF AM'),123,to_timestamp('15-JUN-23 03.41.35.000000000 PM','DD-MON-RR HH.MI.SSXFF AM'),61,101,0,1,68,null,null,null,null,null,null,null,null,null);
Insert into DEVELOP.CONTRACTS (CODE,PACKAGE_ID,DEVICE_ID,BILL_CODE,BILL_DATE,BILL_PRICES,DEVELOP_NAME,PARTNER_ID,TYPE_COOPERATE,STATUS,CREATED_AT,CREATED_BY,UPDATED_AT,UPDATED_BY,ID,IS_DELETED,CUSTOMER_ID,BUILDINGS_ID,START_DATE_PACKAGE,SHOP_CODE,EMPLOYEE_ID,ADDRESS_ID,PACKAGE_TIME_USED,PACKAGE_TIME_PROMOTION,PERCENT_SHARE,CUSTOMER_CODE,BILL_PRICES_VAT) values ('HĐ1232',3,28,'HĐ 234',to_date('11-NOV-23','DD-MON-RR'),70000,'E-soft',201,1,2,to_timestamp('15-JUN-23 02.55.10.000000000 PM','DD-MON-RR HH.MI.SSXFF AM'),123,to_timestamp('15-JUN-23 03.48.13.000000000 PM','DD-MON-RR HH.MI.SSXFF AM'),61,102,0,42,69,null,null,null,null,null,null,null,null,null);
Insert into DEVELOP.CONTRACTS (CODE,PACKAGE_ID,DEVICE_ID,BILL_CODE,BILL_DATE,BILL_PRICES,DEVELOP_NAME,PARTNER_ID,TYPE_COOPERATE,STATUS,CREATED_AT,CREATED_BY,UPDATED_AT,UPDATED_BY,ID,IS_DELETED,CUSTOMER_ID,BUILDINGS_ID,START_DATE_PACKAGE,SHOP_CODE,EMPLOYEE_ID,ADDRESS_ID,PACKAGE_TIME_USED,PACKAGE_TIME_PROMOTION,PERCENT_SHARE,CUSTOMER_CODE,BILL_PRICES_VAT) values ('MHDD2006-233',2,28,'HĐ0710222',to_date('01-AUG-23','DD-MON-RR'),200000,'E-soft',206,1,2,to_timestamp('15-JUN-23 02.55.10.000000000 PM','DD-MON-RR HH.MI.SSXFF AM'),123,to_timestamp('15-JUN-23 03.57.54.000000000 PM','DD-MON-RR HH.MI.SSXFF AM'),61,103,0,21,70,null,null,null,null,null,null,null,null,null);
Insert into DEVELOP.CONTRACTS (CODE,PACKAGE_ID,DEVICE_ID,BILL_CODE,BILL_DATE,BILL_PRICES,DEVELOP_NAME,PARTNER_ID,TYPE_COOPERATE,STATUS,CREATED_AT,CREATED_BY,UPDATED_AT,UPDATED_BY,ID,IS_DELETED,CUSTOMER_ID,BUILDINGS_ID,START_DATE_PACKAGE,SHOP_CODE,EMPLOYEE_ID,ADDRESS_ID,PACKAGE_TIME_USED,PACKAGE_TIME_PROMOTION,PERCENT_SHARE,CUSTOMER_CODE,BILL_PRICES_VAT) values ('MHĐ 01',62,40,'MHĐ 01',to_date('06-JUN-23','DD-MON-RR'),100000,'E-soft',204,1,2,to_timestamp('15-JUN-23 06.00.35.000000000 PM','DD-MON-RR HH.MI.SSXFF AM'),123,null,null,107,0,43,1,null,null,null,null,null,null,null,null,null);
Insert into DEVELOP.CONTRACTS (CODE,PACKAGE_ID,DEVICE_ID,BILL_CODE,BILL_DATE,BILL_PRICES,DEVELOP_NAME,PARTNER_ID,TYPE_COOPERATE,STATUS,CREATED_AT,CREATED_BY,UPDATED_AT,UPDATED_BY,ID,IS_DELETED,CUSTOMER_ID,BUILDINGS_ID,START_DATE_PACKAGE,SHOP_CODE,EMPLOYEE_ID,ADDRESS_ID,PACKAGE_TIME_USED,PACKAGE_TIME_PROMOTION,PERCENT_SHARE,CUSTOMER_CODE,BILL_PRICES_VAT) values ('MHĐ 02',61,40,'MHĐ 02',to_date('16-JUN-23','DD-MON-RR'),100000,'E-soft',221,2,1,to_timestamp('15-JUN-23 06.00.35.000000000 PM','DD-MON-RR HH.MI.SSXFF AM'),123,null,null,108,0,43,41,null,null,null,null,null,null,null,null,null);
Insert into DEVELOP.CONTRACTS (CODE,PACKAGE_ID,DEVICE_ID,BILL_CODE,BILL_DATE,BILL_PRICES,DEVELOP_NAME,PARTNER_ID,TYPE_COOPERATE,STATUS,CREATED_AT,CREATED_BY,UPDATED_AT,UPDATED_BY,ID,IS_DELETED,CUSTOMER_ID,BUILDINGS_ID,START_DATE_PACKAGE,SHOP_CODE,EMPLOYEE_ID,ADDRESS_ID,PACKAGE_TIME_USED,PACKAGE_TIME_PROMOTION,PERCENT_SHARE,CUSTOMER_CODE,BILL_PRICES_VAT) values ('MHĐ 03',61,40,'MHĐ 03',to_date('26-JUN-23','DD-MON-RR'),100000,'E-soft',183,3,1,to_timestamp('15-JUN-23 06.00.35.000000000 PM','DD-MON-RR HH.MI.SSXFF AM'),123,null,null,109,0,41,1,null,null,null,null,null,null,null,null,null);
Insert into DEVELOP.CONTRACTS (CODE,PACKAGE_ID,DEVICE_ID,BILL_CODE,BILL_DATE,BILL_PRICES,DEVELOP_NAME,PARTNER_ID,TYPE_COOPERATE,STATUS,CREATED_AT,CREATED_BY,UPDATED_AT,UPDATED_BY,ID,IS_DELETED,CUSTOMER_ID,BUILDINGS_ID,START_DATE_PACKAGE,SHOP_CODE,EMPLOYEE_ID,ADDRESS_ID,PACKAGE_TIME_USED,PACKAGE_TIME_PROMOTION,PERCENT_SHARE,CUSTOMER_CODE,BILL_PRICES_VAT) values ('MHĐ 01',149,101,'6543',to_date('06-JUN-23','DD-MON-RR'),100000,null,256,1,1,to_timestamp('20-JUN-23 05.37.51.000000000 PM','DD-MON-RR HH.MI.SSXFF AM'),61,null,null,147,0,125,103,to_timestamp('30-NOV-23 12.00.00.000000000 AM','DD-MON-RR HH.MI.SSXFF AM'),null,161,null,2,1,50,'3454',null);
Insert into DEVELOP.CONTRACTS (CODE,PACKAGE_ID,DEVICE_ID,BILL_CODE,BILL_DATE,BILL_PRICES,DEVELOP_NAME,PARTNER_ID,TYPE_COOPERATE,STATUS,CREATED_AT,CREATED_BY,UPDATED_AT,UPDATED_BY,ID,IS_DELETED,CUSTOMER_ID,BUILDINGS_ID,START_DATE_PACKAGE,SHOP_CODE,EMPLOYEE_ID,ADDRESS_ID,PACKAGE_TIME_USED,PACKAGE_TIME_PROMOTION,PERCENT_SHARE,CUSTOMER_CODE,BILL_PRICES_VAT) values ('MHĐ 02',145,61,'765RF',to_date('16-JUN-23','DD-MON-RR'),100000,null,255,2,2,to_timestamp('20-JUN-23 05.37.51.000000000 PM','DD-MON-RR HH.MI.SSXFF AM'),61,null,null,148,0,123,102,to_timestamp('16-NOV-23 12.00.00.000000000 AM','DD-MON-RR HH.MI.SSXFF AM'),null,162,null,12,2,10,'6543gf',null);
Insert into DEVELOP.CONTRACTS (CODE,PACKAGE_ID,DEVICE_ID,BILL_CODE,BILL_DATE,BILL_PRICES,DEVELOP_NAME,PARTNER_ID,TYPE_COOPERATE,STATUS,CREATED_AT,CREATED_BY,UPDATED_AT,UPDATED_BY,ID,IS_DELETED,CUSTOMER_ID,BUILDINGS_ID,START_DATE_PACKAGE,SHOP_CODE,EMPLOYEE_ID,ADDRESS_ID,PACKAGE_TIME_USED,PACKAGE_TIME_PROMOTION,PERCENT_SHARE,CUSTOMER_CODE,BILL_PRICES_VAT) values ('MHĐ 03',144,44,'654BVC',to_date('26-JUN-23','DD-MON-RR'),100000,null,254,3,3,to_timestamp('20-JUN-23 05.37.51.000000000 PM','DD-MON-RR HH.MI.SSXFF AM'),61,null,null,149,0,122,83,to_timestamp('26-OCT-23 12.00.00.000000000 AM','DD-MON-RR HH.MI.SSXFF AM'),null,124,null,6,1,10,'65432',null);
Insert into DEVELOP.CONTRACTS (CODE,PACKAGE_ID,DEVICE_ID,BILL_CODE,BILL_DATE,BILL_PRICES,DEVELOP_NAME,PARTNER_ID,TYPE_COOPERATE,STATUS,CREATED_AT,CREATED_BY,UPDATED_AT,UPDATED_BY,ID,IS_DELETED,CUSTOMER_ID,BUILDINGS_ID,START_DATE_PACKAGE,SHOP_CODE,EMPLOYEE_ID,ADDRESS_ID,PACKAGE_TIME_USED,PACKAGE_TIME_PROMOTION,PERCENT_SHARE,CUSTOMER_CODE,BILL_PRICES_VAT) values ('VMD_202306271702',null,null,null,null,null,null,null,null,1,null,null,null,null,222,0,61,67,null,null,123,10,null,null,null,null,null);
Insert into DEVELOP.CONTRACTS (CODE,PACKAGE_ID,DEVICE_ID,BILL_CODE,BILL_DATE,BILL_PRICES,DEVELOP_NAME,PARTNER_ID,TYPE_COOPERATE,STATUS,CREATED_AT,CREATED_BY,UPDATED_AT,UPDATED_BY,ID,IS_DELETED,CUSTOMER_ID,BUILDINGS_ID,START_DATE_PACKAGE,SHOP_CODE,EMPLOYEE_ID,ADDRESS_ID,PACKAGE_TIME_USED,PACKAGE_TIME_PROMOTION,PERCENT_SHARE,CUSTOMER_CODE,BILL_PRICES_VAT) values ('VMD_202306271705',null,null,null,null,null,null,null,null,1,null,null,null,null,226,0,61,null,null,null,61,10,null,null,null,null,null);
Insert into DEVELOP.CONTRACTS (CODE,PACKAGE_ID,DEVICE_ID,BILL_CODE,BILL_DATE,BILL_PRICES,DEVELOP_NAME,PARTNER_ID,TYPE_COOPERATE,STATUS,CREATED_AT,CREATED_BY,UPDATED_AT,UPDATED_BY,ID,IS_DELETED,CUSTOMER_ID,BUILDINGS_ID,START_DATE_PACKAGE,SHOP_CODE,EMPLOYEE_ID,ADDRESS_ID,PACKAGE_TIME_USED,PACKAGE_TIME_PROMOTION,PERCENT_SHARE,CUSTOMER_CODE,BILL_PRICES_VAT) values ('HĐ9087',149,null,null,null,700000,null,201,2,1,to_timestamp('30-JUN-23 11.57.51.000000000 AM','DD-MON-RR HH.MI.SSXFF AM'),123,null,null,235,0,61,67,to_timestamp('20-SEP-23 12.00.00.000000000 AM','DD-MON-RR HH.MI.SSXFF AM'),null,65,10,2,1,30,'5677',756000);
Insert into DEVELOP.CONTRACTS (CODE,PACKAGE_ID,DEVICE_ID,BILL_CODE,BILL_DATE,BILL_PRICES,DEVELOP_NAME,PARTNER_ID,TYPE_COOPERATE,STATUS,CREATED_AT,CREATED_BY,UPDATED_AT,UPDATED_BY,ID,IS_DELETED,CUSTOMER_ID,BUILDINGS_ID,START_DATE_PACKAGE,SHOP_CODE,EMPLOYEE_ID,ADDRESS_ID,PACKAGE_TIME_USED,PACKAGE_TIME_PROMOTION,PERCENT_SHARE,CUSTOMER_CODE,BILL_PRICES_VAT) values ('12349',19,28,'HĐ-2356',to_date('04-JAN-23','DD-MON-RR'),500000,'E-soft',161,2,1,to_timestamp('12-JUN-23 11.36.46.000000000 AM','DD-MON-RR HH.MI.SSXFF AM'),1,null,null,61,0,21,1,null,null,null,null,null,null,null,null,null);
Insert into DEVELOP.CONTRACTS (CODE,PACKAGE_ID,DEVICE_ID,BILL_CODE,BILL_DATE,BILL_PRICES,DEVELOP_NAME,PARTNER_ID,TYPE_COOPERATE,STATUS,CREATED_AT,CREATED_BY,UPDATED_AT,UPDATED_BY,ID,IS_DELETED,CUSTOMER_ID,BUILDINGS_ID,START_DATE_PACKAGE,SHOP_CODE,EMPLOYEE_ID,ADDRESS_ID,PACKAGE_TIME_USED,PACKAGE_TIME_PROMOTION,PERCENT_SHARE,CUSTOMER_CODE,BILL_PRICES_VAT) values ('12310',19,31,'HĐ-2389',to_date('10-FEB-23','DD-MON-RR'),1000000,'E-soft',161,2,1,to_timestamp('12-JUN-23 11.37.34.000000000 AM','DD-MON-RR HH.MI.SSXFF AM'),1,null,null,62,0,21,1,null,null,null,null,null,null,null,null,null);
Insert into DEVELOP.CONTRACTS (CODE,PACKAGE_ID,DEVICE_ID,BILL_CODE,BILL_DATE,BILL_PRICES,DEVELOP_NAME,PARTNER_ID,TYPE_COOPERATE,STATUS,CREATED_AT,CREATED_BY,UPDATED_AT,UPDATED_BY,ID,IS_DELETED,CUSTOMER_ID,BUILDINGS_ID,START_DATE_PACKAGE,SHOP_CODE,EMPLOYEE_ID,ADDRESS_ID,PACKAGE_TIME_USED,PACKAGE_TIME_PROMOTION,PERCENT_SHARE,CUSTOMER_CODE,BILL_PRICES_VAT) values ('12311',19,31,'HĐ-2310',to_date('14-MAR-23','DD-MON-RR'),2000000,'Mobi',142,3,1,to_timestamp('12-JUN-23 11.39.05.000000000 AM','DD-MON-RR HH.MI.SSXFF AM'),1,null,null,63,0,21,22,null,null,null,null,null,null,null,null,null);
Insert into DEVELOP.CONTRACTS (CODE,PACKAGE_ID,DEVICE_ID,BILL_CODE,BILL_DATE,BILL_PRICES,DEVELOP_NAME,PARTNER_ID,TYPE_COOPERATE,STATUS,CREATED_AT,CREATED_BY,UPDATED_AT,UPDATED_BY,ID,IS_DELETED,CUSTOMER_ID,BUILDINGS_ID,START_DATE_PACKAGE,SHOP_CODE,EMPLOYEE_ID,ADDRESS_ID,PACKAGE_TIME_USED,PACKAGE_TIME_PROMOTION,PERCENT_SHARE,CUSTOMER_CODE,BILL_PRICES_VAT) values ('12312',19,30,'HĐ-2311',to_date('11-APR-23','DD-MON-RR'),2000000,'Mobi',142,1,1,to_timestamp('12-JUN-23 11.39.49.000000000 AM','DD-MON-RR HH.MI.SSXFF AM'),1,null,null,64,0,41,21,null,null,null,null,null,null,null,null,null);
Insert into DEVELOP.CONTRACTS (CODE,PACKAGE_ID,DEVICE_ID,BILL_CODE,BILL_DATE,BILL_PRICES,DEVELOP_NAME,PARTNER_ID,TYPE_COOPERATE,STATUS,CREATED_AT,CREATED_BY,UPDATED_AT,UPDATED_BY,ID,IS_DELETED,CUSTOMER_ID,BUILDINGS_ID,START_DATE_PACKAGE,SHOP_CODE,EMPLOYEE_ID,ADDRESS_ID,PACKAGE_TIME_USED,PACKAGE_TIME_PROMOTION,PERCENT_SHARE,CUSTOMER_CODE,BILL_PRICES_VAT) values ('12313',20,30,'HĐ-2312',to_date('17-MAY-23','DD-MON-RR'),5000000,'Mobi',142,1,1,to_timestamp('12-JUN-23 11.40.32.000000000 AM','DD-MON-RR HH.MI.SSXFF AM'),1,null,null,65,0,41,22,null,null,null,null,null,null,null,null,null);
Insert into DEVELOP.CONTRACTS (CODE,PACKAGE_ID,DEVICE_ID,BILL_CODE,BILL_DATE,BILL_PRICES,DEVELOP_NAME,PARTNER_ID,TYPE_COOPERATE,STATUS,CREATED_AT,CREATED_BY,UPDATED_AT,UPDATED_BY,ID,IS_DELETED,CUSTOMER_ID,BUILDINGS_ID,START_DATE_PACKAGE,SHOP_CODE,EMPLOYEE_ID,ADDRESS_ID,PACKAGE_TIME_USED,PACKAGE_TIME_PROMOTION,PERCENT_SHARE,CUSTOMER_CODE,BILL_PRICES_VAT) values ('MHĐ01-22',17,28,'HĐ120122',to_date('12-JAN-22','DD-MON-RR'),5000000,'E-Soft',161,2,1,to_timestamp('15-JUN-23 09.51.26.000000000 AM','DD-MON-RR HH.MI.SSXFF AM'),61,null,null,81,0,42,1,null,null,null,null,null,null,null,null,null);
Insert into DEVELOP.CONTRACTS (CODE,PACKAGE_ID,DEVICE_ID,BILL_CODE,BILL_DATE,BILL_PRICES,DEVELOP_NAME,PARTNER_ID,TYPE_COOPERATE,STATUS,CREATED_AT,CREATED_BY,UPDATED_AT,UPDATED_BY,ID,IS_DELETED,CUSTOMER_ID,BUILDINGS_ID,START_DATE_PACKAGE,SHOP_CODE,EMPLOYEE_ID,ADDRESS_ID,PACKAGE_TIME_USED,PACKAGE_TIME_PROMOTION,PERCENT_SHARE,CUSTOMER_CODE,BILL_PRICES_VAT) values ('MHĐ02-22',17,28,'HĐ240222',to_date('24-FEB-22','DD-MON-RR'),10000000,'Công ty Hà Hoa',142,1,1,to_timestamp('15-JUN-23 09.52.25.000000000 AM','DD-MON-RR HH.MI.SSXFF AM'),61,null,null,82,0,41,22,null,null,null,null,null,null,null,null,null);
Insert into DEVELOP.CONTRACTS (CODE,PACKAGE_ID,DEVICE_ID,BILL_CODE,BILL_DATE,BILL_PRICES,DEVELOP_NAME,PARTNER_ID,TYPE_COOPERATE,STATUS,CREATED_AT,CREATED_BY,UPDATED_AT,UPDATED_BY,ID,IS_DELETED,CUSTOMER_ID,BUILDINGS_ID,START_DATE_PACKAGE,SHOP_CODE,EMPLOYEE_ID,ADDRESS_ID,PACKAGE_TIME_USED,PACKAGE_TIME_PROMOTION,PERCENT_SHARE,CUSTOMER_CODE,BILL_PRICES_VAT) values ('MHĐ04-22',17,28,'HĐ120422',to_date('12-APR-22','DD-MON-RR'),8000000,'Công ty Hoà Bình',201,3,1,to_timestamp('15-JUN-23 09.55.20.000000000 AM','DD-MON-RR HH.MI.SSXFF AM'),61,null,null,83,0,41,67,null,null,null,null,null,null,null,null,null);
Insert into DEVELOP.CONTRACTS (CODE,PACKAGE_ID,DEVICE_ID,BILL_CODE,BILL_DATE,BILL_PRICES,DEVELOP_NAME,PARTNER_ID,TYPE_COOPERATE,STATUS,CREATED_AT,CREATED_BY,UPDATED_AT,UPDATED_BY,ID,IS_DELETED,CUSTOMER_ID,BUILDINGS_ID,START_DATE_PACKAGE,SHOP_CODE,EMPLOYEE_ID,ADDRESS_ID,PACKAGE_TIME_USED,PACKAGE_TIME_PROMOTION,PERCENT_SHARE,CUSTOMER_CODE,BILL_PRICES_VAT) values ('MHĐ09-22',17,28,'HĐ270922',to_date('27-SEP-22','DD-MON-RR'),20000000,'Công ty Hoà Bình',142,2,1,to_timestamp('15-JUN-23 09.56.14.000000000 AM','DD-MON-RR HH.MI.SSXFF AM'),61,null,null,84,0,21,22,null,null,null,null,null,null,null,null,null);
Insert into DEVELOP.CONTRACTS (CODE,PACKAGE_ID,DEVICE_ID,BILL_CODE,BILL_DATE,BILL_PRICES,DEVELOP_NAME,PARTNER_ID,TYPE_COOPERATE,STATUS,CREATED_AT,CREATED_BY,UPDATED_AT,UPDATED_BY,ID,IS_DELETED,CUSTOMER_ID,BUILDINGS_ID,START_DATE_PACKAGE,SHOP_CODE,EMPLOYEE_ID,ADDRESS_ID,PACKAGE_TIME_USED,PACKAGE_TIME_PROMOTION,PERCENT_SHARE,CUSTOMER_CODE,BILL_PRICES_VAT) values ('HD200620231255',19,31,'HD200620231255',to_date('20-JUN-23','DD-MON-RR'),24324000,null,201,2,1,to_timestamp('20-JUN-23 01.04.18.000000000 PM','DD-MON-RR HH.MI.SSXFF AM'),61,null,null,144,0,61,42,to_timestamp('20-JUN-23 12.00.00.000000000 AM','DD-MON-RR HH.MI.SSXFF AM'),null,75,10,6,1,30,'KH01fdds',null);
Insert into DEVELOP.CONTRACTS (CODE,PACKAGE_ID,DEVICE_ID,BILL_CODE,BILL_DATE,BILL_PRICES,DEVELOP_NAME,PARTNER_ID,TYPE_COOPERATE,STATUS,CREATED_AT,CREATED_BY,UPDATED_AT,UPDATED_BY,ID,IS_DELETED,CUSTOMER_ID,BUILDINGS_ID,START_DATE_PACKAGE,SHOP_CODE,EMPLOYEE_ID,ADDRESS_ID,PACKAGE_TIME_USED,PACKAGE_TIME_PROMOTION,PERCENT_SHARE,CUSTOMER_CODE,BILL_PRICES_VAT) values ('HD2004201',17,31,'MHĐ 09',to_date('21-JUN-23','DD-MON-RR'),1000000,null,201,2,2,to_timestamp('20-JUN-23 03.02.02.000000000 PM','DD-MON-RR HH.MI.SSXFF AM'),123,to_timestamp('20-JUN-23 03.55.49.000000000 PM','DD-MON-RR HH.MI.SSXFF AM'),61,145,0,61,69,to_timestamp('20-JUN-23 12.00.00.000000000 AM','DD-MON-RR HH.MI.SSXFF AM'),null,122,10,4,1,30,null,null);
Insert into DEVELOP.CONTRACTS (CODE,PACKAGE_ID,DEVICE_ID,BILL_CODE,BILL_DATE,BILL_PRICES,DEVELOP_NAME,PARTNER_ID,TYPE_COOPERATE,STATUS,CREATED_AT,CREATED_BY,UPDATED_AT,UPDATED_BY,ID,IS_DELETED,CUSTOMER_ID,BUILDINGS_ID,START_DATE_PACKAGE,SHOP_CODE,EMPLOYEE_ID,ADDRESS_ID,PACKAGE_TIME_USED,PACKAGE_TIME_PROMOTION,PERCENT_SHARE,CUSTOMER_CODE,BILL_PRICES_VAT) values ('T234190',3,101,'MHĐ 090',to_date('06-JUL-23','DD-MON-RR'),1000000,null,201,2,1,to_timestamp('20-JUN-23 04.52.04.000000000 PM','DD-MON-RR HH.MI.SSXFF AM'),123,null,null,146,0,61,69,to_timestamp('06-JUL-23 12.00.00.000000000 AM','DD-MON-RR HH.MI.SSXFF AM'),null,61,10,12,2,30,'23456',null);
Insert into DEVELOP.CONTRACTS (CODE,PACKAGE_ID,DEVICE_ID,BILL_CODE,BILL_DATE,BILL_PRICES,DEVELOP_NAME,PARTNER_ID,TYPE_COOPERATE,STATUS,CREATED_AT,CREATED_BY,UPDATED_AT,UPDATED_BY,ID,IS_DELETED,CUSTOMER_ID,BUILDINGS_ID,START_DATE_PACKAGE,SHOP_CODE,EMPLOYEE_ID,ADDRESS_ID,PACKAGE_TIME_USED,PACKAGE_TIME_PROMOTION,PERCENT_SHARE,CUSTOMER_CODE,BILL_PRICES_VAT) values ('MHĐ 01',149,101,'6543',to_date('06-JUN-23','DD-MON-RR'),100000,null,256,1,1,to_timestamp('21-JUN-23 10.44.52.000000000 AM','DD-MON-RR HH.MI.SSXFF AM'),123,null,null,161,1,125,103,to_timestamp('30-NOV-23 12.00.00.000000000 AM','DD-MON-RR HH.MI.SSXFF AM'),null,161,null,2,1,50,'3454',null);
Insert into DEVELOP.CONTRACTS (CODE,PACKAGE_ID,DEVICE_ID,BILL_CODE,BILL_DATE,BILL_PRICES,DEVELOP_NAME,PARTNER_ID,TYPE_COOPERATE,STATUS,CREATED_AT,CREATED_BY,UPDATED_AT,UPDATED_BY,ID,IS_DELETED,CUSTOMER_ID,BUILDINGS_ID,START_DATE_PACKAGE,SHOP_CODE,EMPLOYEE_ID,ADDRESS_ID,PACKAGE_TIME_USED,PACKAGE_TIME_PROMOTION,PERCENT_SHARE,CUSTOMER_CODE,BILL_PRICES_VAT) values ('MHĐ 02',145,61,'765RF',to_date('16-JUN-23','DD-MON-RR'),100000,null,255,2,2,to_timestamp('21-JUN-23 10.44.52.000000000 AM','DD-MON-RR HH.MI.SSXFF AM'),123,null,null,162,1,123,102,to_timestamp('16-NOV-23 12.00.00.000000000 AM','DD-MON-RR HH.MI.SSXFF AM'),null,162,null,12,2,10,'6543gf',null);
Insert into DEVELOP.CONTRACTS (CODE,PACKAGE_ID,DEVICE_ID,BILL_CODE,BILL_DATE,BILL_PRICES,DEVELOP_NAME,PARTNER_ID,TYPE_COOPERATE,STATUS,CREATED_AT,CREATED_BY,UPDATED_AT,UPDATED_BY,ID,IS_DELETED,CUSTOMER_ID,BUILDINGS_ID,START_DATE_PACKAGE,SHOP_CODE,EMPLOYEE_ID,ADDRESS_ID,PACKAGE_TIME_USED,PACKAGE_TIME_PROMOTION,PERCENT_SHARE,CUSTOMER_CODE,BILL_PRICES_VAT) values ('MHĐ 03',144,44,'654BVC',to_date('26-JUN-23','DD-MON-RR'),100000,null,254,3,3,to_timestamp('21-JUN-23 10.44.52.000000000 AM','DD-MON-RR HH.MI.SSXFF AM'),123,null,null,163,1,122,83,to_timestamp('26-OCT-23 12.00.00.000000000 AM','DD-MON-RR HH.MI.SSXFF AM'),null,124,null,6,1,10,'65432',null);
Insert into DEVELOP.CONTRACTS (CODE,PACKAGE_ID,DEVICE_ID,BILL_CODE,BILL_DATE,BILL_PRICES,DEVELOP_NAME,PARTNER_ID,TYPE_COOPERATE,STATUS,CREATED_AT,CREATED_BY,UPDATED_AT,UPDATED_BY,ID,IS_DELETED,CUSTOMER_ID,BUILDINGS_ID,START_DATE_PACKAGE,SHOP_CODE,EMPLOYEE_ID,ADDRESS_ID,PACKAGE_TIME_USED,PACKAGE_TIME_PROMOTION,PERCENT_SHARE,CUSTOMER_CODE,BILL_PRICES_VAT) values ('VMD_202306281116',null,null,null,null,null,null,null,null,1,null,null,null,null,228,0,61,null,null,null,61,10,null,null,null,null,null);
Insert into DEVELOP.CONTRACTS (CODE,PACKAGE_ID,DEVICE_ID,BILL_CODE,BILL_DATE,BILL_PRICES,DEVELOP_NAME,PARTNER_ID,TYPE_COOPERATE,STATUS,CREATED_AT,CREATED_BY,UPDATED_AT,UPDATED_BY,ID,IS_DELETED,CUSTOMER_ID,BUILDINGS_ID,START_DATE_PACKAGE,SHOP_CODE,EMPLOYEE_ID,ADDRESS_ID,PACKAGE_TIME_USED,PACKAGE_TIME_PROMOTION,PERCENT_SHARE,CUSTOMER_CODE,BILL_PRICES_VAT) values ('MINH_202306281327',null,null,null,null,null,null,201,null,2,null,null,null,null,229,0,127,67,null,null,61,null,null,null,null,null,null);
Insert into DEVELOP.CONTRACTS (CODE,PACKAGE_ID,DEVICE_ID,BILL_CODE,BILL_DATE,BILL_PRICES,DEVELOP_NAME,PARTNER_ID,TYPE_COOPERATE,STATUS,CREATED_AT,CREATED_BY,UPDATED_AT,UPDATED_BY,ID,IS_DELETED,CUSTOMER_ID,BUILDINGS_ID,START_DATE_PACKAGE,SHOP_CODE,EMPLOYEE_ID,ADDRESS_ID,PACKAGE_TIME_USED,PACKAGE_TIME_PROMOTION,PERCENT_SHARE,CUSTOMER_CODE,BILL_PRICES_VAT) values ('VMD_202306290956',null,null,null,null,null,null,248,null,1,null,null,null,null,231,0,61,101,null,null,123,10,null,null,null,null,null);
Insert into DEVELOP.CONTRACTS (CODE,PACKAGE_ID,DEVICE_ID,BILL_CODE,BILL_DATE,BILL_PRICES,DEVELOP_NAME,PARTNER_ID,TYPE_COOPERATE,STATUS,CREATED_AT,CREATED_BY,UPDATED_AT,UPDATED_BY,ID,IS_DELETED,CUSTOMER_ID,BUILDINGS_ID,START_DATE_PACKAGE,SHOP_CODE,EMPLOYEE_ID,ADDRESS_ID,PACKAGE_TIME_USED,PACKAGE_TIME_PROMOTION,PERCENT_SHARE,CUSTOMER_CODE,BILL_PRICES_VAT) values ('HD17062023',12,null,'HD432497238',to_date('17-JUN-23','DD-MON-RR'),2432423,'VNPT',201,1,1,to_timestamp('17-JUN-23 05.43.22.000000000 PM','DD-MON-RR HH.MI.SSXFF AM'),61,null,null,121,1,41,null,to_timestamp('17-JUN-23 12.00.00.000000000 AM','DD-MON-RR HH.MI.SSXFF AM'),null,null,null,null,null,null,null,null);
Insert into DEVELOP.CONTRACTS (CODE,PACKAGE_ID,DEVICE_ID,BILL_CODE,BILL_DATE,BILL_PRICES,DEVELOP_NAME,PARTNER_ID,TYPE_COOPERATE,STATUS,CREATED_AT,CREATED_BY,UPDATED_AT,UPDATED_BY,ID,IS_DELETED,CUSTOMER_ID,BUILDINGS_ID,START_DATE_PACKAGE,SHOP_CODE,EMPLOYEE_ID,ADDRESS_ID,PACKAGE_TIME_USED,PACKAGE_TIME_PROMOTION,PERCENT_SHARE,CUSTOMER_CODE,BILL_PRICES_VAT) values ('VMD_202306260915',null,null,null,null,null,null,null,null,1,null,null,null,null,201,0,61,70,null,null,123,null,null,null,null,null,null);
Insert into DEVELOP.CONTRACTS (CODE,PACKAGE_ID,DEVICE_ID,BILL_CODE,BILL_DATE,BILL_PRICES,DEVELOP_NAME,PARTNER_ID,TYPE_COOPERATE,STATUS,CREATED_AT,CREATED_BY,UPDATED_AT,UPDATED_BY,ID,IS_DELETED,CUSTOMER_ID,BUILDINGS_ID,START_DATE_PACKAGE,SHOP_CODE,EMPLOYEE_ID,ADDRESS_ID,PACKAGE_TIME_USED,PACKAGE_TIME_PROMOTION,PERCENT_SHARE,CUSTOMER_CODE,BILL_PRICES_VAT) values ('diep_202306260923',null,null,null,null,null,null,null,null,1,null,null,null,null,202,0,128,102,null,null,123,null,null,null,null,null,null);
Insert into DEVELOP.CONTRACTS (CODE,PACKAGE_ID,DEVICE_ID,BILL_CODE,BILL_DATE,BILL_PRICES,DEVELOP_NAME,PARTNER_ID,TYPE_COOPERATE,STATUS,CREATED_AT,CREATED_BY,UPDATED_AT,UPDATED_BY,ID,IS_DELETED,CUSTOMER_ID,BUILDINGS_ID,START_DATE_PACKAGE,SHOP_CODE,EMPLOYEE_ID,ADDRESS_ID,PACKAGE_TIME_USED,PACKAGE_TIME_PROMOTION,PERCENT_SHARE,CUSTOMER_CODE,BILL_PRICES_VAT) values ('VMD_202306260955',12,61,'HĐ0710',to_date('06-JUL-23','DD-MON-RR'),2000000,null,201,1,2,null,null,to_timestamp('27-JUN-23 05.24.15.000000000 PM','DD-MON-RR HH.MI.SSXFF AM'),61,203,1,61,null,to_timestamp('26-JUN-23 12.00.00.000000000 AM','DD-MON-RR HH.MI.SSXFF AM'),null,123,10,3,1,null,'76543',2200000);
Insert into DEVELOP.CONTRACTS (CODE,PACKAGE_ID,DEVICE_ID,BILL_CODE,BILL_DATE,BILL_PRICES,DEVELOP_NAME,PARTNER_ID,TYPE_COOPERATE,STATUS,CREATED_AT,CREATED_BY,UPDATED_AT,UPDATED_BY,ID,IS_DELETED,CUSTOMER_ID,BUILDINGS_ID,START_DATE_PACKAGE,SHOP_CODE,EMPLOYEE_ID,ADDRESS_ID,PACKAGE_TIME_USED,PACKAGE_TIME_PROMOTION,PERCENT_SHARE,CUSTOMER_CODE,BILL_PRICES_VAT) values ('HD165529062023',141,29,null,null,70000,null,249,1,1,to_timestamp('29-JUN-23 05.00.51.000000000 PM','DD-MON-RR HH.MI.SSXFF AM'),61,null,null,234,0,61,null,to_timestamp('29-JUN-23 12.00.00.000000000 AM','DD-MON-RR HH.MI.SSXFF AM'),null,21,10,2,1,null,'KH165529062023',75600);
Insert into DEVELOP.CONTRACTS (CODE,PACKAGE_ID,DEVICE_ID,BILL_CODE,BILL_DATE,BILL_PRICES,DEVELOP_NAME,PARTNER_ID,TYPE_COOPERATE,STATUS,CREATED_AT,CREATED_BY,UPDATED_AT,UPDATED_BY,ID,IS_DELETED,CUSTOMER_ID,BUILDINGS_ID,START_DATE_PACKAGE,SHOP_CODE,EMPLOYEE_ID,ADDRESS_ID,PACKAGE_TIME_USED,PACKAGE_TIME_PROMOTION,PERCENT_SHARE,CUSTOMER_CODE,BILL_PRICES_VAT) values ('MHĐ 01',62,40,'MHĐ 01',to_date('06-JUN-23','DD-MON-RR'),100000,'E-soft',206,1,1,to_timestamp('13-JUN-23 11.03.49.000000000 AM','DD-MON-RR HH.MI.SSXFF AM'),61,null,null,66,0,43,1,null,null,null,null,null,null,null,null,null);
Insert into DEVELOP.CONTRACTS (CODE,PACKAGE_ID,DEVICE_ID,BILL_CODE,BILL_DATE,BILL_PRICES,DEVELOP_NAME,PARTNER_ID,TYPE_COOPERATE,STATUS,CREATED_AT,CREATED_BY,UPDATED_AT,UPDATED_BY,ID,IS_DELETED,CUSTOMER_ID,BUILDINGS_ID,START_DATE_PACKAGE,SHOP_CODE,EMPLOYEE_ID,ADDRESS_ID,PACKAGE_TIME_USED,PACKAGE_TIME_PROMOTION,PERCENT_SHARE,CUSTOMER_CODE,BILL_PRICES_VAT) values ('HDKD_20230609',19,29,'GD_890324',to_date('09-JUN-23','DD-MON-RR'),720000,'Công ty TNHH EWARE',161,1,1,to_timestamp('09-JUN-23 11.59.43.000000000 AM','DD-MON-RR HH.MI.SSXFF AM'),61,null,null,42,0,21,1,null,null,null,null,null,null,null,null,null);
Insert into DEVELOP.CONTRACTS (CODE,PACKAGE_ID,DEVICE_ID,BILL_CODE,BILL_DATE,BILL_PRICES,DEVELOP_NAME,PARTNER_ID,TYPE_COOPERATE,STATUS,CREATED_AT,CREATED_BY,UPDATED_AT,UPDATED_BY,ID,IS_DELETED,CUSTOMER_ID,BUILDINGS_ID,START_DATE_PACKAGE,SHOP_CODE,EMPLOYEE_ID,ADDRESS_ID,PACKAGE_TIME_USED,PACKAGE_TIME_PROMOTION,PERCENT_SHARE,CUSTOMER_CODE,BILL_PRICES_VAT) values ('1234',22,30,'1234',to_date('09-JUN-23','DD-MON-RR'),500000,'E-soft',142,2,1,to_timestamp('09-JUN-23 04.05.43.000000000 PM','DD-MON-RR HH.MI.SSXFF AM'),1,null,null,43,0,21,null,null,null,null,null,null,null,null,null,null);
Insert into DEVELOP.CONTRACTS (CODE,PACKAGE_ID,DEVICE_ID,BILL_CODE,BILL_DATE,BILL_PRICES,DEVELOP_NAME,PARTNER_ID,TYPE_COOPERATE,STATUS,CREATED_AT,CREATED_BY,UPDATED_AT,UPDATED_BY,ID,IS_DELETED,CUSTOMER_ID,BUILDINGS_ID,START_DATE_PACKAGE,SHOP_CODE,EMPLOYEE_ID,ADDRESS_ID,PACKAGE_TIME_USED,PACKAGE_TIME_PROMOTION,PERCENT_SHARE,CUSTOMER_CODE,BILL_PRICES_VAT) values ('MHĐ 02',22,40,'MHĐ 02',to_date('06-JUN-23','DD-MON-RR'),100000,'E-soft',206,2,1,to_timestamp('13-JUN-23 11.03.49.000000000 AM','DD-MON-RR HH.MI.SSXFF AM'),61,to_timestamp('14-JUN-23 09.47.09.000000000 AM','DD-MON-RR HH.MI.SSXFF AM'),1,67,0,24,44,null,null,null,null,null,null,null,null,null);
Insert into DEVELOP.CONTRACTS (CODE,PACKAGE_ID,DEVICE_ID,BILL_CODE,BILL_DATE,BILL_PRICES,DEVELOP_NAME,PARTNER_ID,TYPE_COOPERATE,STATUS,CREATED_AT,CREATED_BY,UPDATED_AT,UPDATED_BY,ID,IS_DELETED,CUSTOMER_ID,BUILDINGS_ID,START_DATE_PACKAGE,SHOP_CODE,EMPLOYEE_ID,ADDRESS_ID,PACKAGE_TIME_USED,PACKAGE_TIME_PROMOTION,PERCENT_SHARE,CUSTOMER_CODE,BILL_PRICES_VAT) values ('MHĐ2606-23',62,40,'MHĐ 01',to_date('26-JUN-22','DD-MON-RR'),100000,'E-soft',206,1,1,to_timestamp('15-JUN-23 01.16.38.000000000 PM','DD-MON-RR HH.MI.SSXFF AM'),61,null,null,88,0,43,1,null,null,null,null,null,null,null,null,null);
Insert into DEVELOP.CONTRACTS (CODE,PACKAGE_ID,DEVICE_ID,BILL_CODE,BILL_DATE,BILL_PRICES,DEVELOP_NAME,PARTNER_ID,TYPE_COOPERATE,STATUS,CREATED_AT,CREATED_BY,UPDATED_AT,UPDATED_BY,ID,IS_DELETED,CUSTOMER_ID,BUILDINGS_ID,START_DATE_PACKAGE,SHOP_CODE,EMPLOYEE_ID,ADDRESS_ID,PACKAGE_TIME_USED,PACKAGE_TIME_PROMOTION,PERCENT_SHARE,CUSTOMER_CODE,BILL_PRICES_VAT) values ('MHĐ2206-23',61,40,'MHĐ 02',to_date('22-JUN-22','DD-MON-RR'),100000,'E-soft',206,2,1,to_timestamp('15-JUN-23 01.16.38.000000000 PM','DD-MON-RR HH.MI.SSXFF AM'),61,null,null,89,0,43,41,null,null,null,null,null,null,null,null,null);
Insert into DEVELOP.CONTRACTS (CODE,PACKAGE_ID,DEVICE_ID,BILL_CODE,BILL_DATE,BILL_PRICES,DEVELOP_NAME,PARTNER_ID,TYPE_COOPERATE,STATUS,CREATED_AT,CREATED_BY,UPDATED_AT,UPDATED_BY,ID,IS_DELETED,CUSTOMER_ID,BUILDINGS_ID,START_DATE_PACKAGE,SHOP_CODE,EMPLOYEE_ID,ADDRESS_ID,PACKAGE_TIME_USED,PACKAGE_TIME_PROMOTION,PERCENT_SHARE,CUSTOMER_CODE,BILL_PRICES_VAT) values ('MHĐ2006-23',61,40,'MHĐ 03',to_date('20-JUN-22','DD-MON-RR'),100000,'E-soft',206,3,1,to_timestamp('15-JUN-23 01.16.38.000000000 PM','DD-MON-RR HH.MI.SSXFF AM'),61,null,null,90,0,41,1,null,null,null,null,null,null,null,null,null);
Insert into DEVELOP.CONTRACTS (CODE,PACKAGE_ID,DEVICE_ID,BILL_CODE,BILL_DATE,BILL_PRICES,DEVELOP_NAME,PARTNER_ID,TYPE_COOPERATE,STATUS,CREATED_AT,CREATED_BY,UPDATED_AT,UPDATED_BY,ID,IS_DELETED,CUSTOMER_ID,BUILDINGS_ID,START_DATE_PACKAGE,SHOP_CODE,EMPLOYEE_ID,ADDRESS_ID,PACKAGE_TIME_USED,PACKAGE_TIME_PROMOTION,PERCENT_SHARE,CUSTOMER_CODE,BILL_PRICES_VAT) values ('MHĐ 02',62,40,'MHĐ 01',to_date('06-JUN-23','DD-MON-RR'),100000,'E-soft',206,1,1,to_timestamp('15-JUN-23 01.40.54.000000000 PM','DD-MON-RR HH.MI.SSXFF AM'),123,null,null,91,0,43,1,null,null,null,null,null,null,null,null,null);
Insert into DEVELOP.CONTRACTS (CODE,PACKAGE_ID,DEVICE_ID,BILL_CODE,BILL_DATE,BILL_PRICES,DEVELOP_NAME,PARTNER_ID,TYPE_COOPERATE,STATUS,CREATED_AT,CREATED_BY,UPDATED_AT,UPDATED_BY,ID,IS_DELETED,CUSTOMER_ID,BUILDINGS_ID,START_DATE_PACKAGE,SHOP_CODE,EMPLOYEE_ID,ADDRESS_ID,PACKAGE_TIME_USED,PACKAGE_TIME_PROMOTION,PERCENT_SHARE,CUSTOMER_CODE,BILL_PRICES_VAT) values ('MHĐ 02',61,40,'MHĐ 02',to_date('16-JUN-23','DD-MON-RR'),100000,'E-soft',206,2,1,to_timestamp('15-JUN-23 01.40.54.000000000 PM','DD-MON-RR HH.MI.SSXFF AM'),123,null,null,92,0,43,41,null,null,null,null,null,null,null,null,null);
Insert into DEVELOP.CONTRACTS (CODE,PACKAGE_ID,DEVICE_ID,BILL_CODE,BILL_DATE,BILL_PRICES,DEVELOP_NAME,PARTNER_ID,TYPE_COOPERATE,STATUS,CREATED_AT,CREATED_BY,UPDATED_AT,UPDATED_BY,ID,IS_DELETED,CUSTOMER_ID,BUILDINGS_ID,START_DATE_PACKAGE,SHOP_CODE,EMPLOYEE_ID,ADDRESS_ID,PACKAGE_TIME_USED,PACKAGE_TIME_PROMOTION,PERCENT_SHARE,CUSTOMER_CODE,BILL_PRICES_VAT) values ('MHĐ 03',61,40,'MHĐ 03',to_date('26-JUN-23','DD-MON-RR'),100000,'E-soft',206,3,1,to_timestamp('15-JUN-23 01.40.54.000000000 PM','DD-MON-RR HH.MI.SSXFF AM'),123,null,null,93,0,41,1,null,null,null,null,null,null,null,null,null);
Insert into DEVELOP.CONTRACTS (CODE,PACKAGE_ID,DEVICE_ID,BILL_CODE,BILL_DATE,BILL_PRICES,DEVELOP_NAME,PARTNER_ID,TYPE_COOPERATE,STATUS,CREATED_AT,CREATED_BY,UPDATED_AT,UPDATED_BY,ID,IS_DELETED,CUSTOMER_ID,BUILDINGS_ID,START_DATE_PACKAGE,SHOP_CODE,EMPLOYEE_ID,ADDRESS_ID,PACKAGE_TIME_USED,PACKAGE_TIME_PROMOTION,PERCENT_SHARE,CUSTOMER_CODE,BILL_PRICES_VAT) values ('MHĐ 09',101,61,'HDD071 ',to_date('09-SEP-23','DD-MON-RR'),30000,'E-soft',206,3,1,to_timestamp('15-JUN-23 03.59.02.000000000 PM','DD-MON-RR HH.MI.SSXFF AM'),61,null,null,104,0,43,69,null,null,null,null,null,null,null,null,null);
Insert into DEVELOP.CONTRACTS (CODE,PACKAGE_ID,DEVICE_ID,BILL_CODE,BILL_DATE,BILL_PRICES,DEVELOP_NAME,PARTNER_ID,TYPE_COOPERATE,STATUS,CREATED_AT,CREATED_BY,UPDATED_AT,UPDATED_BY,ID,IS_DELETED,CUSTOMER_ID,BUILDINGS_ID,START_DATE_PACKAGE,SHOP_CODE,EMPLOYEE_ID,ADDRESS_ID,PACKAGE_TIME_USED,PACKAGE_TIME_PROMOTION,PERCENT_SHARE,CUSTOMER_CODE,BILL_PRICES_VAT) values ('HĐ987',62,61,'HDD0715',to_date('17-AUG-23','DD-MON-RR'),300000,'E-soft',206,2,1,to_timestamp('15-JUN-23 03.59.02.000000000 PM','DD-MON-RR HH.MI.SSXFF AM'),61,null,null,105,0,41,66,null,null,null,null,null,null,null,null,null);
Insert into DEVELOP.CONTRACTS (CODE,PACKAGE_ID,DEVICE_ID,BILL_CODE,BILL_DATE,BILL_PRICES,DEVELOP_NAME,PARTNER_ID,TYPE_COOPERATE,STATUS,CREATED_AT,CREATED_BY,UPDATED_AT,UPDATED_BY,ID,IS_DELETED,CUSTOMER_ID,BUILDINGS_ID,START_DATE_PACKAGE,SHOP_CODE,EMPLOYEE_ID,ADDRESS_ID,PACKAGE_TIME_USED,PACKAGE_TIME_PROMOTION,PERCENT_SHARE,CUSTOMER_CODE,BILL_PRICES_VAT) values ('HDKD_2023060',42,61,'HĐ071022',to_date('01-SEP-23','DD-MON-RR'),100000,'E-soft',206,1,2,to_timestamp('15-JUN-23 03.59.02.000000000 PM','DD-MON-RR HH.MI.SSXFF AM'),61,null,null,106,0,41,66,null,null,null,null,null,null,null,null,null);
Insert into DEVELOP.CONTRACTS (CODE,PACKAGE_ID,DEVICE_ID,BILL_CODE,BILL_DATE,BILL_PRICES,DEVELOP_NAME,PARTNER_ID,TYPE_COOPERATE,STATUS,CREATED_AT,CREATED_BY,UPDATED_AT,UPDATED_BY,ID,IS_DELETED,CUSTOMER_ID,BUILDINGS_ID,START_DATE_PACKAGE,SHOP_CODE,EMPLOYEE_ID,ADDRESS_ID,PACKAGE_TIME_USED,PACKAGE_TIME_PROMOTION,PERCENT_SHARE,CUSTOMER_CODE,BILL_PRICES_VAT) values ('HD190620231800',17,31,'HD190620231800',to_date('19-JUN-23','DD-MON-RR'),6000000,'VNPT',143,1,1,to_timestamp('19-JUN-23 06.01.03.000000000 PM','DD-MON-RR HH.MI.SSXFF AM'),61,to_timestamp('20-JUN-23 04.06.29.000000000 PM','DD-MON-RR HH.MI.SSXFF AM'),61,142,0,41,null,to_timestamp('19-JUN-23 12.00.00.000000000 AM','DD-MON-RR HH.MI.SSXFF AM'),null,73,4,4,1,null,'hgjhgj',null);
Insert into DEVELOP.CONTRACTS (CODE,PACKAGE_ID,DEVICE_ID,BILL_CODE,BILL_DATE,BILL_PRICES,DEVELOP_NAME,PARTNER_ID,TYPE_COOPERATE,STATUS,CREATED_AT,CREATED_BY,UPDATED_AT,UPDATED_BY,ID,IS_DELETED,CUSTOMER_ID,BUILDINGS_ID,START_DATE_PACKAGE,SHOP_CODE,EMPLOYEE_ID,ADDRESS_ID,PACKAGE_TIME_USED,PACKAGE_TIME_PROMOTION,PERCENT_SHARE,CUSTOMER_CODE,BILL_PRICES_VAT) values ('01022023/FTTH/CTY1',144,null,'dsadsadasd',to_date('23-JUN-23','DD-MON-RR'),20000000,null,201,2,1,to_timestamp('23-JUN-23 10.22.55.000000000 AM','DD-MON-RR HH.MI.SSXFF AM'),61,null,null,181,0,141,67,to_timestamp('23-JUN-23 12.00.00.000000000 AM','DD-MON-RR HH.MI.SSXFF AM'),null,121,22,6,1,30,'0034567',null);
Insert into DEVELOP.CONTRACTS (CODE,PACKAGE_ID,DEVICE_ID,BILL_CODE,BILL_DATE,BILL_PRICES,DEVELOP_NAME,PARTNER_ID,TYPE_COOPERATE,STATUS,CREATED_AT,CREATED_BY,UPDATED_AT,UPDATED_BY,ID,IS_DELETED,CUSTOMER_ID,BUILDINGS_ID,START_DATE_PACKAGE,SHOP_CODE,EMPLOYEE_ID,ADDRESS_ID,PACKAGE_TIME_USED,PACKAGE_TIME_PROMOTION,PERCENT_SHARE,CUSTOMER_CODE,BILL_PRICES_VAT) values ('VMD_202306231145',null,null,null,null,null,null,null,null,null,null,null,null,null,182,0,61,65,null,null,null,null,null,null,null,null,null);
Insert into DEVELOP.CONTRACTS (CODE,PACKAGE_ID,DEVICE_ID,BILL_CODE,BILL_DATE,BILL_PRICES,DEVELOP_NAME,PARTNER_ID,TYPE_COOPERATE,STATUS,CREATED_AT,CREATED_BY,UPDATED_AT,UPDATED_BY,ID,IS_DELETED,CUSTOMER_ID,BUILDINGS_ID,START_DATE_PACKAGE,SHOP_CODE,EMPLOYEE_ID,ADDRESS_ID,PACKAGE_TIME_USED,PACKAGE_TIME_PROMOTION,PERCENT_SHARE,CUSTOMER_CODE,BILL_PRICES_VAT) values ('MKH010_202306231337',null,null,null,null,null,null,null,null,2,null,null,null,null,184,0,126,70,null,null,61,null,null,null,null,null,null);
Insert into DEVELOP.CONTRACTS (CODE,PACKAGE_ID,DEVICE_ID,BILL_CODE,BILL_DATE,BILL_PRICES,DEVELOP_NAME,PARTNER_ID,TYPE_COOPERATE,STATUS,CREATED_AT,CREATED_BY,UPDATED_AT,UPDATED_BY,ID,IS_DELETED,CUSTOMER_ID,BUILDINGS_ID,START_DATE_PACKAGE,SHOP_CODE,EMPLOYEE_ID,ADDRESS_ID,PACKAGE_TIME_USED,PACKAGE_TIME_PROMOTION,PERCENT_SHARE,CUSTOMER_CODE,BILL_PRICES_VAT) values ('HD190620231155',12,29,'HD190620231155',to_date('19-JUN-23','DD-MON-RR'),6000000,'Đơn vị phát triển 1',161,1,2,to_timestamp('19-JUN-23 11.56.51.000000000 AM','DD-MON-RR HH.MI.SSXFF AM'),61,to_timestamp('19-JUN-23 12.37.19.000000000 PM','DD-MON-RR HH.MI.SSXFF AM'),61,141,1,41,null,to_timestamp('19-JUN-23 12.00.00.000000000 AM','DD-MON-RR HH.MI.SSXFF AM'),null,null,4,null,null,null,null,null);
Insert into DEVELOP.CONTRACTS (CODE,PACKAGE_ID,DEVICE_ID,BILL_CODE,BILL_DATE,BILL_PRICES,DEVELOP_NAME,PARTNER_ID,TYPE_COOPERATE,STATUS,CREATED_AT,CREATED_BY,UPDATED_AT,UPDATED_BY,ID,IS_DELETED,CUSTOMER_ID,BUILDINGS_ID,START_DATE_PACKAGE,SHOP_CODE,EMPLOYEE_ID,ADDRESS_ID,PACKAGE_TIME_USED,PACKAGE_TIME_PROMOTION,PERCENT_SHARE,CUSTOMER_CODE,BILL_PRICES_VAT) values ('MINH_202306231154',null,null,null,null,null,null,null,null,null,null,null,null,null,183,0,127,70,null,null,null,null,null,null,null,null,null);
Insert into DEVELOP.CONTRACTS (CODE,PACKAGE_ID,DEVICE_ID,BILL_CODE,BILL_DATE,BILL_PRICES,DEVELOP_NAME,PARTNER_ID,TYPE_COOPERATE,STATUS,CREATED_AT,CREATED_BY,UPDATED_AT,UPDATED_BY,ID,IS_DELETED,CUSTOMER_ID,BUILDINGS_ID,START_DATE_PACKAGE,SHOP_CODE,EMPLOYEE_ID,ADDRESS_ID,PACKAGE_TIME_USED,PACKAGE_TIME_PROMOTION,PERCENT_SHARE,CUSTOMER_CODE,BILL_PRICES_VAT) values ('239749eds_202306231708',null,null,null,null,null,null,null,null,1,null,null,null,null,185,0,101,65,null,null,123,null,null,null,null,null,null);
Insert into DEVELOP.CONTRACTS (CODE,PACKAGE_ID,DEVICE_ID,BILL_CODE,BILL_DATE,BILL_PRICES,DEVELOP_NAME,PARTNER_ID,TYPE_COOPERATE,STATUS,CREATED_AT,CREATED_BY,UPDATED_AT,UPDATED_BY,ID,IS_DELETED,CUSTOMER_ID,BUILDINGS_ID,START_DATE_PACKAGE,SHOP_CODE,EMPLOYEE_ID,ADDRESS_ID,PACKAGE_TIME_USED,PACKAGE_TIME_PROMOTION,PERCENT_SHARE,CUSTOMER_CODE,BILL_PRICES_VAT) values ('VMD_202306271335',null,null,null,null,null,null,null,null,1,null,null,null,null,221,0,61,null,null,null,61,null,null,null,null,null,null);
Insert into DEVELOP.CONTRACTS (CODE,PACKAGE_ID,DEVICE_ID,BILL_CODE,BILL_DATE,BILL_PRICES,DEVELOP_NAME,PARTNER_ID,TYPE_COOPERATE,STATUS,CREATED_AT,CREATED_BY,UPDATED_AT,UPDATED_BY,ID,IS_DELETED,CUSTOMER_ID,BUILDINGS_ID,START_DATE_PACKAGE,SHOP_CODE,EMPLOYEE_ID,ADDRESS_ID,PACKAGE_TIME_USED,PACKAGE_TIME_PROMOTION,PERCENT_SHARE,CUSTOMER_CODE,BILL_PRICES_VAT) values ('MKH010_202306281037',null,null,null,null,null,null,null,null,1,null,null,null,null,227,0,126,101,null,null,61,null,null,null,null,null,null);
Insert into DEVELOP.CONTRACTS (CODE,PACKAGE_ID,DEVICE_ID,BILL_CODE,BILL_DATE,BILL_PRICES,DEVELOP_NAME,PARTNER_ID,TYPE_COOPERATE,STATUS,CREATED_AT,CREATED_BY,UPDATED_AT,UPDATED_BY,ID,IS_DELETED,CUSTOMER_ID,BUILDINGS_ID,START_DATE_PACKAGE,SHOP_CODE,EMPLOYEE_ID,ADDRESS_ID,PACKAGE_TIME_USED,PACKAGE_TIME_PROMOTION,PERCENT_SHARE,CUSTOMER_CODE,BILL_PRICES_VAT) values ('T65',161,101,'7654',to_date('06-JUN-23','DD-MON-RR'),null,null,261,1,1,to_timestamp('28-JUN-23 04.15.54.000000000 PM','DD-MON-RR HH.MI.SSXFF AM'),123,null,null,230,0,184,103,to_timestamp('01-SEP-23 12.00.00.000000000 AM','DD-MON-RR HH.MI.SSXFF AM'),null,201,null,1,null,50,'QA_65',null);
Insert into DEVELOP.CONTRACTS (CODE,PACKAGE_ID,DEVICE_ID,BILL_CODE,BILL_DATE,BILL_PRICES,DEVELOP_NAME,PARTNER_ID,TYPE_COOPERATE,STATUS,CREATED_AT,CREATED_BY,UPDATED_AT,UPDATED_BY,ID,IS_DELETED,CUSTOMER_ID,BUILDINGS_ID,START_DATE_PACKAGE,SHOP_CODE,EMPLOYEE_ID,ADDRESS_ID,PACKAGE_TIME_USED,PACKAGE_TIME_PROMOTION,PERCENT_SHARE,CUSTOMER_CODE,BILL_PRICES_VAT) values ('MINH_202306301708',null,null,null,null,null,null,301,null,1,null,null,null,null,236,0,127,141,null,null,123,null,null,null,null,null,null);
REM INSERTING into DEVELOP.CUSTOMERS
SET DEFINE OFF;
Insert into DEVELOP.CUSTOMERS (ID,CODE,FIRSTNAME,LAST_NAME,EMAIL,PHONE,TYPE,CREATED_AT,CCCD,CREATED_BY,UPDATED_AT,UPDATED_BY,IS_ACTIVE,IS_DELETED,USERNAME,CCCD_FRONT,CCCD_BACKSIDE) values (61,'VMD','Văn Mỹ','Đình','dinhvm@gmail.com','0765764654',1,to_timestamp('14-JUN-23 08.00.04.000000000 PM','DD-MON-RR HH.MI.SSXFF AM'),'43252432233',61,to_timestamp('23-JUN-23 10.08.56.000000000 AM','DD-MON-RR HH.MI.SSXFF AM'),61,2,0,'dinhvm','MJ6wz9X6LnJzxlogkgv56wqfXOYqwmTYbuH2jh9n.png','zneRF0RmfvA2O3q7bYccKXUleRsIpNYo9GKQikGJ.png');
Insert into DEVELOP.CUSTOMERS (ID,CODE,FIRSTNAME,LAST_NAME,EMAIL,PHONE,TYPE,CREATED_AT,CCCD,CREATED_BY,UPDATED_AT,UPDATED_BY,IS_ACTIVE,IS_DELETED,USERNAME,CCCD_FRONT,CCCD_BACKSIDE) values (126,'MKH 010','Nguyễn','Hoài','hoainguyen31@gmail.com','0987654390',1,to_timestamp('21-JUN-23 04.38.43.000000000 PM','DD-MON-RR HH.MI.SSXFF AM'),'54353453434',123,null,null,1,0,'hoaint90',null,null);
Insert into DEVELOP.CUSTOMERS (ID,CODE,FIRSTNAME,LAST_NAME,EMAIL,PHONE,TYPE,CREATED_AT,CCCD,CREATED_BY,UPDATED_AT,UPDATED_BY,IS_ACTIVE,IS_DELETED,USERNAME,CCCD_FRONT,CCCD_BACKSIDE) values (127,'MINH','Dương','Minh','duongminh@gmail.com','0876547802',2,to_timestamp('21-JUN-23 04.38.43.000000000 PM','DD-MON-RR HH.MI.SSXFF AM'),'438204234234',123,null,null,1,0,'minhduong',null,null);
Insert into DEVELOP.CUSTOMERS (ID,CODE,FIRSTNAME,LAST_NAME,EMAIL,PHONE,TYPE,CREATED_AT,CCCD,CREATED_BY,UPDATED_AT,UPDATED_BY,IS_ACTIVE,IS_DELETED,USERNAME,CCCD_FRONT,CCCD_BACKSIDE) values (128,'diep','Ngọc','Diệp','ngocdiep20@gmail.com','0343555916',2,to_timestamp('21-JUN-23 04.38.43.000000000 PM','DD-MON-RR HH.MI.SSXFF AM'),'130400567811',123,null,null,1,0,'diepbn24',null,null);
Insert into DEVELOP.CUSTOMERS (ID,CODE,FIRSTNAME,LAST_NAME,EMAIL,PHONE,TYPE,CREATED_AT,CCCD,CREATED_BY,UPDATED_AT,UPDATED_BY,IS_ACTIVE,IS_DELETED,USERNAME,CCCD_FRONT,CCCD_BACKSIDE) values (122,'65432','Diệp','Ngọc','ngocdiep1@gmail.com','0343555980',1,to_timestamp('20-JUN-23 10.41.58.000000000 AM','DD-MON-RR HH.MI.SSXFF AM'),'001304005690',123,to_timestamp('21-JUN-23 01.45.54.000000000 PM','DD-MON-RR HH.MI.SSXFF AM'),123,1,0,'ngocdiep1','I89GOZs2ekRCjW6eLp4uJpz7vg7Jb8Z4nUBPGad6.png','mTLpcQACAid2HiLRxcuKwRmeaZuAGk4oRPGFhxKR.png');
Insert into DEVELOP.CUSTOMERS (ID,CODE,FIRSTNAME,LAST_NAME,EMAIL,PHONE,TYPE,CREATED_AT,CCCD,CREATED_BY,UPDATED_AT,UPDATED_BY,IS_ACTIVE,IS_DELETED,USERNAME,CCCD_FRONT,CCCD_BACKSIDE) values (123,'6543gf','Vy','Ngọc','vy1@gmail.com','0988487099',null,to_timestamp('20-JUN-23 10.42.51.000000000 AM','DD-MON-RR HH.MI.SSXFF AM'),'0987654334524',123,null,null,1,0,'ngocvy','7FWpFhbB03zM0TWYkVRycjBBrsRpKpBNzFSAjhU2.png','EO1t0CBmHoQBKnxufwip85YtA0PAhffTBIUppNnQ.png');
Insert into DEVELOP.CUSTOMERS (ID,CODE,FIRSTNAME,LAST_NAME,EMAIL,PHONE,TYPE,CREATED_AT,CCCD,CREATED_BY,UPDATED_AT,UPDATED_BY,IS_ACTIVE,IS_DELETED,USERNAME,CCCD_FRONT,CCCD_BACKSIDE) values (124,'87653g','Anh','Quỳnh','quynhanh1712@gmail.com','0987632588',1,to_timestamp('20-JUN-23 10.46.30.000000000 AM','DD-MON-RR HH.MI.SSXFF AM'),'123456789876',123,to_timestamp('20-JUN-23 10.50.57.000000000 AM','DD-MON-RR HH.MI.SSXFF AM'),123,1,1,'quynhanh01','KuvpHokZVi3pfCiXBoRJpit4802Wu0assyOt2xsw.png','B0DtFeM9mwrGnJ1Vrc7wrBIU7X3AghwjLhaYhNgX.png');
Insert into DEVELOP.CUSTOMERS (ID,CODE,FIRSTNAME,LAST_NAME,EMAIL,PHONE,TYPE,CREATED_AT,CCCD,CREATED_BY,UPDATED_AT,UPDATED_BY,IS_ACTIVE,IS_DELETED,USERNAME,CCCD_FRONT,CCCD_BACKSIDE) values (125,'3454','Anh','Ngọc','ngocanh@gmail.com','0987655678',1,to_timestamp('20-JUN-23 03.11.45.000000000 PM','DD-MON-RR HH.MI.SSXFF AM'),'0876523456776',123,null,null,1,0,'ngocanh','IRnXjUtrsZ7uhzxTXuJGsh5sRtJoUBVQ5acyDWhQ.png','WjdO4dyXHbyCOnULPqoEDcublAfl4e3YsfmhKvOx.png');
Insert into DEVELOP.CUSTOMERS (ID,CODE,FIRSTNAME,LAST_NAME,EMAIL,PHONE,TYPE,CREATED_AT,CCCD,CREATED_BY,UPDATED_AT,UPDATED_BY,IS_ACTIVE,IS_DELETED,USERNAME,CCCD_FRONT,CCCD_BACKSIDE) values (163,'9809','Hà','Thu','thuha@gmail.com','0987654654',1,to_timestamp('27-JUN-23 10.04.34.000000000 AM','DD-MON-RR HH.MI.SSXFF AM'),'0987654334567',123,null,null,1,0,'thuha','ZY9geinyzPnEWStFd3Is6miNDss5uaGo1it7dXWN.png','wLQ5idbK4ajCaA9y5CSBZZhUbAaRKqiGgp8wi62p.png');
Insert into DEVELOP.CUSTOMERS (ID,CODE,FIRSTNAME,LAST_NAME,EMAIL,PHONE,TYPE,CREATED_AT,CCCD,CREATED_BY,UPDATED_AT,UPDATED_BY,IS_ACTIVE,IS_DELETED,USERNAME,CCCD_FRONT,CCCD_BACKSIDE) values (185,'BV_58','Bảo Vy',null,'baovy@gmail.com','0987655908',1,to_timestamp('28-JUN-23 09.53.02.000000000 AM','DD-MON-RR HH.MI.SSXFF AM'),'0013040056101',123,null,null,1,0,'baovy','9Mi9pXrXRx7aYJwGJeQXY4wPtBwVnXQoedW8dLvT.png','uYfi4cdifZZ5hG0IV0aLKMZVVkPAPF58maA8XADA.png');
Insert into DEVELOP.CUSTOMERS (ID,CODE,FIRSTNAME,LAST_NAME,EMAIL,PHONE,TYPE,CREATED_AT,CCCD,CREATED_BY,UPDATED_AT,UPDATED_BY,IS_ACTIVE,IS_DELETED,USERNAME,CCCD_FRONT,CCCD_BACKSIDE) values (21,'MKH 01','Diệp','Bùi','Diep@gmail.com','0987654321',1,to_timestamp('09-JUN-23 09.30.50.000000000 AM','DD-MON-RR HH.MI.SSXFF AM'),'098765432',1,to_timestamp('14-JUN-23 08.10.27.000000000 PM','DD-MON-RR HH.MI.SSXFF AM'),61,1,0,null,null,null);
Insert into DEVELOP.CUSTOMERS (ID,CODE,FIRSTNAME,LAST_NAME,EMAIL,PHONE,TYPE,CREATED_AT,CCCD,CREATED_BY,UPDATED_AT,UPDATED_BY,IS_ACTIVE,IS_DELETED,USERNAME,CCCD_FRONT,CCCD_BACKSIDE) values (161,'20104','Diệp','Ngọc','ngocdiep20104@gmail.com','0343555911',1,to_timestamp('26-JUN-23 09.21.41.000000000 AM','DD-MON-RR HH.MI.SSXFF AM'),'001304003740',123,null,null,1,0,'ngocdiep201','5GPRe05J8rFY90lQERLhs3bnM6k1RG5odyqUe4EC.png','UrkjsYJ4rQnQKsgZBf481RoNuUF9bwsxDgnhBwvx.png');
Insert into DEVELOP.CUSTOMERS (ID,CODE,FIRSTNAME,LAST_NAME,EMAIL,PHONE,TYPE,CREATED_AT,CCCD,CREATED_BY,UPDATED_AT,UPDATED_BY,IS_ACTIVE,IS_DELETED,USERNAME,CCCD_FRONT,CCCD_BACKSIDE) values (162,'345655','Hoài','Thu','hoainguyen@gmail.com','0343555912',1,to_timestamp('26-JUN-23 10.43.03.000000000 AM','DD-MON-RR HH.MI.SSXFF AM'),'09876543345241',123,null,null,1,0,'hoainguyen','yDuGizEO226LxaUk17XXKHbLlv9VdALPDPDNQKG0.png','i3Kw3eVdB0SXPH8yUfPehIkNOkcEXhxEWaRGGRbo.png');
Insert into DEVELOP.CUSTOMERS (ID,CODE,FIRSTNAME,LAST_NAME,EMAIL,PHONE,TYPE,CREATED_AT,CCCD,CREATED_BY,UPDATED_AT,UPDATED_BY,IS_ACTIVE,IS_DELETED,USERNAME,CCCD_FRONT,CCCD_BACKSIDE) values (181,'VMV1','Văn Mỹ Vở',null,'phamin11@gmail.com','0994432433',1,to_timestamp('27-JUN-23 02.51.28.000000000 PM','DD-MON-RR HH.MI.SSXFF AM'),'0300907675553',61,null,null,1,0,'vanmyvo','sNCs6E5sUxiUqi8NmRMtsV3BPqGuvkalswzLDigh.jpg','0HuCj5hF7mqrubauImBUcmQyEgibMAHFo2cZhaUy.jpg');
Insert into DEVELOP.CUSTOMERS (ID,CODE,FIRSTNAME,LAST_NAME,EMAIL,PHONE,TYPE,CREATED_AT,CCCD,CREATED_BY,UPDATED_AT,UPDATED_BY,IS_ACTIVE,IS_DELETED,USERNAME,CCCD_FRONT,CCCD_BACKSIDE) values (182,'LMBG_37','Long Ma Bắc Giang',null,'longmabacgiang98@gmail.com','0999999999',1,to_timestamp('27-JUN-23 04.23.15.000000000 PM','DD-MON-RR HH.MI.SSXFF AM'),'212234897876',61,null,null,1,0,'longmabacgiang',null,null);
Insert into DEVELOP.CUSTOMERS (ID,CODE,FIRSTNAME,LAST_NAME,EMAIL,PHONE,TYPE,CREATED_AT,CCCD,CREATED_BY,UPDATED_AT,UPDATED_BY,IS_ACTIVE,IS_DELETED,USERNAME,CCCD_FRONT,CCCD_BACKSIDE) values (183,'TMS_58','Thanh Mặt Sắt',null,'thanhmatsat12@gmail.com','0909098989',2,to_timestamp('27-JUN-23 04.23.15.000000000 PM','DD-MON-RR HH.MI.SSXFF AM'),'909099898989',61,null,null,1,0,'thanhmatsat11',null,null);
Insert into DEVELOP.CUSTOMERS (ID,CODE,FIRSTNAME,LAST_NAME,EMAIL,PHONE,TYPE,CREATED_AT,CCCD,CREATED_BY,UPDATED_AT,UPDATED_BY,IS_ACTIVE,IS_DELETED,USERNAME,CCCD_FRONT,CCCD_BACKSIDE) values (184,'QA_65','Quỳnh Anh',null,'quynhanh@gmail.com','0987654394',1,to_timestamp('27-JUN-23 04.45.40.000000000 PM','DD-MON-RR HH.MI.SSXFF AM'),'097654876554',123,null,null,1,0,'quynhanh','dHdCsAPqaHM90aY5RLM3LMW2C1BffWMRNWO7WZAF.png','HX0hRKAsMgrCCYOcaNq7Z8MAttR4SBF6cIYEN9a1.png');
Insert into DEVELOP.CUSTOMERS (ID,CODE,FIRSTNAME,LAST_NAME,EMAIL,PHONE,TYPE,CREATED_AT,CCCD,CREATED_BY,UPDATED_AT,UPDATED_BY,IS_ACTIVE,IS_DELETED,USERNAME,CCCD_FRONT,CCCD_BACKSIDE) values (41,'KH03','Nguyễn Thái','Dương','duongnt92@gmail.com','0432423423',1,to_timestamp('12-JUN-23 10.31.11.000000000 AM','DD-MON-RR HH.MI.SSXFF AM'),'0846234233422',61,to_timestamp('19-JUN-23 01.58.48.000000000 PM','DD-MON-RR HH.MI.SSXFF AM'),61,1,0,'687543987654','xyLuXpY2gy1k3owopVF4TmNKKDz28XSbDP3DlWMP.png','T7Aasy2RggC4OTqrTvWQyCpz68WUAEeFR5s3aXXJ.png');
Insert into DEVELOP.CUSTOMERS (ID,CODE,FIRSTNAME,LAST_NAME,EMAIL,PHONE,TYPE,CREATED_AT,CCCD,CREATED_BY,UPDATED_AT,UPDATED_BY,IS_ACTIVE,IS_DELETED,USERNAME,CCCD_FRONT,CCCD_BACKSIDE) values (42,'casdas','Nguyễn','Hoài','hoainguyen39@gmail.com','0987654399',1,to_timestamp('12-JUN-23 07.10.48.000000000 PM','DD-MON-RR HH.MI.SSXFF AM'),'54353453434',61,to_timestamp('15-JUN-23 04.58.53.000000000 PM','DD-MON-RR HH.MI.SSXFF AM'),123,1,0,null,null,null);
Insert into DEVELOP.CUSTOMERS (ID,CODE,FIRSTNAME,LAST_NAME,EMAIL,PHONE,TYPE,CREATED_AT,CCCD,CREATED_BY,UPDATED_AT,UPDATED_BY,IS_ACTIVE,IS_DELETED,USERNAME,CCCD_FRONT,CCCD_BACKSIDE) values (43,'MKH 02','Bùi','Diệp','hoainguyen31@gmail.com','0987654324',2,to_timestamp('12-JUN-23 07.10.48.000000000 PM','DD-MON-RR HH.MI.SSXFF AM'),'43820423423432',61,to_timestamp('15-JUN-23 04.58.50.000000000 PM','DD-MON-RR HH.MI.SSXFF AM'),123,2,0,null,null,null);
Insert into DEVELOP.CUSTOMERS (ID,CODE,FIRSTNAME,LAST_NAME,EMAIL,PHONE,TYPE,CREATED_AT,CCCD,CREATED_BY,UPDATED_AT,UPDATED_BY,IS_ACTIVE,IS_DELETED,USERNAME,CCCD_FRONT,CCCD_BACKSIDE) values (101,'239749eds','Dũng','Nguyễn Tiến','dungnt202@gmail.com','0742342342',2,to_timestamp('17-JUN-23 02.01.55.000000000 PM','DD-MON-RR HH.MI.SSXFF AM'),'234352342323',61,to_timestamp('20-JUN-23 09.55.58.000000000 AM','DD-MON-RR HH.MI.SSXFF AM'),123,1,0,'dungnt202','oHyMQKSGCyi07UqG0W2FlKPzexAVIViAUe3gu8qm.png','vb9yFS0LhyFwhMbj0iKwtMQ9vysCsDPLomSLMO92.png');
Insert into DEVELOP.CUSTOMERS (ID,CODE,FIRSTNAME,LAST_NAME,EMAIL,PHONE,TYPE,CREATED_AT,CCCD,CREATED_BY,UPDATED_AT,UPDATED_BY,IS_ACTIVE,IS_DELETED,USERNAME,CCCD_FRONT,CCCD_BACKSIDE) values (141,'ID_74666','Dũng','Hoàng Anh','anhdung292@gmail.com','0931774666',1,to_timestamp('23-JUN-23 09.36.26.000000000 AM','DD-MON-RR HH.MI.SSXFF AM'),'123456789',61,to_timestamp('23-JUN-23 09.41.57.000000000 AM','DD-MON-RR HH.MI.SSXFF AM'),61,1,0,'test','dfkhpJ068Ic8FNXr6MxqGUCFVfT6FrKpLiTO3Nuh.jpg','Hc8oHrd7d5xTiEiMlaPMGhsw9PKLafrs0LM93b8k.jpg');
Insert into DEVELOP.CUSTOMERS (ID,CODE,FIRSTNAME,LAST_NAME,EMAIL,PHONE,TYPE,CREATED_AT,CCCD,CREATED_BY,UPDATED_AT,UPDATED_BY,IS_ACTIVE,IS_DELETED,USERNAME,CCCD_FRONT,CCCD_BACKSIDE) values (1,'KH01','Khach hang 1','lell','khachhang01@gmail.com','0324234234',1,to_timestamp('01-JUN-23 12.11.24.000000000 PM','DD-MON-RR HH.MI.SSXFF AM'),'0452348923423',1,to_timestamp('05-JUN-23 10.19.25.000000000 AM','DD-MON-RR HH.MI.SSXFF AM'),1,1,1,null,null,null);
Insert into DEVELOP.CUSTOMERS (ID,CODE,FIRSTNAME,LAST_NAME,EMAIL,PHONE,TYPE,CREATED_AT,CCCD,CREATED_BY,UPDATED_AT,UPDATED_BY,IS_ACTIVE,IS_DELETED,USERNAME,CCCD_FRONT,CCCD_BACKSIDE) values (81,'01','Văn','Mỹ Linh','mylinh@gmail.com','0987659890',2,to_timestamp('15-JUN-23 05.36.13.000000000 PM','DD-MON-RR HH.MI.SSXFF AM'),'001304003746',123,to_timestamp('17-JUN-23 03.23.14.000000000 PM','DD-MON-RR HH.MI.SSXFF AM'),61,1,0,'mylinh','kmu59IFB8FEsQaFt5aO20Ot78pg2CTkfdEU5g9xR.png','iRypJnWbQcx8rnNdLlYWEO4pY37qverNfROodIMu.png');
Insert into DEVELOP.CUSTOMERS (ID,CODE,FIRSTNAME,LAST_NAME,EMAIL,PHONE,TYPE,CREATED_AT,CCCD,CREATED_BY,UPDATED_AT,UPDATED_BY,IS_ACTIVE,IS_DELETED,USERNAME,CCCD_FRONT,CCCD_BACKSIDE) values (121,'4324sfdsf','Dương','Nguyễn Văn','duongnt61@gmail.com','0743242343',1,to_timestamp('20-JUN-23 09.19.28.000000000 AM','DD-MON-RR HH.MI.SSXFF AM'),'21325346352342',61,to_timestamp('20-JUN-23 09.44.58.000000000 AM','DD-MON-RR HH.MI.SSXFF AM'),123,1,1,'21435y6u23423','phdddnwY0NUoz9jHdXbQydirsfw5iRB6TtsszAcY.png','mEoON9UUvkjBTVUaq9WoLQDQtzxnSf0kX8LxMmCb.png');
REM INSERTING into DEVELOP.CUSTOMER_ADDRESSES
SET DEFINE OFF;
Insert into DEVELOP.CUSTOMER_ADDRESSES (CUSTOMER_ID,ADDRESS,LONGITUDE,LATITUDE,CREATED_AT,CREATED_BY,UPDATED_AT,UPDATED_BY,IS_DELETED,ID) values (101,'31 đặng thùy trâm tt','124','232',to_timestamp('19-JUN-23 10.28.59.000000000 AM','DD-MON-RR HH.MI.SSXFF AM'),61,to_timestamp('19-JUN-23 10.31.56.000000000 AM','DD-MON-RR HH.MI.SSXFF AM'),61,1,1);
Insert into DEVELOP.CUSTOMER_ADDRESSES (CUSTOMER_ID,ADDRESS,LONGITUDE,LATITUDE,CREATED_AT,CREATED_BY,UPDATED_AT,UPDATED_BY,IS_DELETED,ID) values (101,'31 đặng thùy trâm tt','125','23',to_timestamp('19-JUN-23 10.39.55.000000000 AM','DD-MON-RR HH.MI.SSXFF AM'),61,to_timestamp('19-JUN-23 10.40.02.000000000 AM','DD-MON-RR HH.MI.SSXFF AM'),61,1,2);
Insert into DEVELOP.CUSTOMER_ADDRESSES (CUSTOMER_ID,ADDRESS,LONGITUDE,LATITUDE,CREATED_AT,CREATED_BY,UPDATED_AT,UPDATED_BY,IS_DELETED,ID) values (81,'52 hoàng quốc việt','12','232',to_timestamp('19-JUN-23 10.40.37.000000000 AM','DD-MON-RR HH.MI.SSXFF AM'),61,null,null,0,3);
Insert into DEVELOP.CUSTOMER_ADDRESSES (CUSTOMER_ID,ADDRESS,LONGITUDE,LATITUDE,CREATED_AT,CREATED_BY,UPDATED_AT,UPDATED_BY,IS_DELETED,ID) values (41,'52 hoàng quốc việt','12','232',to_timestamp('19-JUN-23 11.25.53.000000000 AM','DD-MON-RR HH.MI.SSXFF AM'),61,null,null,0,4);
Insert into DEVELOP.CUSTOMER_ADDRESSES (CUSTOMER_ID,ADDRESS,LONGITUDE,LATITUDE,CREATED_AT,CREATED_BY,UPDATED_AT,UPDATED_BY,IS_DELETED,ID) values (141,'11 Hoàng Hữu Nam','12.31','78.243',to_timestamp('23-JUN-23 09.37.38.000000000 AM','DD-MON-RR HH.MI.SSXFF AM'),61,null,null,0,21);
Insert into DEVELOP.CUSTOMER_ADDRESSES (CUSTOMER_ID,ADDRESS,LONGITUDE,LATITUDE,CREATED_AT,CREATED_BY,UPDATED_AT,UPDATED_BY,IS_DELETED,ID) values (101,'123 VCC','67','110',to_timestamp('20-JUN-23 10.02.01.000000000 AM','DD-MON-RR HH.MI.SSXFF AM'),123,null,null,0,7);
Insert into DEVELOP.CUSTOMER_ADDRESSES (CUSTOMER_ID,ADDRESS,LONGITUDE,LATITUDE,CREATED_AT,CREATED_BY,UPDATED_AT,UPDATED_BY,IS_DELETED,ID) values (101,'123 VCC','67','110',to_timestamp('20-JUN-23 10.02.09.000000000 AM','DD-MON-RR HH.MI.SSXFF AM'),123,null,null,0,8);
Insert into DEVELOP.CUSTOMER_ADDRESSES (CUSTOMER_ID,ADDRESS,LONGITUDE,LATITUDE,CREATED_AT,CREATED_BY,UPDATED_AT,UPDATED_BY,IS_DELETED,ID) values (101,'30 Đặng Thùy Trâm','hai bốn','mười',to_timestamp('20-JUN-23 10.05.16.000000000 AM','DD-MON-RR HH.MI.SSXFF AM'),123,null,null,0,9);
Insert into DEVELOP.CUSTOMER_ADDRESSES (CUSTOMER_ID,ADDRESS,LONGITUDE,LATITUDE,CREATED_AT,CREATED_BY,UPDATED_AT,UPDATED_BY,IS_DELETED,ID) values (61,'30 đặng thùy trâm','12','232',to_timestamp('20-JUN-23 12.45.29.000000000 PM','DD-MON-RR HH.MI.SSXFF AM'),61,null,null,0,10);
Insert into DEVELOP.CUSTOMER_ADDRESSES (CUSTOMER_ID,ADDRESS,LONGITUDE,LATITUDE,CREATED_AT,CREATED_BY,UPDATED_AT,UPDATED_BY,IS_DELETED,ID) values (141,'nhà 35 lĩnh nam','12.45','12.98',to_timestamp('23-JUN-23 09.38.27.000000000 AM','DD-MON-RR HH.MI.SSXFF AM'),61,null,null,0,22);
Insert into DEVELOP.CUSTOMER_ADDRESSES (CUSTOMER_ID,ADDRESS,LONGITUDE,LATITUDE,CREATED_AT,CREATED_BY,UPDATED_AT,UPDATED_BY,IS_DELETED,ID) values (163,'123 VCC',null,null,to_timestamp('27-JUN-23 10.04.40.000000000 AM','DD-MON-RR HH.MI.SSXFF AM'),123,null,null,0,61);
Insert into DEVELOP.CUSTOMER_ADDRESSES (CUSTOMER_ID,ADDRESS,LONGITUDE,LATITUDE,CREATED_AT,CREATED_BY,UPDATED_AT,UPDATED_BY,IS_DELETED,ID) values (162,'royal city','105.8133961','21.000706',to_timestamp('26-JUN-23 10.48.44.000000000 AM','DD-MON-RR HH.MI.SSXFF AM'),123,null,null,0,41);
Insert into DEVELOP.CUSTOMER_ADDRESSES (CUSTOMER_ID,ADDRESS,LONGITUDE,LATITUDE,CREATED_AT,CREATED_BY,UPDATED_AT,UPDATED_BY,IS_DELETED,ID) values (121,'30 Đặng Thùy Trâm','53','108',to_timestamp('20-JUN-23 09.45.54.000000000 AM','DD-MON-RR HH.MI.SSXFF AM'),123,to_timestamp('20-JUN-23 09.46.03.000000000 AM','DD-MON-RR HH.MI.SSXFF AM'),123,1,5);
Insert into DEVELOP.CUSTOMER_ADDRESSES (CUSTOMER_ID,ADDRESS,LONGITUDE,LATITUDE,CREATED_AT,CREATED_BY,UPDATED_AT,UPDATED_BY,IS_DELETED,ID) values (121,'30 Đặng Thùy Trâm','54','109',to_timestamp('20-JUN-23 09.46.09.000000000 AM','DD-MON-RR HH.MI.SSXFF AM'),123,to_timestamp('20-JUN-23 09.46.22.000000000 AM','DD-MON-RR HH.MI.SSXFF AM'),123,0,6);
Insert into DEVELOP.CUSTOMER_ADDRESSES (CUSTOMER_ID,ADDRESS,LONGITUDE,LATITUDE,CREATED_AT,CREATED_BY,UPDATED_AT,UPDATED_BY,IS_DELETED,ID) values (185,'123 VCC',null,null,to_timestamp('28-JUN-23 03.45.36.000000000 PM','DD-MON-RR HH.MI.SSXFF AM'),123,to_timestamp('28-JUN-23 03.45.58.000000000 PM','DD-MON-RR HH.MI.SSXFF AM'),123,0,81);
REM INSERTING into DEVELOP.DEVICES
SET DEFINE OFF;
Insert into DEVELOP.DEVICES (ID,DEVICE_CODE,DEVICE_NAME,SERIAL,IS_ACTIVE,CREATED_AT,CREATED_BY,UPDATED_AT,UPDATED_BY,IS_DELETED) values (61,'tb4','Điện Thoại','12345',1,to_timestamp('15-JUN-23 10.35.43.000000000 AM','DD-MON-RR HH.MI.SSXFF AM'),123,null,null,1);
Insert into DEVELOP.DEVICES (ID,DEVICE_CODE,DEVICE_NAME,SERIAL,IS_ACTIVE,CREATED_AT,CREATED_BY,UPDATED_AT,UPDATED_BY,IS_DELETED) values (101,'ip11prm','iphone 11 promax','987654',2,to_timestamp('20-JUN-23 01.17.49.000000000 PM','DD-MON-RR HH.MI.SSXFF AM'),123,null,null,0);
Insert into DEVELOP.DEVICES (ID,DEVICE_CODE,DEVICE_NAME,SERIAL,IS_ACTIVE,CREATED_AT,CREATED_BY,UPDATED_AT,UPDATED_BY,IS_DELETED) values (121,'dieuhoa15','Điều hòa','34567',1,to_timestamp('22-JUN-23 05.25.29.000000000 PM','DD-MON-RR HH.MI.SSXFF AM'),123,null,null,1);
Insert into DEVELOP.DEVICES (ID,DEVICE_CODE,DEVICE_NAME,SERIAL,IS_ACTIVE,CREATED_AT,CREATED_BY,UPDATED_AT,UPDATED_BY,IS_DELETED) values (28,'tb','thiết bị 4','tb4633',2,to_timestamp('09-JUN-23 11.20.54.000000000 AM','DD-MON-RR HH.MI.SSXFF AM'),65,null,null,0);
Insert into DEVELOP.DEVICES (ID,DEVICE_CODE,DEVICE_NAME,SERIAL,IS_ACTIVE,CREATED_AT,CREATED_BY,UPDATED_AT,UPDATED_BY,IS_DELETED) values (29,'DK_003042','Dell xps 9320 plus','546sdfsfsd231',1,to_timestamp('09-JUN-23 11.21.06.000000000 AM','DD-MON-RR HH.MI.SSXFF AM'),61,null,null,0);
Insert into DEVELOP.DEVICES (ID,DEVICE_CODE,DEVICE_NAME,SERIAL,IS_ACTIVE,CREATED_AT,CREATED_BY,UPDATED_AT,UPDATED_BY,IS_DELETED) values (30,'DK_0030421','Dell xps 9320 plus 32 GB ram','546sdfsfsd231234r32',1,to_timestamp('09-JUN-23 11.22.56.000000000 AM','DD-MON-RR HH.MI.SSXFF AM'),61,null,null,0);
Insert into DEVELOP.DEVICES (ID,DEVICE_CODE,DEVICE_NAME,SERIAL,IS_ACTIVE,CREATED_AT,CREATED_BY,UPDATED_AT,UPDATED_BY,IS_DELETED) values (31,'IPHONE14,5','APPLE IPHONE 14 PRO MAX 128GB BLACK','5h4jfj6j7nn6b6',1,to_timestamp('09-JUN-23 11.24.08.000000000 AM','DD-MON-RR HH.MI.SSXFF AM'),1,null,null,0);
Insert into DEVELOP.DEVICES (ID,DEVICE_CODE,DEVICE_NAME,SERIAL,IS_ACTIVE,CREATED_AT,CREATED_BY,UPDATED_AT,UPDATED_BY,IS_DELETED) values (32,'tb4','thiết bị 4','tb4633',1,to_timestamp('09-JUN-23 01.40.40.000000000 PM','DD-MON-RR HH.MI.SSXFF AM'),65,null,null,1);
Insert into DEVELOP.DEVICES (ID,DEVICE_CODE,DEVICE_NAME,SERIAL,IS_ACTIVE,CREATED_AT,CREATED_BY,UPDATED_AT,UPDATED_BY,IS_DELETED) values (33,'tb5','thiết bị 4','tb4633',2,to_timestamp('09-JUN-23 01.51.40.000000000 PM','DD-MON-RR HH.MI.SSXFF AM'),65,null,null,1);
Insert into DEVELOP.DEVICES (ID,DEVICE_CODE,DEVICE_NAME,SERIAL,IS_ACTIVE,CREATED_AT,CREATED_BY,UPDATED_AT,UPDATED_BY,IS_DELETED) values (34,'tb123','thiết bị 4','hggf',1,to_timestamp('09-JUN-23 01.57.24.000000000 PM','DD-MON-RR HH.MI.SSXFF AM'),65,null,null,1);
Insert into DEVELOP.DEVICES (ID,DEVICE_CODE,DEVICE_NAME,SERIAL,IS_ACTIVE,CREATED_AT,CREATED_BY,UPDATED_AT,UPDATED_BY,IS_DELETED) values (35,'tb12','thiết bị 4','hggf...,,,/;''@',1,to_timestamp('09-JUN-23 01.58.49.000000000 PM','DD-MON-RR HH.MI.SSXFF AM'),65,null,null,1);
Insert into DEVELOP.DEVICES (ID,DEVICE_CODE,DEVICE_NAME,SERIAL,IS_ACTIVE,CREATED_AT,CREATED_BY,UPDATED_AT,UPDATED_BY,IS_DELETED) values (36,'ip2235255','iPhone 14','ip14223',2,to_timestamp('09-JUN-23 02.05.47.000000000 PM','DD-MON-RR HH.MI.SSXFF AM'),65,null,null,1);
Insert into DEVELOP.DEVICES (ID,DEVICE_CODE,DEVICE_NAME,SERIAL,IS_ACTIVE,CREATED_AT,CREATED_BY,UPDATED_AT,UPDATED_BY,IS_DELETED) values (37,'1234ip','iPhone 14','tb4633',2,to_timestamp('09-JUN-23 02.06.43.000000000 PM','DD-MON-RR HH.MI.SSXFF AM'),65,null,null,1);
Insert into DEVELOP.DEVICES (ID,DEVICE_CODE,DEVICE_NAME,SERIAL,IS_ACTIVE,CREATED_AT,CREATED_BY,UPDATED_AT,UPDATED_BY,IS_DELETED) values (38,'1234i','iPhone 14','tb4633',1,to_timestamp('09-JUN-23 02.06.53.000000000 PM','DD-MON-RR HH.MI.SSXFF AM'),65,null,null,1);
Insert into DEVELOP.DEVICES (ID,DEVICE_CODE,DEVICE_NAME,SERIAL,IS_ACTIVE,CREATED_AT,CREATED_BY,UPDATED_AT,UPDATED_BY,IS_DELETED) values (39,'1239t','iP 14','tb4633',1,to_timestamp('09-JUN-23 02.10.02.000000000 PM','DD-MON-RR HH.MI.SSXFF AM'),65,to_timestamp('09-JUN-23 02.42.54.000000000 PM','DD-MON-RR HH.MI.SSXFF AM'),65,1);
Insert into DEVELOP.DEVICES (ID,DEVICE_CODE,DEVICE_NAME,SERIAL,IS_ACTIVE,CREATED_AT,CREATED_BY,UPDATED_AT,UPDATED_BY,IS_DELETED) values (40,'TB 01','Điều hoà','MK-213',2,to_timestamp('09-JUN-23 06.37.06.000000000 PM','DD-MON-RR HH.MI.SSXFF AM'),1,null,null,1);
Insert into DEVELOP.DEVICES (ID,DEVICE_CODE,DEVICE_NAME,SERIAL,IS_ACTIVE,CREATED_AT,CREATED_BY,UPDATED_AT,UPDATED_BY,IS_DELETED) values (43,'MTB 01','Điện thoại','12345-HK',1,to_timestamp('12-JUN-23 04.52.45.000000000 PM','DD-MON-RR HH.MI.SSXFF AM'),61,null,null,0);
Insert into DEVELOP.DEVICES (ID,DEVICE_CODE,DEVICE_NAME,SERIAL,IS_ACTIVE,CREATED_AT,CREATED_BY,UPDATED_AT,UPDATED_BY,IS_DELETED) values (44,'MTB 02','Laptop','123456-MK',1,to_timestamp('12-JUN-23 04.52.45.000000000 PM','DD-MON-RR HH.MI.SSXFF AM'),61,null,null,0);
Insert into DEVELOP.DEVICES (ID,DEVICE_CODE,DEVICE_NAME,SERIAL,IS_ACTIVE,CREATED_AT,CREATED_BY,UPDATED_AT,UPDATED_BY,IS_DELETED) values (81,'iP8pls','iPhone 8 plus','62384900iP',2,to_timestamp('19-JUN-23 03.12.04.000000000 PM','DD-MON-RR HH.MI.SSXFF AM'),123,null,null,1);
Insert into DEVELOP.DEVICES (ID,DEVICE_CODE,DEVICE_NAME,SERIAL,IS_ACTIVE,CREATED_AT,CREATED_BY,UPDATED_AT,UPDATED_BY,IS_DELETED) values (141,'SSU23','samsung galaxy u23','67532144',1,to_timestamp('28-JUN-23 04.01.50.000000000 PM','DD-MON-RR HH.MI.SSXFF AM'),123,null,null,0);
Insert into DEVELOP.DEVICES (ID,DEVICE_CODE,DEVICE_NAME,SERIAL,IS_ACTIVE,CREATED_AT,CREATED_BY,UPDATED_AT,UPDATED_BY,IS_DELETED) values (142,'ipadpro11','iPad Pro 11','235567-IP',1,to_timestamp('28-JUN-23 04.02.07.000000000 PM','DD-MON-RR HH.MI.SSXFF AM'),123,null,null,0);
Insert into DEVELOP.DEVICES (ID,DEVICE_CODE,DEVICE_NAME,SERIAL,IS_ACTIVE,CREATED_AT,CREATED_BY,UPDATED_AT,UPDATED_BY,IS_DELETED) values (143,'samsung','Samsung S23','S23-SS',1,to_timestamp('28-JUN-23 04.02.07.000000000 PM','DD-MON-RR HH.MI.SSXFF AM'),123,null,null,0);
Insert into DEVELOP.DEVICES (ID,DEVICE_CODE,DEVICE_NAME,SERIAL,IS_ACTIVE,CREATED_AT,CREATED_BY,UPDATED_AT,UPDATED_BY,IS_DELETED) values (161,'IP8','iPhone 8','IP890',2,to_timestamp('30-JUN-23 11.08.48.000000000 AM','DD-MON-RR HH.MI.SSXFF AM'),123,to_timestamp('30-JUN-23 11.08.59.000000000 AM','DD-MON-RR HH.MI.SSXFF AM'),123,0);
REM INSERTING into DEVELOP.HISTORY_ACTION
SET DEFINE OFF;
REM INSERTING into DEVELOP.JOBS
SET DEFINE OFF;
Insert into DEVELOP.JOBS (ID,JOB_CODE,JOB_TYPE,DESCRIPTIONS,BUILDING_ID,CUSTOMER_ID,CREATED_AT,CREATED_BY,UPDATED_AT,UPDATED_BY,STATUS,IS_DELETED,REASON,CONTRACT_ID,PARTNER_ID,ADDRESS_ID) values (207,'VMD_202306271702',1,null,67,61,to_timestamp('27-JUN-23 05.03.01.000000000 PM','DD-MON-RR HH.MI.SSXFF AM'),123,null,null,4,0,21,222,201,10);
Insert into DEVELOP.JOBS (ID,JOB_CODE,JOB_TYPE,DESCRIPTIONS,BUILDING_ID,CUSTOMER_ID,CREATED_AT,CREATED_BY,UPDATED_AT,UPDATED_BY,STATUS,IS_DELETED,REASON,CONTRACT_ID,PARTNER_ID,ADDRESS_ID) values (211,'VMD_202306271705',1,null,null,61,to_timestamp('27-JUN-23 05.06.44.000000000 PM','DD-MON-RR HH.MI.SSXFF AM'),61,null,null,4,0,21,226,250,10);
Insert into DEVELOP.JOBS (ID,JOB_CODE,JOB_TYPE,DESCRIPTIONS,BUILDING_ID,CUSTOMER_ID,CREATED_AT,CREATED_BY,UPDATED_AT,UPDATED_BY,STATUS,IS_DELETED,REASON,CONTRACT_ID,PARTNER_ID,ADDRESS_ID) values (212,'VMD_202306271725',3,null,null,61,to_timestamp('27-JUN-23 05.25.45.000000000 PM','DD-MON-RR HH.MI.SSXFF AM'),123,null,null,3,0,25,203,247,10);
Insert into DEVELOP.JOBS (ID,JOB_CODE,JOB_TYPE,DESCRIPTIONS,BUILDING_ID,CUSTOMER_ID,CREATED_AT,CREATED_BY,UPDATED_AT,UPDATED_BY,STATUS,IS_DELETED,REASON,CONTRACT_ID,PARTNER_ID,ADDRESS_ID) values (213,'VMD_202306271734',41,null,null,61,to_timestamp('27-JUN-23 05.35.06.000000000 PM','DD-MON-RR HH.MI.SSXFF AM'),123,null,null,3,0,45,null,201,10);
Insert into DEVELOP.JOBS (ID,JOB_CODE,JOB_TYPE,DESCRIPTIONS,BUILDING_ID,CUSTOMER_ID,CREATED_AT,CREATED_BY,UPDATED_AT,UPDATED_BY,STATUS,IS_DELETED,REASON,CONTRACT_ID,PARTNER_ID,ADDRESS_ID) values (141,'VMD_202306200902',1,null,81,61,to_timestamp('20-JUN-23 09.02.36.000000000 AM','DD-MON-RR HH.MI.SSXFF AM'),123,null,null,4,0,21,null,null,null);
Insert into DEVELOP.JOBS (ID,JOB_CODE,JOB_TYPE,DESCRIPTIONS,BUILDING_ID,CUSTOMER_ID,CREATED_AT,CREATED_BY,UPDATED_AT,UPDATED_BY,STATUS,IS_DELETED,REASON,CONTRACT_ID,PARTNER_ID,ADDRESS_ID) values (142,'MKH01_202306201242',1,null,64,21,to_timestamp('20-JUN-23 12.42.58.000000000 PM','DD-MON-RR HH.MI.SSXFF AM'),61,null,null,1,0,21,null,null,null);
Insert into DEVELOP.JOBS (ID,JOB_CODE,JOB_TYPE,DESCRIPTIONS,BUILDING_ID,CUSTOMER_ID,CREATED_AT,CREATED_BY,UPDATED_AT,UPDATED_BY,STATUS,IS_DELETED,REASON,CONTRACT_ID,PARTNER_ID,ADDRESS_ID) values (144,'KH03_202306201524',1,null,61,41,to_timestamp('20-JUN-23 03.24.49.000000000 PM','DD-MON-RR HH.MI.SSXFF AM'),123,null,null,4,0,21,null,null,null);
Insert into DEVELOP.JOBS (ID,JOB_CODE,JOB_TYPE,DESCRIPTIONS,BUILDING_ID,CUSTOMER_ID,CREATED_AT,CREATED_BY,UPDATED_AT,UPDATED_BY,STATUS,IS_DELETED,REASON,CONTRACT_ID,PARTNER_ID,ADDRESS_ID) values (152,'6543gf_202306201906',1,null,65,123,to_timestamp('20-JUN-23 07.20.24.000000000 PM','DD-MON-RR HH.MI.SSXFF AM'),61,null,null,1,1,21,null,null,null);
Insert into DEVELOP.JOBS (ID,JOB_CODE,JOB_TYPE,DESCRIPTIONS,BUILDING_ID,CUSTOMER_ID,CREATED_AT,CREATED_BY,UPDATED_AT,UPDATED_BY,STATUS,IS_DELETED,REASON,CONTRACT_ID,PARTNER_ID,ADDRESS_ID) values (153,'MKH01_202306201940',1,null,69,21,to_timestamp('20-JUN-23 07.40.42.000000000 PM','DD-MON-RR HH.MI.SSXFF AM'),61,null,null,4,0,21,null,null,null);
Insert into DEVELOP.JOBS (ID,JOB_CODE,JOB_TYPE,DESCRIPTIONS,BUILDING_ID,CUSTOMER_ID,CREATED_AT,CREATED_BY,UPDATED_AT,UPDATED_BY,STATUS,IS_DELETED,REASON,CONTRACT_ID,PARTNER_ID,ADDRESS_ID) values (155,'MKH01_202306211401',2,null,41,21,to_timestamp('21-JUN-23 02.01.48.000000000 PM','DD-MON-RR HH.MI.SSXFF AM'),123,null,null,2,0,24,null,null,null);
Insert into DEVELOP.JOBS (ID,JOB_CODE,JOB_TYPE,DESCRIPTIONS,BUILDING_ID,CUSTOMER_ID,CREATED_AT,CREATED_BY,UPDATED_AT,UPDATED_BY,STATUS,IS_DELETED,REASON,CONTRACT_ID,PARTNER_ID,ADDRESS_ID) values (156,'casdas_202306211402',3,null,42,42,to_timestamp('21-JUN-23 02.02.37.000000000 PM','DD-MON-RR HH.MI.SSXFF AM'),123,to_timestamp('21-JUN-23 02.08.35.000000000 PM','DD-MON-RR HH.MI.SSXFF AM'),61,2,1,26,null,null,null);
Insert into DEVELOP.JOBS (ID,JOB_CODE,JOB_TYPE,DESCRIPTIONS,BUILDING_ID,CUSTOMER_ID,CREATED_AT,CREATED_BY,UPDATED_AT,UPDATED_BY,STATUS,IS_DELETED,REASON,CONTRACT_ID,PARTNER_ID,ADDRESS_ID) values (157,'MKH01_202306211627',1,null,61,21,to_timestamp('21-JUN-23 04.27.58.000000000 PM','DD-MON-RR HH.MI.SSXFF AM'),123,null,null,4,0,21,null,null,null);
Insert into DEVELOP.JOBS (ID,JOB_CODE,JOB_TYPE,DESCRIPTIONS,BUILDING_ID,CUSTOMER_ID,CREATED_AT,CREATED_BY,UPDATED_AT,UPDATED_BY,STATUS,IS_DELETED,REASON,CONTRACT_ID,PARTNER_ID,ADDRESS_ID) values (158,'MKH01_202306211631',1,null,62,21,to_timestamp('21-JUN-23 04.31.57.000000000 PM','DD-MON-RR HH.MI.SSXFF AM'),123,to_timestamp('21-JUN-23 05.37.34.000000000 PM','DD-MON-RR HH.MI.SSXFF AM'),61,4,0,21,null,null,null);
Insert into DEVELOP.JOBS (ID,JOB_CODE,JOB_TYPE,DESCRIPTIONS,BUILDING_ID,CUSTOMER_ID,CREATED_AT,CREATED_BY,UPDATED_AT,UPDATED_BY,STATUS,IS_DELETED,REASON,CONTRACT_ID,PARTNER_ID,ADDRESS_ID) values (159,'MKH010_202306221624',1,'Khảo sát công trình tại toàn nhà MHDI',62,126,to_timestamp('22-JUN-23 04.26.38.000000000 PM','DD-MON-RR HH.MI.SSXFF AM'),61,null,null,4,0,21,null,null,null);
Insert into DEVELOP.JOBS (ID,JOB_CODE,JOB_TYPE,DESCRIPTIONS,BUILDING_ID,CUSTOMER_ID,CREATED_AT,CREATED_BY,UPDATED_AT,UPDATED_BY,STATUS,IS_DELETED,REASON,CONTRACT_ID,PARTNER_ID,ADDRESS_ID) values (216,'VMD_202306281116',1,null,null,61,to_timestamp('28-JUN-23 11.22.17.000000000 AM','DD-MON-RR HH.MI.SSXFF AM'),61,null,null,2,0,21,228,null,10);
Insert into DEVELOP.JOBS (ID,JOB_CODE,JOB_TYPE,DESCRIPTIONS,BUILDING_ID,CUSTOMER_ID,CREATED_AT,CREATED_BY,UPDATED_AT,UPDATED_BY,STATUS,IS_DELETED,REASON,CONTRACT_ID,PARTNER_ID,ADDRESS_ID) values (219,'VMD_202306281151',1,null,null,61,to_timestamp('28-JUN-23 11.54.52.000000000 AM','DD-MON-RR HH.MI.SSXFF AM'),61,null,null,6,0,43,226,250,10);
Insert into DEVELOP.JOBS (ID,JOB_CODE,JOB_TYPE,DESCRIPTIONS,BUILDING_ID,CUSTOMER_ID,CREATED_AT,CREATED_BY,UPDATED_AT,UPDATED_BY,STATUS,IS_DELETED,REASON,CONTRACT_ID,PARTNER_ID,ADDRESS_ID) values (220,'VMD_202306281158',41,null,null,61,to_timestamp('28-JUN-23 11.58.18.000000000 AM','DD-MON-RR HH.MI.SSXFF AM'),61,null,null,6,0,43,226,250,10);
Insert into DEVELOP.JOBS (ID,JOB_CODE,JOB_TYPE,DESCRIPTIONS,BUILDING_ID,CUSTOMER_ID,CREATED_AT,CREATED_BY,UPDATED_AT,UPDATED_BY,STATUS,IS_DELETED,REASON,CONTRACT_ID,PARTNER_ID,ADDRESS_ID) values (221,'VMD_202306281307',41,null,67,61,to_timestamp('28-JUN-23 01.07.56.000000000 PM','DD-MON-RR HH.MI.SSXFF AM'),123,null,null,4,0,45,null,201,10);
Insert into DEVELOP.JOBS (ID,JOB_CODE,JOB_TYPE,DESCRIPTIONS,BUILDING_ID,CUSTOMER_ID,CREATED_AT,CREATED_BY,UPDATED_AT,UPDATED_BY,STATUS,IS_DELETED,REASON,CONTRACT_ID,PARTNER_ID,ADDRESS_ID) values (222,'MINH_202306281309',41,null,101,127,to_timestamp('28-JUN-23 01.09.58.000000000 PM','DD-MON-RR HH.MI.SSXFF AM'),123,null,null,6,0,45,null,248,null);
Insert into DEVELOP.JOBS (ID,JOB_CODE,JOB_TYPE,DESCRIPTIONS,BUILDING_ID,CUSTOMER_ID,CREATED_AT,CREATED_BY,UPDATED_AT,UPDATED_BY,STATUS,IS_DELETED,REASON,CONTRACT_ID,PARTNER_ID,ADDRESS_ID) values (224,'MINH_202306281327',1,'test',67,127,to_timestamp('28-JUN-23 01.27.22.000000000 PM','DD-MON-RR HH.MI.SSXFF AM'),61,null,null,4,0,21,229,201,null);
Insert into DEVELOP.JOBS (ID,JOB_CODE,JOB_TYPE,DESCRIPTIONS,BUILDING_ID,CUSTOMER_ID,CREATED_AT,CREATED_BY,UPDATED_AT,UPDATED_BY,STATUS,IS_DELETED,REASON,CONTRACT_ID,PARTNER_ID,ADDRESS_ID) values (225,'diep_202306281332',41,null,67,128,to_timestamp('28-JUN-23 01.33.09.000000000 PM','DD-MON-RR HH.MI.SSXFF AM'),123,null,null,4,0,45,null,201,null);
Insert into DEVELOP.JOBS (ID,JOB_CODE,JOB_TYPE,DESCRIPTIONS,BUILDING_ID,CUSTOMER_ID,CREATED_AT,CREATED_BY,UPDATED_AT,UPDATED_BY,STATUS,IS_DELETED,REASON,CONTRACT_ID,PARTNER_ID,ADDRESS_ID) values (227,'MINH_202306290927',2,null,67,127,to_timestamp('29-JUN-23 09.27.48.000000000 AM','DD-MON-RR HH.MI.SSXFF AM'),123,null,null,6,0,23,229,201,null);
Insert into DEVELOP.JOBS (ID,JOB_CODE,JOB_TYPE,DESCRIPTIONS,BUILDING_ID,CUSTOMER_ID,CREATED_AT,CREATED_BY,UPDATED_AT,UPDATED_BY,STATUS,IS_DELETED,REASON,CONTRACT_ID,PARTNER_ID,ADDRESS_ID) values (228,'MKH010_202306290941',3,null,101,126,to_timestamp('29-JUN-23 09.41.20.000000000 AM','DD-MON-RR HH.MI.SSXFF AM'),123,null,null,6,0,25,184,248,null);
Insert into DEVELOP.JOBS (ID,JOB_CODE,JOB_TYPE,DESCRIPTIONS,BUILDING_ID,CUSTOMER_ID,CREATED_AT,CREATED_BY,UPDATED_AT,UPDATED_BY,STATUS,IS_DELETED,REASON,CONTRACT_ID,PARTNER_ID,ADDRESS_ID) values (229,'VMD_202306290956',1,null,101,61,to_timestamp('29-JUN-23 09.56.48.000000000 AM','DD-MON-RR HH.MI.SSXFF AM'),123,null,null,4,0,21,231,248,10);
Insert into DEVELOP.JOBS (ID,JOB_CODE,JOB_TYPE,DESCRIPTIONS,BUILDING_ID,CUSTOMER_ID,CREATED_AT,CREATED_BY,UPDATED_AT,UPDATED_BY,STATUS,IS_DELETED,REASON,CONTRACT_ID,PARTNER_ID,ADDRESS_ID) values (123,'MKH01_202306161847',1,null,64,21,to_timestamp('16-JUN-23 06.47.45.000000000 PM','DD-MON-RR HH.MI.SSXFF AM'),61,to_timestamp('17-JUN-23 10.15.00.000000000 AM','DD-MON-RR HH.MI.SSXFF AM'),61,2,1,21,null,null,null);
Insert into DEVELOP.JOBS (ID,JOB_CODE,JOB_TYPE,DESCRIPTIONS,BUILDING_ID,CUSTOMER_ID,CREATED_AT,CREATED_BY,UPDATED_AT,UPDATED_BY,STATUS,IS_DELETED,REASON,CONTRACT_ID,PARTNER_ID,ADDRESS_ID) values (181,'VMD_202306260915',1,null,70,61,to_timestamp('26-JUN-23 09.15.44.000000000 AM','DD-MON-RR HH.MI.SSXFF AM'),123,null,null,4,0,21,201,null,null);
Insert into DEVELOP.JOBS (ID,JOB_CODE,JOB_TYPE,DESCRIPTIONS,BUILDING_ID,CUSTOMER_ID,CREATED_AT,CREATED_BY,UPDATED_AT,UPDATED_BY,STATUS,IS_DELETED,REASON,CONTRACT_ID,PARTNER_ID,ADDRESS_ID) values (182,'diep_202306260923',1,null,102,128,to_timestamp('26-JUN-23 09.24.10.000000000 AM','DD-MON-RR HH.MI.SSXFF AM'),123,null,null,6,0,21,202,null,null);
Insert into DEVELOP.JOBS (ID,JOB_CODE,JOB_TYPE,DESCRIPTIONS,BUILDING_ID,CUSTOMER_ID,CREATED_AT,CREATED_BY,UPDATED_AT,UPDATED_BY,STATUS,IS_DELETED,REASON,CONTRACT_ID,PARTNER_ID,ADDRESS_ID) values (183,'VMD_202306260955',1,null,61,61,to_timestamp('26-JUN-23 09.55.15.000000000 AM','DD-MON-RR HH.MI.SSXFF AM'),123,null,null,4,0,21,203,null,null);
Insert into DEVELOP.JOBS (ID,JOB_CODE,JOB_TYPE,DESCRIPTIONS,BUILDING_ID,CUSTOMER_ID,CREATED_AT,CREATED_BY,UPDATED_AT,UPDATED_BY,STATUS,IS_DELETED,REASON,CONTRACT_ID,PARTNER_ID,ADDRESS_ID) values (184,'VMD_202306260956',41,null,61,61,to_timestamp('26-JUN-23 09.57.09.000000000 AM','DD-MON-RR HH.MI.SSXFF AM'),123,null,null,4,0,45,203,null,null);
Insert into DEVELOP.JOBS (ID,JOB_CODE,JOB_TYPE,DESCRIPTIONS,BUILDING_ID,CUSTOMER_ID,CREATED_AT,CREATED_BY,UPDATED_AT,UPDATED_BY,STATUS,IS_DELETED,REASON,CONTRACT_ID,PARTNER_ID,ADDRESS_ID) values (205,'VMD_202306271444',2,null,null,61,to_timestamp('27-JUN-23 02.44.56.000000000 PM','DD-MON-RR HH.MI.SSXFF AM'),61,to_timestamp('27-JUN-23 03.04.55.000000000 PM','DD-MON-RR HH.MI.SSXFF AM'),61,2,0,23,203,248,10);
Insert into DEVELOP.JOBS (ID,JOB_CODE,JOB_TYPE,DESCRIPTIONS,BUILDING_ID,CUSTOMER_ID,CREATED_AT,CREATED_BY,UPDATED_AT,UPDATED_BY,STATUS,IS_DELETED,REASON,CONTRACT_ID,PARTNER_ID,ADDRESS_ID) values (206,'MKH010_202306271655',2,null,67,126,to_timestamp('27-JUN-23 04.55.13.000000000 PM','DD-MON-RR HH.MI.SSXFF AM'),123,null,null,3,0,23,184,201,null);
Insert into DEVELOP.JOBS (ID,JOB_CODE,JOB_TYPE,DESCRIPTIONS,BUILDING_ID,CUSTOMER_ID,CREATED_AT,CREATED_BY,UPDATED_AT,UPDATED_BY,STATUS,IS_DELETED,REASON,CONTRACT_ID,PARTNER_ID,ADDRESS_ID) values (124,'KH03_202306170937',1,null,64,41,to_timestamp('17-JUN-23 09.38.15.000000000 AM','DD-MON-RR HH.MI.SSXFF AM'),61,null,null,4,1,21,null,null,null);
Insert into DEVELOP.JOBS (ID,JOB_CODE,JOB_TYPE,DESCRIPTIONS,BUILDING_ID,CUSTOMER_ID,CREATED_AT,CREATED_BY,UPDATED_AT,UPDATED_BY,STATUS,IS_DELETED,REASON,CONTRACT_ID,PARTNER_ID,ADDRESS_ID) values (154,'6543gf_202306210856',1,null,65,123,to_timestamp('21-JUN-23 08.56.22.000000000 AM','DD-MON-RR HH.MI.SSXFF AM'),61,null,null,3,0,22,null,null,null);
Insert into DEVELOP.JOBS (ID,JOB_CODE,JOB_TYPE,DESCRIPTIONS,BUILDING_ID,CUSTOMER_ID,CREATED_AT,CREATED_BY,UPDATED_AT,UPDATED_BY,STATUS,IS_DELETED,REASON,CONTRACT_ID,PARTNER_ID,ADDRESS_ID) values (160,'ID_74666_202306230942',1,null,61,141,to_timestamp('23-JUN-23 09.43.20.000000000 AM','DD-MON-RR HH.MI.SSXFF AM'),61,null,null,6,0,21,null,null,null);
Insert into DEVELOP.JOBS (ID,JOB_CODE,JOB_TYPE,DESCRIPTIONS,BUILDING_ID,CUSTOMER_ID,CREATED_AT,CREATED_BY,UPDATED_AT,UPDATED_BY,STATUS,IS_DELETED,REASON,CONTRACT_ID,PARTNER_ID,ADDRESS_ID) values (161,'ID_74666_202306230945',1,null,61,141,to_timestamp('23-JUN-23 09.45.35.000000000 AM','DD-MON-RR HH.MI.SSXFF AM'),61,to_timestamp('23-JUN-23 09.46.27.000000000 AM','DD-MON-RR HH.MI.SSXFF AM'),61,2,0,21,null,null,null);
Insert into DEVELOP.JOBS (ID,JOB_CODE,JOB_TYPE,DESCRIPTIONS,BUILDING_ID,CUSTOMER_ID,CREATED_AT,CREATED_BY,UPDATED_AT,UPDATED_BY,STATUS,IS_DELETED,REASON,CONTRACT_ID,PARTNER_ID,ADDRESS_ID) values (162,'ID_74666_202306230948',1,'khảo sat toà nhà',65,141,to_timestamp('23-JUN-23 09.48.44.000000000 AM','DD-MON-RR HH.MI.SSXFF AM'),61,null,null,2,0,22,null,null,null);
Insert into DEVELOP.JOBS (ID,JOB_CODE,JOB_TYPE,DESCRIPTIONS,BUILDING_ID,CUSTOMER_ID,CREATED_AT,CREATED_BY,UPDATED_AT,UPDATED_BY,STATUS,IS_DELETED,REASON,CONTRACT_ID,PARTNER_ID,ADDRESS_ID) values (163,'ID_74666_202306230949',1,'khảo sat toà nhà',70,141,to_timestamp('23-JUN-23 09.49.18.000000000 AM','DD-MON-RR HH.MI.SSXFF AM'),61,null,null,3,0,21,null,null,null);
Insert into DEVELOP.JOBS (ID,JOB_CODE,JOB_TYPE,DESCRIPTIONS,BUILDING_ID,CUSTOMER_ID,CREATED_AT,CREATED_BY,UPDATED_AT,UPDATED_BY,STATUS,IS_DELETED,REASON,CONTRACT_ID,PARTNER_ID,ADDRESS_ID) values (164,'ID_74666_202306230950',1,'khảo sat toà nhà',67,141,to_timestamp('23-JUN-23 09.50.08.000000000 AM','DD-MON-RR HH.MI.SSXFF AM'),61,null,null,4,0,21,null,null,null);
Insert into DEVELOP.JOBS (ID,JOB_CODE,JOB_TYPE,DESCRIPTIONS,BUILDING_ID,CUSTOMER_ID,CREATED_AT,CREATED_BY,UPDATED_AT,UPDATED_BY,STATUS,IS_DELETED,REASON,CONTRACT_ID,PARTNER_ID,ADDRESS_ID) values (165,'MKH010_202306231133',1,null,62,126,to_timestamp('23-JUN-23 11.34.22.000000000 AM','DD-MON-RR HH.MI.SSXFF AM'),61,null,null,2,0,21,null,null,null);
Insert into DEVELOP.JOBS (ID,JOB_CODE,JOB_TYPE,DESCRIPTIONS,BUILDING_ID,CUSTOMER_ID,CREATED_AT,CREATED_BY,UPDATED_AT,UPDATED_BY,STATUS,IS_DELETED,REASON,CONTRACT_ID,PARTNER_ID,ADDRESS_ID) values (166,'VMD_202306231145',1,null,65,61,to_timestamp('23-JUN-23 11.45.49.000000000 AM','DD-MON-RR HH.MI.SSXFF AM'),61,null,null,2,0,21,null,null,null);
Insert into DEVELOP.JOBS (ID,JOB_CODE,JOB_TYPE,DESCRIPTIONS,BUILDING_ID,CUSTOMER_ID,CREATED_AT,CREATED_BY,UPDATED_AT,UPDATED_BY,STATUS,IS_DELETED,REASON,CONTRACT_ID,PARTNER_ID,ADDRESS_ID) values (168,'MKH010_202306231337',1,null,70,126,to_timestamp('23-JUN-23 01.38.27.000000000 PM','DD-MON-RR HH.MI.SSXFF AM'),61,null,null,4,0,21,184,null,null);
Insert into DEVELOP.JOBS (ID,JOB_CODE,JOB_TYPE,DESCRIPTIONS,BUILDING_ID,CUSTOMER_ID,CREATED_AT,CREATED_BY,UPDATED_AT,UPDATED_BY,STATUS,IS_DELETED,REASON,CONTRACT_ID,PARTNER_ID,ADDRESS_ID) values (241,'MKH010_202307010958',2,null,141,126,to_timestamp('01-JUL-23 09.59.05.000000000 AM','DD-MON-RR HH.MI.SSXFF AM'),123,null,null,6,0,23,184,301,null);
Insert into DEVELOP.JOBS (ID,JOB_CODE,JOB_TYPE,DESCRIPTIONS,BUILDING_ID,CUSTOMER_ID,CREATED_AT,CREATED_BY,UPDATED_AT,UPDATED_BY,STATUS,IS_DELETED,REASON,CONTRACT_ID,PARTNER_ID,ADDRESS_ID) values (143,'KH03_202306201453',3,null,70,122,to_timestamp('20-JUN-23 02.54.11.000000000 PM','DD-MON-RR HH.MI.SSXFF AM'),123,to_timestamp('21-JUN-23 10.33.54.000000000 AM','DD-MON-RR HH.MI.SSXFF AM'),61,4,0,26,null,null,null);
Insert into DEVELOP.JOBS (ID,JOB_CODE,JOB_TYPE,DESCRIPTIONS,BUILDING_ID,CUSTOMER_ID,CREATED_AT,CREATED_BY,UPDATED_AT,UPDATED_BY,STATUS,IS_DELETED,REASON,CONTRACT_ID,PARTNER_ID,ADDRESS_ID) values (167,'MINH_202306231154',1,null,70,127,to_timestamp('23-JUN-23 11.54.46.000000000 AM','DD-MON-RR HH.MI.SSXFF AM'),61,null,null,2,0,21,null,null,null);
Insert into DEVELOP.JOBS (ID,JOB_CODE,JOB_TYPE,DESCRIPTIONS,BUILDING_ID,CUSTOMER_ID,CREATED_AT,CREATED_BY,UPDATED_AT,UPDATED_BY,STATUS,IS_DELETED,REASON,CONTRACT_ID,PARTNER_ID,ADDRESS_ID) values (169,'MKH010_202306231526',41,'tesst create job from contract',70,126,to_timestamp('23-JUN-23 03.27.23.000000000 PM','DD-MON-RR HH.MI.SSXFF AM'),61,null,null,4,0,43,null,null,null);
Insert into DEVELOP.JOBS (ID,JOB_CODE,JOB_TYPE,DESCRIPTIONS,BUILDING_ID,CUSTOMER_ID,CREATED_AT,CREATED_BY,UPDATED_AT,UPDATED_BY,STATUS,IS_DELETED,REASON,CONTRACT_ID,PARTNER_ID,ADDRESS_ID) values (170,'MKH010_202306231616',41,null,70,126,to_timestamp('23-JUN-23 04.18.54.000000000 PM','DD-MON-RR HH.MI.SSXFF AM'),61,null,null,3,0,43,null,null,null);
Insert into DEVELOP.JOBS (ID,JOB_CODE,JOB_TYPE,DESCRIPTIONS,BUILDING_ID,CUSTOMER_ID,CREATED_AT,CREATED_BY,UPDATED_AT,UPDATED_BY,STATUS,IS_DELETED,REASON,CONTRACT_ID,PARTNER_ID,ADDRESS_ID) values (171,'MKH010_202306231625',41,null,70,126,to_timestamp('23-JUN-23 04.26.29.000000000 PM','DD-MON-RR HH.MI.SSXFF AM'),61,null,null,4,0,43,184,null,null);
Insert into DEVELOP.JOBS (ID,JOB_CODE,JOB_TYPE,DESCRIPTIONS,BUILDING_ID,CUSTOMER_ID,CREATED_AT,CREATED_BY,UPDATED_AT,UPDATED_BY,STATUS,IS_DELETED,REASON,CONTRACT_ID,PARTNER_ID,ADDRESS_ID) values (172,'239749eds_202306231708',1,null,65,101,to_timestamp('23-JUN-23 05.09.04.000000000 PM','DD-MON-RR HH.MI.SSXFF AM'),123,null,null,4,0,21,185,null,null);
Insert into DEVELOP.JOBS (ID,JOB_CODE,JOB_TYPE,DESCRIPTIONS,BUILDING_ID,CUSTOMER_ID,CREATED_AT,CREATED_BY,UPDATED_AT,UPDATED_BY,STATUS,IS_DELETED,REASON,CONTRACT_ID,PARTNER_ID,ADDRESS_ID) values (203,'VMD_202306271319',2,null,67,61,to_timestamp('27-JUN-23 01.33.29.000000000 PM','DD-MON-RR HH.MI.SSXFF AM'),61,null,null,2,0,23,145,201,null);
Insert into DEVELOP.JOBS (ID,JOB_CODE,JOB_TYPE,DESCRIPTIONS,BUILDING_ID,CUSTOMER_ID,CREATED_AT,CREATED_BY,UPDATED_AT,UPDATED_BY,STATUS,IS_DELETED,REASON,CONTRACT_ID,PARTNER_ID,ADDRESS_ID) values (204,'VMD_202306271335',1,null,null,61,to_timestamp('27-JUN-23 01.43.14.000000000 PM','DD-MON-RR HH.MI.SSXFF AM'),61,null,null,2,0,21,221,201,10);
Insert into DEVELOP.JOBS (ID,JOB_CODE,JOB_TYPE,DESCRIPTIONS,BUILDING_ID,CUSTOMER_ID,CREATED_AT,CREATED_BY,UPDATED_AT,UPDATED_BY,STATUS,IS_DELETED,REASON,CONTRACT_ID,PARTNER_ID,ADDRESS_ID) values (214,'VMD_202306280921',41,null,null,61,to_timestamp('28-JUN-23 09.21.41.000000000 AM','DD-MON-RR HH.MI.SSXFF AM'),123,null,null,4,0,45,null,201,10);
Insert into DEVELOP.JOBS (ID,JOB_CODE,JOB_TYPE,DESCRIPTIONS,BUILDING_ID,CUSTOMER_ID,CREATED_AT,CREATED_BY,UPDATED_AT,UPDATED_BY,STATUS,IS_DELETED,REASON,CONTRACT_ID,PARTNER_ID,ADDRESS_ID) values (215,'MKH010_202306281037',1,'khảo sát lắp đặt mạng cáp quang mới',101,126,to_timestamp('28-JUN-23 10.37.40.000000000 AM','DD-MON-RR HH.MI.SSXFF AM'),61,null,null,2,0,21,227,248,null);
Insert into DEVELOP.JOBS (ID,JOB_CODE,JOB_TYPE,DESCRIPTIONS,BUILDING_ID,CUSTOMER_ID,CREATED_AT,CREATED_BY,UPDATED_AT,UPDATED_BY,STATUS,IS_DELETED,REASON,CONTRACT_ID,PARTNER_ID,ADDRESS_ID) values (223,'MKH010_202306281325',41,null,67,126,to_timestamp('28-JUN-23 01.25.15.000000000 PM','DD-MON-RR HH.MI.SSXFF AM'),123,null,null,4,0,45,null,201,null);
Insert into DEVELOP.JOBS (ID,JOB_CODE,JOB_TYPE,DESCRIPTIONS,BUILDING_ID,CUSTOMER_ID,CREATED_AT,CREATED_BY,UPDATED_AT,UPDATED_BY,STATUS,IS_DELETED,REASON,CONTRACT_ID,PARTNER_ID,ADDRESS_ID) values (226,'MINH_202306281614',41,null,67,127,to_timestamp('28-JUN-23 04.14.50.000000000 PM','DD-MON-RR HH.MI.SSXFF AM'),123,null,null,4,0,45,229,201,null);
Insert into DEVELOP.JOBS (ID,JOB_CODE,JOB_TYPE,DESCRIPTIONS,BUILDING_ID,CUSTOMER_ID,CREATED_AT,CREATED_BY,UPDATED_AT,UPDATED_BY,STATUS,IS_DELETED,REASON,CONTRACT_ID,PARTNER_ID,ADDRESS_ID) values (230,'MINH_202306301708',1,null,141,127,to_timestamp('30-JUN-23 05.09.01.000000000 PM','DD-MON-RR HH.MI.SSXFF AM'),123,null,null,6,0,21,236,301,null);
Insert into DEVELOP.JOBS (ID,JOB_CODE,JOB_TYPE,DESCRIPTIONS,BUILDING_ID,CUSTOMER_ID,CREATED_AT,CREATED_BY,UPDATED_AT,UPDATED_BY,STATUS,IS_DELETED,REASON,CONTRACT_ID,PARTNER_ID,ADDRESS_ID) values (242,'QA_65_202307011000',41,null,67,184,to_timestamp('01-JUL-23 10.00.36.000000000 AM','DD-MON-RR HH.MI.SSXFF AM'),123,null,null,2,0,45,null,201,null);
Insert into DEVELOP.JOBS (ID,JOB_CODE,JOB_TYPE,DESCRIPTIONS,BUILDING_ID,CUSTOMER_ID,CREATED_AT,CREATED_BY,UPDATED_AT,UPDATED_BY,STATUS,IS_DELETED,REASON,CONTRACT_ID,PARTNER_ID,ADDRESS_ID) values (243,'casdas_202307011001',2,null,101,42,to_timestamp('01-JUL-23 10.01.07.000000000 AM','DD-MON-RR HH.MI.SSXFF AM'),123,to_timestamp('01-JUL-23 11.34.18.000000000 AM','DD-MON-RR HH.MI.SSXFF AM'),61,2,0,24,102,248,null);
REM INSERTING into DEVELOP.JOB_EMPLOYEES
SET DEFINE OFF;
Insert into DEVELOP.JOB_EMPLOYEES (USER_ID,JOB_ID,ID,STATUS) values (75,85,145,1);
Insert into DEVELOP.JOB_EMPLOYEES (USER_ID,JOB_ID,ID,STATUS) values (64,21,103,1);
Insert into DEVELOP.JOB_EMPLOYEES (USER_ID,JOB_ID,ID,STATUS) values (84,113,191,1);
Insert into DEVELOP.JOB_EMPLOYEES (USER_ID,JOB_ID,ID,STATUS) values (75,86,146,1);
Insert into DEVELOP.JOB_EMPLOYEES (USER_ID,JOB_ID,ID,STATUS) values (86,86,147,1);
Insert into DEVELOP.JOB_EMPLOYEES (USER_ID,JOB_ID,ID,STATUS) values (104,86,148,1);
Insert into DEVELOP.JOB_EMPLOYEES (USER_ID,JOB_ID,ID,STATUS) values (75,87,149,1);
Insert into DEVELOP.JOB_EMPLOYEES (USER_ID,JOB_ID,ID,STATUS) values (86,87,150,1);
Insert into DEVELOP.JOB_EMPLOYEES (USER_ID,JOB_ID,ID,STATUS) values (104,87,151,1);
Insert into DEVELOP.JOB_EMPLOYEES (USER_ID,JOB_ID,ID,STATUS) values (74,88,152,1);
Insert into DEVELOP.JOB_EMPLOYEES (USER_ID,JOB_ID,ID,STATUS) values (75,88,153,1);
Insert into DEVELOP.JOB_EMPLOYEES (USER_ID,JOB_ID,ID,STATUS) values (86,88,154,1);
Insert into DEVELOP.JOB_EMPLOYEES (USER_ID,JOB_ID,ID,STATUS) values (75,96,155,1);
Insert into DEVELOP.JOB_EMPLOYEES (USER_ID,JOB_ID,ID,STATUS) values (83,96,156,1);
Insert into DEVELOP.JOB_EMPLOYEES (USER_ID,JOB_ID,ID,STATUS) values (86,96,157,1);
Insert into DEVELOP.JOB_EMPLOYEES (USER_ID,JOB_ID,ID,STATUS) values (75,99,160,1);
Insert into DEVELOP.JOB_EMPLOYEES (USER_ID,JOB_ID,ID,STATUS) values (64,99,161,1);
Insert into DEVELOP.JOB_EMPLOYEES (USER_ID,JOB_ID,ID,STATUS) values (86,99,162,1);
Insert into DEVELOP.JOB_EMPLOYEES (USER_ID,JOB_ID,ID,STATUS) values (122,113,189,1);
Insert into DEVELOP.JOB_EMPLOYEES (USER_ID,JOB_ID,ID,STATUS) values (75,100,164,1);
Insert into DEVELOP.JOB_EMPLOYEES (USER_ID,JOB_ID,ID,STATUS) values (63,100,165,1);
Insert into DEVELOP.JOB_EMPLOYEES (USER_ID,JOB_ID,ID,STATUS) values (64,100,166,1);
Insert into DEVELOP.JOB_EMPLOYEES (USER_ID,JOB_ID,ID,STATUS) values (86,100,167,1);
Insert into DEVELOP.JOB_EMPLOYEES (USER_ID,JOB_ID,ID,STATUS) values (74,103,168,1);
Insert into DEVELOP.JOB_EMPLOYEES (USER_ID,JOB_ID,ID,STATUS) values (75,103,169,1);
Insert into DEVELOP.JOB_EMPLOYEES (USER_ID,JOB_ID,ID,STATUS) values (86,103,170,1);
Insert into DEVELOP.JOB_EMPLOYEES (USER_ID,JOB_ID,ID,STATUS) values (70,113,190,1);
Insert into DEVELOP.JOB_EMPLOYEES (USER_ID,JOB_ID,ID,STATUS) values (104,112,192,1);
Insert into DEVELOP.JOB_EMPLOYEES (USER_ID,JOB_ID,ID,STATUS) values (65,207,326,1);
Insert into DEVELOP.JOB_EMPLOYEES (USER_ID,JOB_ID,ID,STATUS) values (121,211,327,1);
Insert into DEVELOP.JOB_EMPLOYEES (USER_ID,JOB_ID,ID,STATUS) values (122,211,328,1);
Insert into DEVELOP.JOB_EMPLOYEES (USER_ID,JOB_ID,ID,STATUS) values (65,212,329,1);
Insert into DEVELOP.JOB_EMPLOYEES (USER_ID,JOB_ID,ID,STATUS) values (65,213,330,1);
Insert into DEVELOP.JOB_EMPLOYEES (USER_ID,JOB_ID,ID,STATUS) values (70,213,350,null);
Insert into DEVELOP.JOB_EMPLOYEES (USER_ID,JOB_ID,ID,STATUS) values (122,213,351,null);
Insert into DEVELOP.JOB_EMPLOYEES (USER_ID,JOB_ID,ID,STATUS) values (75,51,143,1);
Insert into DEVELOP.JOB_EMPLOYEES (USER_ID,JOB_ID,ID,STATUS) values (84,22,179,1);
Insert into DEVELOP.JOB_EMPLOYEES (USER_ID,JOB_ID,ID,STATUS) values (75,141,241,1);
Insert into DEVELOP.JOB_EMPLOYEES (USER_ID,JOB_ID,ID,STATUS) values (122,143,250,1);
Insert into DEVELOP.JOB_EMPLOYEES (USER_ID,JOB_ID,ID,STATUS) values (65,143,244,1);
Insert into DEVELOP.JOB_EMPLOYEES (USER_ID,JOB_ID,ID,STATUS) values (65,144,245,1);
Insert into DEVELOP.JOB_EMPLOYEES (USER_ID,JOB_ID,ID,STATUS) values (121,159,261,1);
Insert into DEVELOP.JOB_EMPLOYEES (USER_ID,JOB_ID,ID,STATUS) values (122,153,247,1);
Insert into DEVELOP.JOB_EMPLOYEES (USER_ID,JOB_ID,ID,STATUS) values (104,153,249,1);
Insert into DEVELOP.JOB_EMPLOYEES (USER_ID,JOB_ID,ID,STATUS) values (75,155,251,1);
Insert into DEVELOP.JOB_EMPLOYEES (USER_ID,JOB_ID,ID,STATUS) values (122,156,253,1);
Insert into DEVELOP.JOB_EMPLOYEES (USER_ID,JOB_ID,ID,STATUS) values (122,157,254,1);
Insert into DEVELOP.JOB_EMPLOYEES (USER_ID,JOB_ID,ID,STATUS) values (74,158,256,1);
Insert into DEVELOP.JOB_EMPLOYEES (USER_ID,JOB_ID,ID,STATUS) values (67,158,257,1);
Insert into DEVELOP.JOB_EMPLOYEES (USER_ID,JOB_ID,ID,STATUS) values (84,158,258,1);
Insert into DEVELOP.JOB_EMPLOYEES (USER_ID,JOB_ID,ID,STATUS) values (122,158,259,1);
Insert into DEVELOP.JOB_EMPLOYEES (USER_ID,JOB_ID,ID,STATUS) values (85,158,260,1);
Insert into DEVELOP.JOB_EMPLOYEES (USER_ID,JOB_ID,ID,STATUS) values (84,159,262,1);
Insert into DEVELOP.JOB_EMPLOYEES (USER_ID,JOB_ID,ID,STATUS) values (82,159,263,1);
Insert into DEVELOP.JOB_EMPLOYEES (USER_ID,JOB_ID,ID,STATUS) values (65,159,264,1);
Insert into DEVELOP.JOB_EMPLOYEES (USER_ID,JOB_ID,ID,STATUS) values (75,159,265,1);
Insert into DEVELOP.JOB_EMPLOYEES (USER_ID,JOB_ID,ID,STATUS) values (124,154,334,null);
Insert into DEVELOP.JOB_EMPLOYEES (USER_ID,JOB_ID,ID,STATUS) values (122,216,335,1);
Insert into DEVELOP.JOB_EMPLOYEES (USER_ID,JOB_ID,ID,STATUS) values (122,219,336,2);
Insert into DEVELOP.JOB_EMPLOYEES (USER_ID,JOB_ID,ID,STATUS) values (122,220,337,2);
Insert into DEVELOP.JOB_EMPLOYEES (USER_ID,JOB_ID,ID,STATUS) values (65,221,338,1);
Insert into DEVELOP.JOB_EMPLOYEES (USER_ID,JOB_ID,ID,STATUS) values (65,222,339,2);
Insert into DEVELOP.JOB_EMPLOYEES (USER_ID,JOB_ID,ID,STATUS) values (121,224,341,1);
Insert into DEVELOP.JOB_EMPLOYEES (USER_ID,JOB_ID,ID,STATUS) values (122,224,342,1);
Insert into DEVELOP.JOB_EMPLOYEES (USER_ID,JOB_ID,ID,STATUS) values (65,225,343,1);
Insert into DEVELOP.JOB_EMPLOYEES (USER_ID,JOB_ID,ID,STATUS) values (65,227,345,2);
Insert into DEVELOP.JOB_EMPLOYEES (USER_ID,JOB_ID,ID,STATUS) values (65,228,346,2);
Insert into DEVELOP.JOB_EMPLOYEES (USER_ID,JOB_ID,ID,STATUS) values (65,229,347,1);
Insert into DEVELOP.JOB_EMPLOYEES (USER_ID,JOB_ID,ID,STATUS) values (76,22,177,1);
Insert into DEVELOP.JOB_EMPLOYEES (USER_ID,JOB_ID,ID,STATUS) values (63,4,47,1);
Insert into DEVELOP.JOB_EMPLOYEES (USER_ID,JOB_ID,ID,STATUS) values (41,4,48,1);
Insert into DEVELOP.JOB_EMPLOYEES (USER_ID,JOB_ID,ID,STATUS) values (66,4,49,1);
Insert into DEVELOP.JOB_EMPLOYEES (USER_ID,JOB_ID,ID,STATUS) values (85,22,181,1);
Insert into DEVELOP.JOB_EMPLOYEES (USER_ID,JOB_ID,ID,STATUS) values (102,22,182,1);
Insert into DEVELOP.JOB_EMPLOYEES (USER_ID,JOB_ID,ID,STATUS) values (70,111,183,1);
Insert into DEVELOP.JOB_EMPLOYEES (USER_ID,JOB_ID,ID,STATUS) values (75,111,184,1);
Insert into DEVELOP.JOB_EMPLOYEES (USER_ID,JOB_ID,ID,STATUS) values (121,111,185,1);
Insert into DEVELOP.JOB_EMPLOYEES (USER_ID,JOB_ID,ID,STATUS) values (76,111,202,1);
Insert into DEVELOP.JOB_EMPLOYEES (USER_ID,JOB_ID,ID,STATUS) values (121,112,187,1);
Insert into DEVELOP.JOB_EMPLOYEES (USER_ID,JOB_ID,ID,STATUS) values (65,122,224,1);
Insert into DEVELOP.JOB_EMPLOYEES (USER_ID,JOB_ID,ID,STATUS) values (65,111,201,1);
Insert into DEVELOP.JOB_EMPLOYEES (USER_ID,JOB_ID,ID,STATUS) values (63,22,83,1);
Insert into DEVELOP.JOB_EMPLOYEES (USER_ID,JOB_ID,ID,STATUS) values (66,22,84,1);
Insert into DEVELOP.JOB_EMPLOYEES (USER_ID,JOB_ID,ID,STATUS) values (65,23,85,1);
Insert into DEVELOP.JOB_EMPLOYEES (USER_ID,JOB_ID,ID,STATUS) values (67,23,86,1);
Insert into DEVELOP.JOB_EMPLOYEES (USER_ID,JOB_ID,ID,STATUS) values (65,24,87,1);
Insert into DEVELOP.JOB_EMPLOYEES (USER_ID,JOB_ID,ID,STATUS) values (67,24,88,1);
Insert into DEVELOP.JOB_EMPLOYEES (USER_ID,JOB_ID,ID,STATUS) values (1,22,89,1);
Insert into DEVELOP.JOB_EMPLOYEES (USER_ID,JOB_ID,ID,STATUS) values (1,23,90,1);
Insert into DEVELOP.JOB_EMPLOYEES (USER_ID,JOB_ID,ID,STATUS) values (66,23,91,1);
Insert into DEVELOP.JOB_EMPLOYEES (USER_ID,JOB_ID,ID,STATUS) values (75,22,178,1);
Insert into DEVELOP.JOB_EMPLOYEES (USER_ID,JOB_ID,ID,STATUS) values (82,22,180,1);
Insert into DEVELOP.JOB_EMPLOYEES (USER_ID,JOB_ID,ID,STATUS) values (121,121,222,1);
Insert into DEVELOP.JOB_EMPLOYEES (USER_ID,JOB_ID,ID,STATUS) values (67,121,223,1);
Insert into DEVELOP.JOB_EMPLOYEES (USER_ID,JOB_ID,ID,STATUS) values (74,123,225,1);
Insert into DEVELOP.JOB_EMPLOYEES (USER_ID,JOB_ID,ID,STATUS) values (122,123,226,1);
Insert into DEVELOP.JOB_EMPLOYEES (USER_ID,JOB_ID,ID,STATUS) values (65,181,301,1);
Insert into DEVELOP.JOB_EMPLOYEES (USER_ID,JOB_ID,ID,STATUS) values (65,182,302,2);
Insert into DEVELOP.JOB_EMPLOYEES (USER_ID,JOB_ID,ID,STATUS) values (65,183,303,1);
Insert into DEVELOP.JOB_EMPLOYEES (USER_ID,JOB_ID,ID,STATUS) values (65,184,304,1);
Insert into DEVELOP.JOB_EMPLOYEES (USER_ID,JOB_ID,ID,STATUS) values (122,205,323,1);
Insert into DEVELOP.JOB_EMPLOYEES (USER_ID,JOB_ID,ID,STATUS) values (83,205,324,1);
Insert into DEVELOP.JOB_EMPLOYEES (USER_ID,JOB_ID,ID,STATUS) values (65,206,325,3);
Insert into DEVELOP.JOB_EMPLOYEES (USER_ID,JOB_ID,ID,STATUS) values (1,4,1,1);
Insert into DEVELOP.JOB_EMPLOYEES (USER_ID,JOB_ID,ID,STATUS) values (21,4,2,1);
Insert into DEVELOP.JOB_EMPLOYEES (USER_ID,JOB_ID,ID,STATUS) values (67,4,99,1);
Insert into DEVELOP.JOB_EMPLOYEES (USER_ID,JOB_ID,ID,STATUS) values (70,21,101,1);
Insert into DEVELOP.JOB_EMPLOYEES (USER_ID,JOB_ID,ID,STATUS) values (1,21,102,1);
Insert into DEVELOP.JOB_EMPLOYEES (USER_ID,JOB_ID,ID,STATUS) values (74,47,105,1);
Insert into DEVELOP.JOB_EMPLOYEES (USER_ID,JOB_ID,ID,STATUS) values (65,50,108,1);
Insert into DEVELOP.JOB_EMPLOYEES (USER_ID,JOB_ID,ID,STATUS) values (65,51,109,1);
Insert into DEVELOP.JOB_EMPLOYEES (USER_ID,JOB_ID,ID,STATUS) values (74,52,110,1);
Insert into DEVELOP.JOB_EMPLOYEES (USER_ID,JOB_ID,ID,STATUS) values (75,52,111,1);
Insert into DEVELOP.JOB_EMPLOYEES (USER_ID,JOB_ID,ID,STATUS) values (65,53,112,1);
Insert into DEVELOP.JOB_EMPLOYEES (USER_ID,JOB_ID,ID,STATUS) values (74,61,121,1);
Insert into DEVELOP.JOB_EMPLOYEES (USER_ID,JOB_ID,ID,STATUS) values (65,62,122,1);
Insert into DEVELOP.JOB_EMPLOYEES (USER_ID,JOB_ID,ID,STATUS) values (70,62,123,1);
Insert into DEVELOP.JOB_EMPLOYEES (USER_ID,JOB_ID,ID,STATUS) values (75,62,124,1);
Insert into DEVELOP.JOB_EMPLOYEES (USER_ID,JOB_ID,ID,STATUS) values (75,53,141,1);
Insert into DEVELOP.JOB_EMPLOYEES (USER_ID,JOB_ID,ID,STATUS) values (75,61,142,1);
Insert into DEVELOP.JOB_EMPLOYEES (USER_ID,JOB_ID,ID,STATUS) values (75,50,144,1);
Insert into DEVELOP.JOB_EMPLOYEES (USER_ID,JOB_ID,ID,STATUS) values (75,98,158,1);
Insert into DEVELOP.JOB_EMPLOYEES (USER_ID,JOB_ID,ID,STATUS) values (86,98,159,1);
Insert into DEVELOP.JOB_EMPLOYEES (USER_ID,JOB_ID,ID,STATUS) values (70,99,175,1);
Insert into DEVELOP.JOB_EMPLOYEES (USER_ID,JOB_ID,ID,STATUS) values (85,99,176,1);
Insert into DEVELOP.JOB_EMPLOYEES (USER_ID,JOB_ID,ID,STATUS) values (75,124,227,1);
Insert into DEVELOP.JOB_EMPLOYEES (USER_ID,JOB_ID,ID,STATUS) values (122,154,248,1);
Insert into DEVELOP.JOB_EMPLOYEES (USER_ID,JOB_ID,ID,STATUS) values (65,160,266,2);
Insert into DEVELOP.JOB_EMPLOYEES (USER_ID,JOB_ID,ID,STATUS) values (70,161,267,1);
Insert into DEVELOP.JOB_EMPLOYEES (USER_ID,JOB_ID,ID,STATUS) values (121,161,268,1);
Insert into DEVELOP.JOB_EMPLOYEES (USER_ID,JOB_ID,ID,STATUS) values (76,162,269,1);
Insert into DEVELOP.JOB_EMPLOYEES (USER_ID,JOB_ID,ID,STATUS) values (121,166,275,1);
Insert into DEVELOP.JOB_EMPLOYEES (USER_ID,JOB_ID,ID,STATUS) values (121,163,271,1);
Insert into DEVELOP.JOB_EMPLOYEES (USER_ID,JOB_ID,ID,STATUS) values (121,164,272,1);
Insert into DEVELOP.JOB_EMPLOYEES (USER_ID,JOB_ID,ID,STATUS) values (122,164,273,1);
Insert into DEVELOP.JOB_EMPLOYEES (USER_ID,JOB_ID,ID,STATUS) values (121,165,274,1);
Insert into DEVELOP.JOB_EMPLOYEES (USER_ID,JOB_ID,ID,STATUS) values (122,168,277,1);
Insert into DEVELOP.JOB_EMPLOYEES (USER_ID,JOB_ID,ID,STATUS) values (122,212,357,null);
Insert into DEVELOP.JOB_EMPLOYEES (USER_ID,JOB_ID,ID,STATUS) values (65,241,359,2);
Insert into DEVELOP.JOB_EMPLOYEES (USER_ID,JOB_ID,ID,STATUS) values (70,212,362,null);
Insert into DEVELOP.JOB_EMPLOYEES (USER_ID,JOB_ID,ID,STATUS) values (65,49,106,1);
Insert into DEVELOP.JOB_EMPLOYEES (USER_ID,JOB_ID,ID,STATUS) values (70,49,107,1);
Insert into DEVELOP.JOB_EMPLOYEES (USER_ID,JOB_ID,ID,STATUS) values (141,143,243,1);
Insert into DEVELOP.JOB_EMPLOYEES (USER_ID,JOB_ID,ID,STATUS) values (121,167,276,1);
Insert into DEVELOP.JOB_EMPLOYEES (USER_ID,JOB_ID,ID,STATUS) values (122,169,278,1);
Insert into DEVELOP.JOB_EMPLOYEES (USER_ID,JOB_ID,ID,STATUS) values (122,204,322,1);
Insert into DEVELOP.JOB_EMPLOYEES (USER_ID,JOB_ID,ID,STATUS) values (122,171,280,1);
Insert into DEVELOP.JOB_EMPLOYEES (USER_ID,JOB_ID,ID,STATUS) values (65,172,281,1);
Insert into DEVELOP.JOB_EMPLOYEES (USER_ID,JOB_ID,ID,STATUS) values (75,203,321,1);
Insert into DEVELOP.JOB_EMPLOYEES (USER_ID,JOB_ID,ID,STATUS) values (65,214,331,1);
Insert into DEVELOP.JOB_EMPLOYEES (USER_ID,JOB_ID,ID,STATUS) values (121,215,332,1);
Insert into DEVELOP.JOB_EMPLOYEES (USER_ID,JOB_ID,ID,STATUS) values (122,215,333,1);
Insert into DEVELOP.JOB_EMPLOYEES (USER_ID,JOB_ID,ID,STATUS) values (65,223,340,1);
Insert into DEVELOP.JOB_EMPLOYEES (USER_ID,JOB_ID,ID,STATUS) values (65,226,344,1);
Insert into DEVELOP.JOB_EMPLOYEES (USER_ID,JOB_ID,ID,STATUS) values (65,230,358,2);
Insert into DEVELOP.JOB_EMPLOYEES (USER_ID,JOB_ID,ID,STATUS) values (65,242,360,1);
Insert into DEVELOP.JOB_EMPLOYEES (USER_ID,JOB_ID,ID,STATUS) values (65,243,361,1);
REM INSERTING into DEVELOP.JOB_PROCCESS
SET DEFINE OFF;
Insert into DEVELOP.JOB_PROCCESS (ID,JOB_ID,CREATED_BY,CREATED_AT,ACTION,NOTE) values (20,4,1,to_timestamp('07-JUN-23 06.31.41.000000000 AM','DD-MON-RR HH.MI.SSXFF AM'),'ho12 ten1(hoten1) đánh dấu trạng thái công việc hoàn thành','ok');
Insert into DEVELOP.JOB_PROCCESS (ID,JOB_ID,CREATED_BY,CREATED_AT,ACTION,NOTE) values (21,23,1,to_timestamp('07-JUN-23 06.33.26.000000000 AM','DD-MON-RR HH.MI.SSXFF AM'),'ho12 ten1(hoten1) đánh dấu trạng thái công việc hoàn thành','ok');
Insert into DEVELOP.JOB_PROCCESS (ID,JOB_ID,CREATED_BY,CREATED_AT,ACTION,NOTE) values (24,21,1,to_timestamp('07-JUN-23 08.26.24.000000000 AM','DD-MON-RR HH.MI.SSXFF AM'),'ho12 ten1(hoten1) thêm Hoài (Hoai) vào nhiệm vụ','thiếu người');
Insert into DEVELOP.JOB_PROCCESS (ID,JOB_ID,CREATED_BY,CREATED_AT,ACTION,NOTE) values (25,21,1,to_timestamp('07-JUN-23 08.27.12.000000000 AM','DD-MON-RR HH.MI.SSXFF AM'),'ho12 ten1(hoten1) đánh dấu trạng thái công việc hoàn thành','đã xong việc');
Insert into DEVELOP.JOB_PROCCESS (ID,JOB_ID,CREATED_BY,CREATED_AT,ACTION,NOTE) values (69,113,122,to_timestamp('14-JUN-23 06.30.56.000000000 PM','DD-MON-RR HH.MI.SSXFF AM'),'Le LONG(longlv199) đã chuyển trạng thái từ chờ nhận sang đang xử lý, và thêm Diệp (diepbui1) vào nhiệm vụ',null);
Insert into DEVELOP.JOB_PROCCESS (ID,JOB_ID,CREATED_BY,CREATED_AT,ACTION,NOTE) values (70,113,122,to_timestamp('14-JUN-23 06.57.23.000000000 AM','DD-MON-RR HH.MI.SSXFF AM'),'Le LONG(longlv199) thêm diệp a (diepngoc) vào nhiệm vụ','thiếu người');
Insert into DEVELOP.JOB_PROCCESS (ID,JOB_ID,CREATED_BY,CREATED_AT,ACTION,NOTE) values (71,113,122,to_timestamp('14-JUN-23 06.58.19.000000000 AM','DD-MON-RR HH.MI.SSXFF AM'),'Le LONG(longlv199) đánh dấu trạng thái công việc hoàn thành','đã hoàn thành');
Insert into DEVELOP.JOB_PROCCESS (ID,JOB_ID,CREATED_BY,CREATED_AT,ACTION,NOTE) values (72,111,122,to_timestamp('14-JUN-23 07.01.24.000000000 AM','DD-MON-RR HH.MI.SSXFF AM'),'Le LONG(longlv199) từ chối nhận việc',null);
Insert into DEVELOP.JOB_PROCCESS (ID,JOB_ID,CREATED_BY,CREATED_AT,ACTION,NOTE) values (73,112,122,to_timestamp('14-JUN-23 07.38.06.000000000 PM','DD-MON-RR HH.MI.SSXFF AM'),'Le LONG(longlv199) đã chuyển trạng thái từ chờ nhận sang đang xử lý, và thêm Thanh (PhamThanh) vào nhiệm vụ',null);
Insert into DEVELOP.JOB_PROCCESS (ID,JOB_ID,CREATED_BY,CREATED_AT,ACTION,NOTE) values (74,112,122,to_timestamp('14-JUN-23 07.10.44.000000000 AM','DD-MON-RR HH.MI.SSXFF AM'),'Le LONG(longlv199) bỏ nhận việc','có việc riêng, không thể tiếp tục công việc');
Insert into DEVELOP.JOB_PROCCESS (ID,JOB_ID,CREATED_BY,CREATED_AT,ACTION,NOTE) values (148,158,122,to_timestamp('21-JUN-23 05.38.20.000000000 AM','DD-MON-RR HH.MI.SSXFF AM'),'Le LONG(longlv199) đánh dấu trạng thái công việc hoàn thành','đã hoàn thành');
Insert into DEVELOP.JOB_PROCCESS (ID,JOB_ID,CREATED_BY,CREATED_AT,ACTION,NOTE) values (230,207,123,to_timestamp('27-JUN-23 05.03.01.000000000 PM','DD-MON-RR HH.MI.SSXFF AM'),'Ngọc Diệp (NgocDiep) đã tạo mới',null);
Insert into DEVELOP.JOB_PROCCESS (ID,JOB_ID,CREATED_BY,CREATED_AT,ACTION,NOTE) values (231,207,123,to_timestamp('27-JUN-23 05.03.01.000000000 PM','DD-MON-RR HH.MI.SSXFF AM'),'Ngọc Diệp (NgocDiep) đã thêm Hoài Hoài (hoai1) vào công việc',null);
Insert into DEVELOP.JOB_PROCCESS (ID,JOB_ID,CREATED_BY,CREATED_AT,ACTION,NOTE) values (232,211,61,to_timestamp('27-JUN-23 05.06.44.000000000 PM','DD-MON-RR HH.MI.SSXFF AM'),'Nguyễn văn Admin (admin01) đã tạo mới',null);
Insert into DEVELOP.JOB_PROCCESS (ID,JOB_ID,CREATED_BY,CREATED_AT,ACTION,NOTE) values (233,211,61,to_timestamp('27-JUN-23 05.06.44.000000000 PM','DD-MON-RR HH.MI.SSXFF AM'),'Nguyễn văn Admin (admin01) đã thêm Thông Thông (thongnh1996), LONG LONG (longlv199) vào công việc',null);
Insert into DEVELOP.JOB_PROCCESS (ID,JOB_ID,CREATED_BY,CREATED_AT,ACTION,NOTE) values (234,206,65,to_timestamp('27-JUN-23 05.24.08.000000000 PM','DD-MON-RR HH.MI.SSXFF AM'),'Nguyễn Hoài(hoai1) đã chuyển trạng thái từ chờ nhận sang đang xử lý',null);
Insert into DEVELOP.JOB_PROCCESS (ID,JOB_ID,CREATED_BY,CREATED_AT,ACTION,NOTE) values (235,212,123,to_timestamp('27-JUN-23 05.25.45.000000000 PM','DD-MON-RR HH.MI.SSXFF AM'),'Ngọc Diệp (NgocDiep) đã tạo mới',null);
Insert into DEVELOP.JOB_PROCCESS (ID,JOB_ID,CREATED_BY,CREATED_AT,ACTION,NOTE) values (236,212,123,to_timestamp('27-JUN-23 05.25.45.000000000 PM','DD-MON-RR HH.MI.SSXFF AM'),'Ngọc Diệp (NgocDiep) đã thêm Hoài Hoài (hoai1) vào công việc',null);
Insert into DEVELOP.JOB_PROCCESS (ID,JOB_ID,CREATED_BY,CREATED_AT,ACTION,NOTE) values (237,213,123,to_timestamp('27-JUN-23 05.35.06.000000000 PM','DD-MON-RR HH.MI.SSXFF AM'),'Ngọc Diệp (NgocDiep) đã tạo mới',null);
Insert into DEVELOP.JOB_PROCCESS (ID,JOB_ID,CREATED_BY,CREATED_AT,ACTION,NOTE) values (238,213,123,to_timestamp('27-JUN-23 05.35.06.000000000 PM','DD-MON-RR HH.MI.SSXFF AM'),'Ngọc Diệp (NgocDiep) đã thêm Hoài Hoài (hoai1) vào công việc',null);
Insert into DEVELOP.JOB_PROCCESS (ID,JOB_ID,CREATED_BY,CREATED_AT,ACTION,NOTE) values (297,213,65,to_timestamp('30-JUN-23 01.36.07.000000000 PM','DD-MON-RR HH.MI.SSXFF AM'),'Nguyễn Hoài(hoai1) thêm Diệp (diepbui1) vào nhiệm vụ','thiếu người');
Insert into DEVELOP.JOB_PROCCESS (ID,JOB_ID,CREATED_BY,CREATED_AT,ACTION,NOTE) values (298,213,65,to_timestamp('30-JUN-23 01.36.18.000000000 PM','DD-MON-RR HH.MI.SSXFF AM'),'Nguyễn Hoài(hoai1) thêm Long (longlv199) vào nhiệm vụ','thiếu người');
Insert into DEVELOP.JOB_PROCCESS (ID,JOB_ID,CREATED_BY,CREATED_AT,ACTION,NOTE) values (41,51,65,to_timestamp('13-JUN-23 04.59.25.000000000 PM','DD-MON-RR HH.MI.SSXFF AM'),null,null);
Insert into DEVELOP.JOB_PROCCESS (ID,JOB_ID,CREATED_BY,CREATED_AT,ACTION,NOTE) values (66,22,1,to_timestamp('14-JUN-23 04.49.29.000000000 AM','DD-MON-RR HH.MI.SSXFF AM'),'ho12 ten1(hoten1) thêm diệp a (diepngoc) vào nhiệm vụ','thieu nhan su thuc hien cong viec');
Insert into DEVELOP.JOB_PROCCESS (ID,JOB_ID,CREATED_BY,CREATED_AT,ACTION,NOTE) values (101,141,123,to_timestamp('20-JUN-23 09.02.36.000000000 AM','DD-MON-RR HH.MI.SSXFF AM'),'Ngọc Diệp (NgocDiep) đã tạo mới',null);
Insert into DEVELOP.JOB_PROCCESS (ID,JOB_ID,CREATED_BY,CREATED_AT,ACTION,NOTE) values (102,141,123,to_timestamp('20-JUN-23 09.02.36.000000000 AM','DD-MON-RR HH.MI.SSXFF AM'),'Ngọc Diệp (NgocDiep) đã thêm Thu Hoài Thu Hoài (Hoainguyen) vào công việc',null);
Insert into DEVELOP.JOB_PROCCESS (ID,JOB_ID,CREATED_BY,CREATED_AT,ACTION,NOTE) values (103,142,61,to_timestamp('20-JUN-23 12.42.58.000000000 PM','DD-MON-RR HH.MI.SSXFF AM'),'Nguyễn văn Admin (admin01) đã tạo mới',null);
Insert into DEVELOP.JOB_PROCCESS (ID,JOB_ID,CREATED_BY,CREATED_AT,ACTION,NOTE) values (104,142,61,to_timestamp('20-JUN-23 12.42.58.000000000 PM','DD-MON-RR HH.MI.SSXFF AM'),'Nguyễn văn Admin (admin01) đã thêm LONG LONG (longlv199) vào công việc',null);
Insert into DEVELOP.JOB_PROCCESS (ID,JOB_ID,CREATED_BY,CREATED_AT,ACTION,NOTE) values (107,144,123,to_timestamp('20-JUN-23 03.24.49.000000000 PM','DD-MON-RR HH.MI.SSXFF AM'),'Ngọc Diệp (NgocDiep) đã tạo mới',null);
Insert into DEVELOP.JOB_PROCCESS (ID,JOB_ID,CREATED_BY,CREATED_AT,ACTION,NOTE) values (108,144,123,to_timestamp('20-JUN-23 03.24.49.000000000 PM','DD-MON-RR HH.MI.SSXFF AM'),'Ngọc Diệp (NgocDiep) đã thêm Hoài Hoài (hoai1) vào công việc',null);
Insert into DEVELOP.JOB_PROCCESS (ID,JOB_ID,CREATED_BY,CREATED_AT,ACTION,NOTE) values (109,144,65,to_timestamp('20-JUN-23 03.24.25.000000000 PM','DD-MON-RR HH.MI.SSXFF AM'),null,null);
Insert into DEVELOP.JOB_PROCCESS (ID,JOB_ID,CREATED_BY,CREATED_AT,ACTION,NOTE) values (110,144,65,to_timestamp('20-JUN-23 03.25.39.000000000 AM','DD-MON-RR HH.MI.SSXFF AM'),'Nguyễn Hoài(hoai1) đánh dấu trạng thái công việc hoàn thành','DS');
Insert into DEVELOP.JOB_PROCCESS (ID,JOB_ID,CREATED_BY,CREATED_AT,ACTION,NOTE) values (111,152,61,to_timestamp('20-JUN-23 07.20.24.000000000 PM','DD-MON-RR HH.MI.SSXFF AM'),'Nguyễn văn Admin (admin01) đã tạo mới',null);
Insert into DEVELOP.JOB_PROCCESS (ID,JOB_ID,CREATED_BY,CREATED_AT,ACTION,NOTE) values (112,152,61,to_timestamp('20-JUN-23 07.20.24.000000000 PM','DD-MON-RR HH.MI.SSXFF AM'),'Nguyễn văn Admin (admin01) đã thêm LONG LONG (longlv199) vào công việc',null);
Insert into DEVELOP.JOB_PROCCESS (ID,JOB_ID,CREATED_BY,CREATED_AT,ACTION,NOTE) values (113,153,61,to_timestamp('20-JUN-23 07.40.42.000000000 PM','DD-MON-RR HH.MI.SSXFF AM'),'Nguyễn văn Admin (admin01) đã tạo mới',null);
Insert into DEVELOP.JOB_PROCCESS (ID,JOB_ID,CREATED_BY,CREATED_AT,ACTION,NOTE) values (114,153,61,to_timestamp('20-JUN-23 07.40.42.000000000 PM','DD-MON-RR HH.MI.SSXFF AM'),'Nguyễn văn Admin (admin01) đã thêm LONG LONG (longlv199) vào công việc',null);
Insert into DEVELOP.JOB_PROCCESS (ID,JOB_ID,CREATED_BY,CREATED_AT,ACTION,NOTE) values (120,153,122,to_timestamp('21-JUN-23 09.33.42.000000000 AM','DD-MON-RR HH.MI.SSXFF AM'),'Le LONG(longlv199) đã chuyển trạng thái từ chờ nhận sang đang xử lý, và thêm Thanh (PhamThanh) vào nhiệm vụ',null);
Insert into DEVELOP.JOB_PROCCESS (ID,JOB_ID,CREATED_BY,CREATED_AT,ACTION,NOTE) values (121,142,122,to_timestamp('21-JUN-23 09.57.26.000000000 AM','DD-MON-RR HH.MI.SSXFF AM'),'Le LONG(longlv199) từ chối nhận việc','ốm, mệt, không đủ sức khỏe để làm');
Insert into DEVELOP.JOB_PROCCESS (ID,JOB_ID,CREATED_BY,CREATED_AT,ACTION,NOTE) values (125,152,122,to_timestamp('21-JUN-23 10.05.58.000000000 AM','DD-MON-RR HH.MI.SSXFF AM'),'Le LONG(longlv199) từ chối nhận việc','ốm, mệt, không đủ sức khỏe để làm');
Insert into DEVELOP.JOB_PROCCESS (ID,JOB_ID,CREATED_BY,CREATED_AT,ACTION,NOTE) values (126,153,122,to_timestamp('21-JUN-23 10.13.39.000000000 AM','DD-MON-RR HH.MI.SSXFF AM'),'Le LONG(longlv199) đánh dấu trạng thái công việc hoàn thành','đã hoàn thành công việc');
Insert into DEVELOP.JOB_PROCCESS (ID,JOB_ID,CREATED_BY,CREATED_AT,ACTION,NOTE) values (127,143,61,to_timestamp('21-JUN-23 10.33.54.000000000 AM','DD-MON-RR HH.MI.SSXFF AM'),'Nguyễn văn Admin (admin01) đã thêm LONG LONG (longlv199) vào công việc',null);
Insert into DEVELOP.JOB_PROCCESS (ID,JOB_ID,CREATED_BY,CREATED_AT,ACTION,NOTE) values (128,155,123,to_timestamp('21-JUN-23 02.01.48.000000000 PM','DD-MON-RR HH.MI.SSXFF AM'),'Ngọc Diệp (NgocDiep) đã tạo mới',null);
Insert into DEVELOP.JOB_PROCCESS (ID,JOB_ID,CREATED_BY,CREATED_AT,ACTION,NOTE) values (129,155,123,to_timestamp('21-JUN-23 02.01.48.000000000 PM','DD-MON-RR HH.MI.SSXFF AM'),'Ngọc Diệp (NgocDiep) đã thêm Thu Hoài Thu Hoài (Hoainguyen) vào công việc',null);
Insert into DEVELOP.JOB_PROCCESS (ID,JOB_ID,CREATED_BY,CREATED_AT,ACTION,NOTE) values (130,156,123,to_timestamp('21-JUN-23 02.02.37.000000000 PM','DD-MON-RR HH.MI.SSXFF AM'),'Ngọc Diệp (NgocDiep) đã tạo mới',null);
Insert into DEVELOP.JOB_PROCCESS (ID,JOB_ID,CREATED_BY,CREATED_AT,ACTION,NOTE) values (131,156,123,to_timestamp('21-JUN-23 02.02.37.000000000 PM','DD-MON-RR HH.MI.SSXFF AM'),'Ngọc Diệp (NgocDiep) đã thêm Hoài Hoài (hoai1) vào công việc',null);
Insert into DEVELOP.JOB_PROCCESS (ID,JOB_ID,CREATED_BY,CREATED_AT,ACTION,NOTE) values (132,156,65,to_timestamp('21-JUN-23 02.03.02.000000000 AM','DD-MON-RR HH.MI.SSXFF AM'),'Nguyễn Hoài(hoai1) từ chối nhận việc','abc');
Insert into DEVELOP.JOB_PROCCESS (ID,JOB_ID,CREATED_BY,CREATED_AT,ACTION,NOTE) values (133,143,65,to_timestamp('21-JUN-23 02.30.03.000000000 PM','DD-MON-RR HH.MI.SSXFF AM'),null,null);
Insert into DEVELOP.JOB_PROCCESS (ID,JOB_ID,CREATED_BY,CREATED_AT,ACTION,NOTE) values (135,156,61,to_timestamp('21-JUN-23 02.08.35.000000000 PM','DD-MON-RR HH.MI.SSXFF AM'),'Nguyễn văn Admin (admin01) đã thêm LONG LONG (longlv199) vào công việc',null);
Insert into DEVELOP.JOB_PROCCESS (ID,JOB_ID,CREATED_BY,CREATED_AT,ACTION,NOTE) values (136,157,123,to_timestamp('21-JUN-23 04.27.58.000000000 PM','DD-MON-RR HH.MI.SSXFF AM'),'Ngọc Diệp (NgocDiep) đã tạo mới',null);
Insert into DEVELOP.JOB_PROCCESS (ID,JOB_ID,CREATED_BY,CREATED_AT,ACTION,NOTE) values (137,157,123,to_timestamp('21-JUN-23 04.27.58.000000000 PM','DD-MON-RR HH.MI.SSXFF AM'),'Ngọc Diệp (NgocDiep) đã thêm LONG LONG (longlv199) vào công việc',null);
Insert into DEVELOP.JOB_PROCCESS (ID,JOB_ID,CREATED_BY,CREATED_AT,ACTION,NOTE) values (138,157,122,to_timestamp('21-JUN-23 04.54.29.000000000 PM','DD-MON-RR HH.MI.SSXFF AM'),null,null);
Insert into DEVELOP.JOB_PROCCESS (ID,JOB_ID,CREATED_BY,CREATED_AT,ACTION,NOTE) values (139,157,122,to_timestamp('21-JUN-23 04.30.46.000000000 AM','DD-MON-RR HH.MI.SSXFF AM'),'Le LONG(longlv199) đánh dấu trạng thái công việc hoàn thành','hgfds');
Insert into DEVELOP.JOB_PROCCESS (ID,JOB_ID,CREATED_BY,CREATED_AT,ACTION,NOTE) values (140,158,123,to_timestamp('21-JUN-23 04.31.57.000000000 PM','DD-MON-RR HH.MI.SSXFF AM'),'Ngọc Diệp (NgocDiep) đã tạo mới',null);
Insert into DEVELOP.JOB_PROCCESS (ID,JOB_ID,CREATED_BY,CREATED_AT,ACTION,NOTE) values (141,158,123,to_timestamp('21-JUN-23 04.31.57.000000000 PM','DD-MON-RR HH.MI.SSXFF AM'),'Ngọc Diệp (NgocDiep) đã thêm Diệp Diệp (diepbui1) vào công việc',null);
Insert into DEVELOP.JOB_PROCCESS (ID,JOB_ID,CREATED_BY,CREATED_AT,ACTION,NOTE) values (142,158,123,to_timestamp('21-JUN-23 04.32.06.000000000 PM','DD-MON-RR HH.MI.SSXFF AM'),'Ngọc Diệp (NgocDiep) đã thêm Đẹp trai Đẹp trai (thongdeptrai) vào công việc',null);
Insert into DEVELOP.JOB_PROCCESS (ID,JOB_ID,CREATED_BY,CREATED_AT,ACTION,NOTE) values (143,158,70,to_timestamp('21-JUN-23 05.14.36.000000000 PM','DD-MON-RR HH.MI.SSXFF AM'),'Bùi Diệp(diepbui1) đã chuyển trạng thái từ chờ nhận sang đang xử lý, và thêm Diệp (diep), diệp a (diepngoc) vào nhiệm vụ',null);
Insert into DEVELOP.JOB_PROCCESS (ID,JOB_ID,CREATED_BY,CREATED_AT,ACTION,NOTE) values (144,158,70,to_timestamp('21-JUN-23 05.36.23.000000000 AM','DD-MON-RR HH.MI.SSXFF AM'),null,'test');
Insert into DEVELOP.JOB_PROCCESS (ID,JOB_ID,CREATED_BY,CREATED_AT,ACTION,NOTE) values (146,158,61,to_timestamp('21-JUN-23 05.37.34.000000000 PM','DD-MON-RR HH.MI.SSXFF AM'),'Nguyễn văn Admin (admin01) đã thêm LONG LONG (longlv199) vào công việc',null);
Insert into DEVELOP.JOB_PROCCESS (ID,JOB_ID,CREATED_BY,CREATED_AT,ACTION,NOTE) values (147,158,122,to_timestamp('21-JUN-23 05.38.02.000000000 AM','DD-MON-RR HH.MI.SSXFF AM'),'Le LONG(longlv199) thêm Kiên (duongkien) vào nhiệm vụ','thiếu người');
Insert into DEVELOP.JOB_PROCCESS (ID,JOB_ID,CREATED_BY,CREATED_AT,ACTION,NOTE) values (149,159,61,to_timestamp('22-JUN-23 04.26.38.000000000 PM','DD-MON-RR HH.MI.SSXFF AM'),'Nguyễn văn Admin (admin01) đã tạo mới',null);
Insert into DEVELOP.JOB_PROCCESS (ID,JOB_ID,CREATED_BY,CREATED_AT,ACTION,NOTE) values (150,159,61,to_timestamp('22-JUN-23 04.26.38.000000000 PM','DD-MON-RR HH.MI.SSXFF AM'),'Nguyễn văn Admin (admin01) đã thêm Thông Thông (thongnh1996) vào công việc',null);
Insert into DEVELOP.JOB_PROCCESS (ID,JOB_ID,CREATED_BY,CREATED_AT,ACTION,NOTE) values (151,159,121,to_timestamp('22-JUN-23 04.10.34.000000000 PM','DD-MON-RR HH.MI.SSXFF AM'),'Nguyễn Huy Thông(thongnh1996) đã chuyển trạng thái từ chờ nhận sang đang xử lý, và thêm diệp a (diepngoc) vào nhiệm vụ','thêm người trợ giúp công việc');
Insert into DEVELOP.JOB_PROCCESS (ID,JOB_ID,CREATED_BY,CREATED_AT,ACTION,NOTE) values (152,159,121,to_timestamp('22-JUN-23 04.39.25.000000000 AM','DD-MON-RR HH.MI.SSXFF AM'),'Nguyễn Huy Thông(thongnh1996) thêm HOÀI (hoainguyen1) vào nhiệm vụ','hỗ trợ lắp mạng');
Insert into DEVELOP.JOB_PROCCESS (ID,JOB_ID,CREATED_BY,CREATED_AT,ACTION,NOTE) values (153,159,121,to_timestamp('22-JUN-23 04.40.43.000000000 AM','DD-MON-RR HH.MI.SSXFF AM'),'Nguyễn Huy Thông(thongnh1996) thêm Hoài (hoai1) vào nhiệm vụ','thêm để sửa dây mạng');
Insert into DEVELOP.JOB_PROCCESS (ID,JOB_ID,CREATED_BY,CREATED_AT,ACTION,NOTE) values (154,159,121,to_timestamp('22-JUN-23 04.44.38.000000000 AM','DD-MON-RR HH.MI.SSXFF AM'),'Nguyễn Huy Thông(thongnh1996) thêm Thu Hoài (Hoainguyen) vào nhiệm vụ','thêm để sửa dây mạng');
Insert into DEVELOP.JOB_PROCCESS (ID,JOB_ID,CREATED_BY,CREATED_AT,ACTION,NOTE) values (166,162,121,to_timestamp('23-JUN-23 09.51.03.000000000 AM','DD-MON-RR HH.MI.SSXFF AM'),'Nguyễn Huy Thông(thongnh1996) từ chối nhận việc','không khbar thi');
Insert into DEVELOP.JOB_PROCCESS (ID,JOB_ID,CREATED_BY,CREATED_AT,ACTION,NOTE) values (247,211,122,to_timestamp('28-JUN-23 10.22.21.000000000 AM','DD-MON-RR HH.MI.SSXFF AM'),'Le LONG(longlv199) đã chuyển trạng thái từ chờ nhận sang đang xử lý',null);
Insert into DEVELOP.JOB_PROCCESS (ID,JOB_ID,CREATED_BY,CREATED_AT,ACTION,NOTE) values (250,211,122,to_timestamp('28-JUN-23 10.42.29.000000000 AM','DD-MON-RR HH.MI.SSXFF AM'),'Le LONG(longlv199) đánh dấu trạng thái công việc hoàn thành','đã hoàn thành');
Insert into DEVELOP.JOB_PROCCESS (ID,JOB_ID,CREATED_BY,CREATED_AT,ACTION,NOTE) values (251,154,122,to_timestamp('28-JUN-23 10.42.42.000000000 AM','DD-MON-RR HH.MI.SSXFF AM'),'Le LONG(longlv199) thêm Mỹ Linh (mylinh01) vào nhiệm vụ','thiếu người');
Insert into DEVELOP.JOB_PROCCESS (ID,JOB_ID,CREATED_BY,CREATED_AT,ACTION,NOTE) values (252,214,65,to_timestamp('28-JUN-23 11.01.49.000000000 AM','DD-MON-RR HH.MI.SSXFF AM'),'Nguyễn Hoài(hoai1) đã chuyển trạng thái từ chờ nhận sang đang xử lý',null);
Insert into DEVELOP.JOB_PROCCESS (ID,JOB_ID,CREATED_BY,CREATED_AT,ACTION,NOTE) values (253,216,61,to_timestamp('28-JUN-23 11.22.17.000000000 AM','DD-MON-RR HH.MI.SSXFF AM'),'Nguyễn văn Admin (admin01) đã tạo mới',null);
Insert into DEVELOP.JOB_PROCCESS (ID,JOB_ID,CREATED_BY,CREATED_AT,ACTION,NOTE) values (254,216,61,to_timestamp('28-JUN-23 11.22.17.000000000 AM','DD-MON-RR HH.MI.SSXFF AM'),'Nguyễn văn Admin (admin01) đã thêm LONG LONG (longlv199) vào công việc',null);
Insert into DEVELOP.JOB_PROCCESS (ID,JOB_ID,CREATED_BY,CREATED_AT,ACTION,NOTE) values (255,214,65,to_timestamp('28-JUN-23 11.50.09.000000000 AM','DD-MON-RR HH.MI.SSXFF AM'),'Nguyễn Hoài(hoai1) đánh dấu trạng thái công việc hoàn thành','đã hoàn thành');
Insert into DEVELOP.JOB_PROCCESS (ID,JOB_ID,CREATED_BY,CREATED_AT,ACTION,NOTE) values (256,219,61,to_timestamp('28-JUN-23 11.54.52.000000000 AM','DD-MON-RR HH.MI.SSXFF AM'),'Nguyễn văn Admin (admin01) đã tạo mới',null);
Insert into DEVELOP.JOB_PROCCESS (ID,JOB_ID,CREATED_BY,CREATED_AT,ACTION,NOTE) values (257,219,61,to_timestamp('28-JUN-23 11.54.52.000000000 AM','DD-MON-RR HH.MI.SSXFF AM'),'Nguyễn văn Admin (admin01) đã thêm LONG LONG (longlv199) vào công việc',null);
Insert into DEVELOP.JOB_PROCCESS (ID,JOB_ID,CREATED_BY,CREATED_AT,ACTION,NOTE) values (258,220,61,to_timestamp('28-JUN-23 11.58.18.000000000 AM','DD-MON-RR HH.MI.SSXFF AM'),'Nguyễn văn Admin (admin01) đã tạo mới',null);
Insert into DEVELOP.JOB_PROCCESS (ID,JOB_ID,CREATED_BY,CREATED_AT,ACTION,NOTE) values (259,220,61,to_timestamp('28-JUN-23 11.58.18.000000000 AM','DD-MON-RR HH.MI.SSXFF AM'),'Nguyễn văn Admin (admin01) đã thêm LONG LONG (longlv199) vào công việc',null);
Insert into DEVELOP.JOB_PROCCESS (ID,JOB_ID,CREATED_BY,CREATED_AT,ACTION,NOTE) values (260,221,123,to_timestamp('28-JUN-23 01.07.56.000000000 PM','DD-MON-RR HH.MI.SSXFF AM'),'Ngọc Diệp (NgocDiep) đã tạo mới',null);
Insert into DEVELOP.JOB_PROCCESS (ID,JOB_ID,CREATED_BY,CREATED_AT,ACTION,NOTE) values (261,221,123,to_timestamp('28-JUN-23 01.07.56.000000000 PM','DD-MON-RR HH.MI.SSXFF AM'),'Ngọc Diệp (NgocDiep) đã thêm Hoài Hoài (hoai1) vào công việc',null);
Insert into DEVELOP.JOB_PROCCESS (ID,JOB_ID,CREATED_BY,CREATED_AT,ACTION,NOTE) values (262,221,65,to_timestamp('28-JUN-23 01.08.13.000000000 PM','DD-MON-RR HH.MI.SSXFF AM'),'Nguyễn Hoài(hoai1) đã chuyển trạng thái từ chờ nhận sang đang xử lý',null);
Insert into DEVELOP.JOB_PROCCESS (ID,JOB_ID,CREATED_BY,CREATED_AT,ACTION,NOTE) values (263,222,123,to_timestamp('28-JUN-23 01.09.58.000000000 PM','DD-MON-RR HH.MI.SSXFF AM'),'Ngọc Diệp (NgocDiep) đã tạo mới',null);
Insert into DEVELOP.JOB_PROCCESS (ID,JOB_ID,CREATED_BY,CREATED_AT,ACTION,NOTE) values (264,222,123,to_timestamp('28-JUN-23 01.09.58.000000000 PM','DD-MON-RR HH.MI.SSXFF AM'),'Ngọc Diệp (NgocDiep) đã thêm Hoài Hoài (hoai1) vào công việc',null);
Insert into DEVELOP.JOB_PROCCESS (ID,JOB_ID,CREATED_BY,CREATED_AT,ACTION,NOTE) values (267,224,61,to_timestamp('28-JUN-23 01.27.22.000000000 PM','DD-MON-RR HH.MI.SSXFF AM'),'Nguyễn văn Admin (admin01) đã tạo mới',null);
Insert into DEVELOP.JOB_PROCCESS (ID,JOB_ID,CREATED_BY,CREATED_AT,ACTION,NOTE) values (268,224,61,to_timestamp('28-JUN-23 01.27.22.000000000 PM','DD-MON-RR HH.MI.SSXFF AM'),'Nguyễn văn Admin (admin01) đã thêm Thông Thông (thongnh1996), LONG LONG (longlv199) vào công việc',null);
Insert into DEVELOP.JOB_PROCCESS (ID,JOB_ID,CREATED_BY,CREATED_AT,ACTION,NOTE) values (269,224,122,to_timestamp('28-JUN-23 01.31.25.000000000 PM','DD-MON-RR HH.MI.SSXFF AM'),'Le LONG(longlv199) đã chuyển trạng thái từ chờ nhận sang đang xử lý',null);
Insert into DEVELOP.JOB_PROCCESS (ID,JOB_ID,CREATED_BY,CREATED_AT,ACTION,NOTE) values (270,224,122,to_timestamp('28-JUN-23 01.31.32.000000000 PM','DD-MON-RR HH.MI.SSXFF AM'),'Le LONG(longlv199) đánh dấu trạng thái công việc hoàn thành','đã hoàn thành');
Insert into DEVELOP.JOB_PROCCESS (ID,JOB_ID,CREATED_BY,CREATED_AT,ACTION,NOTE) values (271,221,65,to_timestamp('28-JUN-23 01.32.00.000000000 PM','DD-MON-RR HH.MI.SSXFF AM'),'Nguyễn Hoài(hoai1) đánh dấu trạng thái công việc hoàn thành','đã hoàn thành');
Insert into DEVELOP.JOB_PROCCESS (ID,JOB_ID,CREATED_BY,CREATED_AT,ACTION,NOTE) values (272,225,123,to_timestamp('28-JUN-23 01.33.09.000000000 PM','DD-MON-RR HH.MI.SSXFF AM'),'Ngọc Diệp (NgocDiep) đã tạo mới',null);
Insert into DEVELOP.JOB_PROCCESS (ID,JOB_ID,CREATED_BY,CREATED_AT,ACTION,NOTE) values (273,225,123,to_timestamp('28-JUN-23 01.33.09.000000000 PM','DD-MON-RR HH.MI.SSXFF AM'),'Ngọc Diệp (NgocDiep) đã thêm Hoài Hoài (hoai1) vào công việc',null);
Insert into DEVELOP.JOB_PROCCESS (ID,JOB_ID,CREATED_BY,CREATED_AT,ACTION,NOTE) values (274,225,65,to_timestamp('28-JUN-23 01.33.19.000000000 PM','DD-MON-RR HH.MI.SSXFF AM'),'Nguyễn Hoài(hoai1) đã chuyển trạng thái từ chờ nhận sang đang xử lý',null);
Insert into DEVELOP.JOB_PROCCESS (ID,JOB_ID,CREATED_BY,CREATED_AT,ACTION,NOTE) values (275,225,65,to_timestamp('28-JUN-23 01.33.24.000000000 PM','DD-MON-RR HH.MI.SSXFF AM'),'Nguyễn Hoài(hoai1) đánh dấu trạng thái công việc hoàn thành','đã hoàn thành');
Insert into DEVELOP.JOB_PROCCESS (ID,JOB_ID,CREATED_BY,CREATED_AT,ACTION,NOTE) values (283,227,123,to_timestamp('29-JUN-23 09.27.48.000000000 AM','DD-MON-RR HH.MI.SSXFF AM'),'Ngọc Diệp (NgocDiep) đã tạo mới',null);
Insert into DEVELOP.JOB_PROCCESS (ID,JOB_ID,CREATED_BY,CREATED_AT,ACTION,NOTE) values (284,227,123,to_timestamp('29-JUN-23 09.27.48.000000000 AM','DD-MON-RR HH.MI.SSXFF AM'),'Ngọc Diệp (NgocDiep) đã thêm Hoài Hoài (hoai1) vào công việc',null);
Insert into DEVELOP.JOB_PROCCESS (ID,JOB_ID,CREATED_BY,CREATED_AT,ACTION,NOTE) values (285,227,65,to_timestamp('29-JUN-23 09.40.40.000000000 AM','DD-MON-RR HH.MI.SSXFF AM'),'Nguyễn Hoài(hoai1) từ chối nhận việc','ngày nghỉ ốm');
Insert into DEVELOP.JOB_PROCCESS (ID,JOB_ID,CREATED_BY,CREATED_AT,ACTION,NOTE) values (286,228,123,to_timestamp('29-JUN-23 09.41.20.000000000 AM','DD-MON-RR HH.MI.SSXFF AM'),'Ngọc Diệp (NgocDiep) đã tạo mới',null);
Insert into DEVELOP.JOB_PROCCESS (ID,JOB_ID,CREATED_BY,CREATED_AT,ACTION,NOTE) values (287,228,123,to_timestamp('29-JUN-23 09.41.20.000000000 AM','DD-MON-RR HH.MI.SSXFF AM'),'Ngọc Diệp (NgocDiep) đã thêm Hoài Hoài (hoai1) vào công việc',null);
Insert into DEVELOP.JOB_PROCCESS (ID,JOB_ID,CREATED_BY,CREATED_AT,ACTION,NOTE) values (288,228,65,to_timestamp('29-JUN-23 09.41.38.000000000 AM','DD-MON-RR HH.MI.SSXFF AM'),'Nguyễn Hoài(hoai1) từ chối nhận việc','đang nghỉ ốm');
Insert into DEVELOP.JOB_PROCCESS (ID,JOB_ID,CREATED_BY,CREATED_AT,ACTION,NOTE) values (6,4,1,to_timestamp('06-JUN-23 07.08.54.000000000 AM','DD-MON-RR HH.MI.SSXFF AM'),'ten1 (hoten1) đã chuyển trạng thái từ chờ nhận sang đang xử lý, và thêmDiệp (diepbui), Nhân viên 3 (doitac2), Hiệp (hiệp @) vào nhiệm vụ','ok');
Insert into DEVELOP.JOB_PROCCESS (ID,JOB_ID,CREATED_BY,CREATED_AT,ACTION,NOTE) values (8,4,1,to_timestamp('06-JUN-23 07.50.58.000000000 AM','DD-MON-RR HH.MI.SSXFF AM'),'ho12 ten1(hoten1) đã chuyển trạng thái từ chờ nhận sang đang xử lý, và thêmDiệp (diepbui), Nhân viên 3 (doitac2), Hiệp (hiệp @) vào nhiệm vụ','ok');
Insert into DEVELOP.JOB_PROCCESS (ID,JOB_ID,CREATED_BY,CREATED_AT,ACTION,NOTE) values (10,4,1,to_timestamp('06-JUN-23 07.33.59.000000000 AM','DD-MON-RR HH.MI.SSXFF AM'),'ho12 ten1(hoten1) đã chuyển trạng thái từ chờ nhận sang đang xử lý, và thêmDiệp (diepbui), Nhân viên 3 (doitac2), Hiệp (hiệp @) vào nhiệm vụ','ok');
Insert into DEVELOP.JOB_PROCCESS (ID,JOB_ID,CREATED_BY,CREATED_AT,ACTION,NOTE) values (11,4,1,to_timestamp('06-JUN-23 08.20.02.000000000 AM','DD-MON-RR HH.MI.SSXFF AM'),'ho12 ten1(hoten1) đã chuyển trạng thái từ chờ nhận sang đang xử lý, và thêmDiệp (diepbui), Nhân viên 3 (doitac2), Hiệp (hiệp @) vào nhiệm vụ','ok');
Insert into DEVELOP.JOB_PROCCESS (ID,JOB_ID,CREATED_BY,CREATED_AT,ACTION,NOTE) values (12,23,1,to_timestamp('06-JUN-23 10.36.09.000000000 AM','DD-MON-RR HH.MI.SSXFF AM'),'ho12 ten1(hoten1) đã chuyển trạng thái từ chờ nhận sang đang xử lý, và thêmHiệp (hiệp @) vào nhiệm vụ','ok');
Insert into DEVELOP.JOB_PROCCESS (ID,JOB_ID,CREATED_BY,CREATED_AT,ACTION,NOTE) values (64,24,1,to_timestamp('14-JUN-23 04.43.24.000000000 AM','DD-MON-RR HH.MI.SSXFF AM'),'ho12 ten1(hoten1) bỏ nhận việc','Do suc khoe khong dam bao');
Insert into DEVELOP.JOB_PROCCESS (ID,JOB_ID,CREATED_BY,CREATED_AT,ACTION,NOTE) values (17,21,1,to_timestamp('06-JUN-23 11.16.35.000000000 AM','DD-MON-RR HH.MI.SSXFF AM'),'ho12 ten1(hoten1) từ chối nhận việc','Hỏng xe, không có điều kiện đi lại');
Insert into DEVELOP.JOB_PROCCESS (ID,JOB_ID,CREATED_BY,CREATED_AT,ACTION,NOTE) values (18,21,1,to_timestamp('06-JUN-23 11.36.03.000000000 AM','DD-MON-RR HH.MI.SSXFF AM'),'ho12 ten1(hoten1) từ chối nhận việc','Hỏng xe, không có điều kiện đi lại');
Insert into DEVELOP.JOB_PROCCESS (ID,JOB_ID,CREATED_BY,CREATED_AT,ACTION,NOTE) values (63,99,1,to_timestamp('14-JUN-23 04.39.19.000000000 AM','DD-MON-RR HH.MI.SSXFF AM'),'ho12 ten1(hoten1) bỏ nhận việc','do suc khoe khong dam bao');
Insert into DEVELOP.JOB_PROCCESS (ID,JOB_ID,CREATED_BY,CREATED_AT,ACTION,NOTE) values (65,22,1,to_timestamp('14-JUN-23 04.05.46.000000000 PM','DD-MON-RR HH.MI.SSXFF AM'),'ho12 ten1(hoten1) đã chuyển trạng thái từ chờ nhận sang đang xử lý, và thêm Hiệp (Hieptran), Thu Hoài (Hoainguyen) vào nhiệm vụ','ok');
Insert into DEVELOP.JOB_PROCCESS (ID,JOB_ID,CREATED_BY,CREATED_AT,ACTION,NOTE) values (67,22,1,to_timestamp('14-JUN-23 04.52.50.000000000 AM','DD-MON-RR HH.MI.SSXFF AM'),'ho12 ten1(hoten1) thêm HOÀI (hoainguyen1), Kiên (duongkien) vào nhiệm vụ','thieu nguoi');
Insert into DEVELOP.JOB_PROCCESS (ID,JOB_ID,CREATED_BY,CREATED_AT,ACTION,NOTE) values (68,22,1,to_timestamp('14-JUN-23 04.53.47.000000000 AM','DD-MON-RR HH.MI.SSXFF AM'),'ho12 ten1(hoten1) thêm Linh (vanlinh3) vào nhiệm vụ','thiếu người');
Insert into DEVELOP.JOB_PROCCESS (ID,JOB_ID,CREATED_BY,CREATED_AT,ACTION,NOTE) values (76,111,121,to_timestamp('15-JUN-23 08.25.16.000000000 PM','DD-MON-RR HH.MI.SSXFF AM'),null,'đã nhận việc');
Insert into DEVELOP.JOB_PROCCESS (ID,JOB_ID,CREATED_BY,CREATED_AT,ACTION,NOTE) values (77,111,121,to_timestamp('15-JUN-23 08.16.48.000000000 AM','DD-MON-RR HH.MI.SSXFF AM'),'Nguyễn Huy Thông(thongnh1996) thêm Hoài (hoai1), Hiệp (Hieptran) vào nhiệm vụ','hỗ trợ lắp mạng');
Insert into DEVELOP.JOB_PROCCESS (ID,JOB_ID,CREATED_BY,CREATED_AT,ACTION,NOTE) values (78,111,121,to_timestamp('15-JUN-23 08.17.14.000000000 AM','DD-MON-RR HH.MI.SSXFF AM'),'Nguyễn Huy Thông(thongnh1996) đánh dấu trạng thái công việc hoàn thành','đã lắp mạng xong');
Insert into DEVELOP.JOB_PROCCESS (ID,JOB_ID,CREATED_BY,CREATED_AT,ACTION,NOTE) values (81,121,121,to_timestamp('16-JUN-23 10.32.16.000000000 AM','DD-MON-RR HH.MI.SSXFF AM'),'Nguyễn Huy Thông(thongnh1996) từ chối nhận việc','không khả thi');
Insert into DEVELOP.JOB_PROCCESS (ID,JOB_ID,CREATED_BY,CREATED_AT,ACTION,NOTE) values (82,121,121,to_timestamp('16-JUN-23 10.23.40.000000000 AM','DD-MON-RR HH.MI.SSXFF AM'),'Nguyễn Huy Thông(thongnh1996) đã chuyển trạng thái từ chờ nhận sang đang xử lý, và thêm Diệp (diep) vào nhiệm vụ','test');
Insert into DEVELOP.JOB_PROCCESS (ID,JOB_ID,CREATED_BY,CREATED_AT,ACTION,NOTE) values (83,121,121,to_timestamp('16-JUN-23 10.41.12.000000000 AM','DD-MON-RR HH.MI.SSXFF AM'),'Nguyễn Huy Thông(thongnh1996) đánh dấu trạng thái công việc hoàn thành','álo');
Insert into DEVELOP.JOB_PROCCESS (ID,JOB_ID,CREATED_BY,CREATED_AT,ACTION,NOTE) values (84,122,65,to_timestamp('16-JUN-23 11.57.44.000000000 AM','DD-MON-RR HH.MI.SSXFF AM'),null,null);
Insert into DEVELOP.JOB_PROCCESS (ID,JOB_ID,CREATED_BY,CREATED_AT,ACTION,NOTE) values (85,123,61,to_timestamp('16-JUN-23 06.47.45.000000000 PM','DD-MON-RR HH.MI.SSXFF AM'),'Nguyễn văn Admin (admin01) đã tạo mới',null);
Insert into DEVELOP.JOB_PROCCESS (ID,JOB_ID,CREATED_BY,CREATED_AT,ACTION,NOTE) values (86,123,61,to_timestamp('16-JUN-23 06.47.45.000000000 PM','DD-MON-RR HH.MI.SSXFF AM'),'Nguyễn văn Admin (admin01) đã thêm Đẹp trai Đẹp trai (thongdeptrai) vào công việc',null);
Insert into DEVELOP.JOB_PROCCESS (ID,JOB_ID,CREATED_BY,CREATED_AT,ACTION,NOTE) values (201,181,123,to_timestamp('26-JUN-23 09.15.44.000000000 AM','DD-MON-RR HH.MI.SSXFF AM'),'Ngọc Diệp (NgocDiep) đã tạo mới',null);
Insert into DEVELOP.JOB_PROCCESS (ID,JOB_ID,CREATED_BY,CREATED_AT,ACTION,NOTE) values (202,181,123,to_timestamp('26-JUN-23 09.15.44.000000000 AM','DD-MON-RR HH.MI.SSXFF AM'),'Ngọc Diệp (NgocDiep) đã thêm Hoài Hoài (hoai1) vào công việc',null);
Insert into DEVELOP.JOB_PROCCESS (ID,JOB_ID,CREATED_BY,CREATED_AT,ACTION,NOTE) values (203,181,65,to_timestamp('26-JUN-23 09.17.27.000000000 AM','DD-MON-RR HH.MI.SSXFF AM'),'Nguyễn Hoài(hoai1) đã chuyển trạng thái từ chờ nhận sang đang xử lý',null);
Insert into DEVELOP.JOB_PROCCESS (ID,JOB_ID,CREATED_BY,CREATED_AT,ACTION,NOTE) values (204,159,65,to_timestamp('26-JUN-23 09.17.43.000000000 AM','DD-MON-RR HH.MI.SSXFF AM'),'Nguyễn Hoài(hoai1) đánh dấu trạng thái công việc hoàn thành','ádcfvb');
Insert into DEVELOP.JOB_PROCCESS (ID,JOB_ID,CREATED_BY,CREATED_AT,ACTION,NOTE) values (205,172,65,to_timestamp('26-JUN-23 09.18.26.000000000 AM','DD-MON-RR HH.MI.SSXFF AM'),'Nguyễn Hoài(hoai1) đã chuyển trạng thái từ chờ nhận sang đang xử lý',null);
Insert into DEVELOP.JOB_PROCCESS (ID,JOB_ID,CREATED_BY,CREATED_AT,ACTION,NOTE) values (206,172,65,to_timestamp('26-JUN-23 09.18.34.000000000 AM','DD-MON-RR HH.MI.SSXFF AM'),'Nguyễn Hoài(hoai1) đánh dấu trạng thái công việc hoàn thành','abc');
Insert into DEVELOP.JOB_PROCCESS (ID,JOB_ID,CREATED_BY,CREATED_AT,ACTION,NOTE) values (207,181,65,to_timestamp('26-JUN-23 09.18.39.000000000 AM','DD-MON-RR HH.MI.SSXFF AM'),'Nguyễn Hoài(hoai1) đánh dấu trạng thái công việc hoàn thành','abc');
Insert into DEVELOP.JOB_PROCCESS (ID,JOB_ID,CREATED_BY,CREATED_AT,ACTION,NOTE) values (208,182,123,to_timestamp('26-JUN-23 09.24.10.000000000 AM','DD-MON-RR HH.MI.SSXFF AM'),'Ngọc Diệp (NgocDiep) đã tạo mới',null);
Insert into DEVELOP.JOB_PROCCESS (ID,JOB_ID,CREATED_BY,CREATED_AT,ACTION,NOTE) values (209,182,123,to_timestamp('26-JUN-23 09.24.10.000000000 AM','DD-MON-RR HH.MI.SSXFF AM'),'Ngọc Diệp (NgocDiep) đã thêm Hoài Hoài (hoai1) vào công việc',null);
Insert into DEVELOP.JOB_PROCCESS (ID,JOB_ID,CREATED_BY,CREATED_AT,ACTION,NOTE) values (210,183,123,to_timestamp('26-JUN-23 09.55.15.000000000 AM','DD-MON-RR HH.MI.SSXFF AM'),'Ngọc Diệp (NgocDiep) đã tạo mới',null);
Insert into DEVELOP.JOB_PROCCESS (ID,JOB_ID,CREATED_BY,CREATED_AT,ACTION,NOTE) values (211,183,123,to_timestamp('26-JUN-23 09.55.15.000000000 AM','DD-MON-RR HH.MI.SSXFF AM'),'Ngọc Diệp (NgocDiep) đã thêm Hoài Hoài (hoai1) vào công việc',null);
Insert into DEVELOP.JOB_PROCCESS (ID,JOB_ID,CREATED_BY,CREATED_AT,ACTION,NOTE) values (212,183,65,to_timestamp('26-JUN-23 09.56.34.000000000 AM','DD-MON-RR HH.MI.SSXFF AM'),'Nguyễn Hoài(hoai1) đã chuyển trạng thái từ chờ nhận sang đang xử lý',null);
Insert into DEVELOP.JOB_PROCCESS (ID,JOB_ID,CREATED_BY,CREATED_AT,ACTION,NOTE) values (213,183,65,to_timestamp('26-JUN-23 09.56.43.000000000 AM','DD-MON-RR HH.MI.SSXFF AM'),'Nguyễn Hoài(hoai1) đánh dấu trạng thái công việc hoàn thành','abc');
Insert into DEVELOP.JOB_PROCCESS (ID,JOB_ID,CREATED_BY,CREATED_AT,ACTION,NOTE) values (214,184,123,to_timestamp('26-JUN-23 09.57.09.000000000 AM','DD-MON-RR HH.MI.SSXFF AM'),'Ngọc Diệp (NgocDiep) đã tạo mới',null);
Insert into DEVELOP.JOB_PROCCESS (ID,JOB_ID,CREATED_BY,CREATED_AT,ACTION,NOTE) values (215,184,123,to_timestamp('26-JUN-23 09.57.09.000000000 AM','DD-MON-RR HH.MI.SSXFF AM'),'Ngọc Diệp (NgocDiep) đã thêm Hoài Hoài (hoai1) vào công việc',null);
Insert into DEVELOP.JOB_PROCCESS (ID,JOB_ID,CREATED_BY,CREATED_AT,ACTION,NOTE) values (216,184,65,to_timestamp('26-JUN-23 09.57.25.000000000 AM','DD-MON-RR HH.MI.SSXFF AM'),'Nguyễn Hoài(hoai1) đã chuyển trạng thái từ chờ nhận sang đang xử lý',null);
Insert into DEVELOP.JOB_PROCCESS (ID,JOB_ID,CREATED_BY,CREATED_AT,ACTION,NOTE) values (217,184,65,to_timestamp('26-JUN-23 09.57.30.000000000 AM','DD-MON-RR HH.MI.SSXFF AM'),'Nguyễn Hoài(hoai1) đánh dấu trạng thái công việc hoàn thành','abc');
Insert into DEVELOP.JOB_PROCCESS (ID,JOB_ID,CREATED_BY,CREATED_AT,ACTION,NOTE) values (225,205,61,to_timestamp('27-JUN-23 02.44.56.000000000 PM','DD-MON-RR HH.MI.SSXFF AM'),'Nguyễn văn Admin (admin01) đã tạo mới',null);
Insert into DEVELOP.JOB_PROCCESS (ID,JOB_ID,CREATED_BY,CREATED_AT,ACTION,NOTE) values (226,205,61,to_timestamp('27-JUN-23 02.44.56.000000000 PM','DD-MON-RR HH.MI.SSXFF AM'),'Nguyễn văn Admin (admin01) đã thêm LONG LONG (longlv199) vào công việc',null);
Insert into DEVELOP.JOB_PROCCESS (ID,JOB_ID,CREATED_BY,CREATED_AT,ACTION,NOTE) values (227,205,61,to_timestamp('27-JUN-23 03.03.55.000000000 PM','DD-MON-RR HH.MI.SSXFF AM'),'Nguyễn văn Admin (admin01) đã thêm Thông Thông (thongkhongbuon) vào công việc',null);
Insert into DEVELOP.JOB_PROCCESS (ID,JOB_ID,CREATED_BY,CREATED_AT,ACTION,NOTE) values (228,206,123,to_timestamp('27-JUN-23 04.55.13.000000000 PM','DD-MON-RR HH.MI.SSXFF AM'),'Ngọc Diệp (NgocDiep) đã tạo mới',null);
Insert into DEVELOP.JOB_PROCCESS (ID,JOB_ID,CREATED_BY,CREATED_AT,ACTION,NOTE) values (229,206,123,to_timestamp('27-JUN-23 04.55.13.000000000 PM','DD-MON-RR HH.MI.SSXFF AM'),'Ngọc Diệp (NgocDiep) đã thêm Hoài Hoài (hoai1) vào công việc',null);
Insert into DEVELOP.JOB_PROCCESS (ID,JOB_ID,CREATED_BY,CREATED_AT,ACTION,NOTE) values (289,206,65,to_timestamp('29-JUN-23 09.45.24.000000000 AM','DD-MON-RR HH.MI.SSXFF AM'),'Nguyễn Hoài(hoai1) bỏ nhận việc','đang nghỉ ốm');
Insert into DEVELOP.JOB_PROCCESS (ID,JOB_ID,CREATED_BY,CREATED_AT,ACTION,NOTE) values (290,229,123,to_timestamp('29-JUN-23 09.56.48.000000000 AM','DD-MON-RR HH.MI.SSXFF AM'),'Ngọc Diệp (NgocDiep) đã tạo mới',null);
Insert into DEVELOP.JOB_PROCCESS (ID,JOB_ID,CREATED_BY,CREATED_AT,ACTION,NOTE) values (291,229,123,to_timestamp('29-JUN-23 09.56.48.000000000 AM','DD-MON-RR HH.MI.SSXFF AM'),'Ngọc Diệp (NgocDiep) đã thêm Hoài Hoài (hoai1) vào công việc',null);
Insert into DEVELOP.JOB_PROCCESS (ID,JOB_ID,CREATED_BY,CREATED_AT,ACTION,NOTE) values (292,229,65,to_timestamp('29-JUN-23 09.57.02.000000000 AM','DD-MON-RR HH.MI.SSXFF AM'),'Nguyễn Hoài(hoai1) đã chuyển trạng thái từ chờ nhận sang đang xử lý',null);
Insert into DEVELOP.JOB_PROCCESS (ID,JOB_ID,CREATED_BY,CREATED_AT,ACTION,NOTE) values (293,229,65,to_timestamp('29-JUN-23 09.57.06.000000000 AM','DD-MON-RR HH.MI.SSXFF AM'),'Nguyễn Hoài(hoai1) đánh dấu trạng thái công việc hoàn thành','đã hoàn thành');
Insert into DEVELOP.JOB_PROCCESS (ID,JOB_ID,CREATED_BY,CREATED_AT,ACTION,NOTE) values (294,219,122,to_timestamp('29-JUN-23 10.44.29.000000000 AM','DD-MON-RR HH.MI.SSXFF AM'),'Le Long(longlv199) từ chối nhận việc','ốm, mệt, không đủ sức khỏe để làm');
Insert into DEVELOP.JOB_PROCCESS (ID,JOB_ID,CREATED_BY,CREATED_AT,ACTION,NOTE) values (295,222,65,to_timestamp('30-JUN-23 01.25.13.000000000 PM','DD-MON-RR HH.MI.SSXFF AM'),'Nguyễn Hoài(hoai1) từ chối nhận việc','đang nghỉ ốm');
Insert into DEVELOP.JOB_PROCCESS (ID,JOB_ID,CREATED_BY,CREATED_AT,ACTION,NOTE) values (19,4,1,to_timestamp('07-JUN-23 03.45.14.000000000 AM','DD-MON-RR HH.MI.SSXFF AM'),'ho12 ten1(hoten1) thêm Diệp (diep) vào nhiệm vụ','test');
Insert into DEVELOP.JOB_PROCCESS (ID,JOB_ID,CREATED_BY,CREATED_AT,ACTION,NOTE) values (22,21,1,to_timestamp('07-JUN-23 08.22.30.000000000 AM','DD-MON-RR HH.MI.SSXFF AM'),'ho12 ten1(hoten1) từ chối nhận việc',null);
Insert into DEVELOP.JOB_PROCCESS (ID,JOB_ID,CREATED_BY,CREATED_AT,ACTION,NOTE) values (23,21,1,to_timestamp('07-JUN-23 08.47.23.000000000 AM','DD-MON-RR HH.MI.SSXFF AM'),null,'nhận việc lúc 15:23');
Insert into DEVELOP.JOB_PROCCESS (ID,JOB_ID,CREATED_BY,CREATED_AT,ACTION,NOTE) values (61,24,1,to_timestamp('14-JUN-23 01.49.10.000000000 PM','DD-MON-RR HH.MI.SSXFF AM'),null,'ok');
Insert into DEVELOP.JOB_PROCCESS (ID,JOB_ID,CREATED_BY,CREATED_AT,ACTION,NOTE) values (62,99,1,to_timestamp('14-JUN-23 04.37.38.000000000 PM','DD-MON-RR HH.MI.SSXFF AM'),'ho12 ten1(hoten1) đã chuyển trạng thái từ chờ nhận sang đang xử lý, và thêm Diệp (diepbui1), Kiên (duongkien) vào nhiệm vụ','test save data to sms queue');
Insert into DEVELOP.JOB_PROCCESS (ID,JOB_ID,CREATED_BY,CREATED_AT,ACTION,NOTE) values (75,112,121,to_timestamp('15-JUN-23 11.22.34.000000000 AM','DD-MON-RR HH.MI.SSXFF AM'),'Nguyễn Huy Thông(thongnh1996) đánh dấu trạng thái công việc hoàn thành','Đã hoàn thành');
Insert into DEVELOP.JOB_PROCCESS (ID,JOB_ID,CREATED_BY,CREATED_AT,ACTION,NOTE) values (87,124,61,to_timestamp('17-JUN-23 09.38.15.000000000 AM','DD-MON-RR HH.MI.SSXFF AM'),'Nguyễn văn Admin (admin01) đã tạo mới',null);
Insert into DEVELOP.JOB_PROCCESS (ID,JOB_ID,CREATED_BY,CREATED_AT,ACTION,NOTE) values (88,124,61,to_timestamp('17-JUN-23 09.38.15.000000000 AM','DD-MON-RR HH.MI.SSXFF AM'),'Nguyễn văn Admin (admin01) đã thêm Thu Hoài Thu Hoài (Hoainguyen) vào công việc',null);
Insert into DEVELOP.JOB_PROCCESS (ID,JOB_ID,CREATED_BY,CREATED_AT,ACTION,NOTE) values (115,154,61,to_timestamp('21-JUN-23 08.56.22.000000000 AM','DD-MON-RR HH.MI.SSXFF AM'),'Nguyễn văn Admin (admin01) đã tạo mới',null);
Insert into DEVELOP.JOB_PROCCESS (ID,JOB_ID,CREATED_BY,CREATED_AT,ACTION,NOTE) values (116,154,61,to_timestamp('21-JUN-23 08.56.22.000000000 AM','DD-MON-RR HH.MI.SSXFF AM'),'Nguyễn văn Admin (admin01) đã thêm LONG LONG (longlv199) vào công việc',null);
Insert into DEVELOP.JOB_PROCCESS (ID,JOB_ID,CREATED_BY,CREATED_AT,ACTION,NOTE) values (119,154,122,to_timestamp('21-JUN-23 09.26.11.000000000 AM','DD-MON-RR HH.MI.SSXFF AM'),null,null);
Insert into DEVELOP.JOB_PROCCESS (ID,JOB_ID,CREATED_BY,CREATED_AT,ACTION,NOTE) values (134,143,65,to_timestamp('21-JUN-23 02.03.56.000000000 AM','DD-MON-RR HH.MI.SSXFF AM'),'Nguyễn Hoài(hoai1) đánh dấu trạng thái công việc hoàn thành','abc');
Insert into DEVELOP.JOB_PROCCESS (ID,JOB_ID,CREATED_BY,CREATED_AT,ACTION,NOTE) values (145,158,70,to_timestamp('21-JUN-23 05.37.02.000000000 AM','DD-MON-RR HH.MI.SSXFF AM'),'Bùi Diệp(diepbui1) bỏ nhận việc','do suc khoe khong dam bao');
Insert into DEVELOP.JOB_PROCCESS (ID,JOB_ID,CREATED_BY,CREATED_AT,ACTION,NOTE) values (155,160,61,to_timestamp('23-JUN-23 09.43.20.000000000 AM','DD-MON-RR HH.MI.SSXFF AM'),'Nguyễn văn Admin (admin01) đã tạo mới',null);
Insert into DEVELOP.JOB_PROCCESS (ID,JOB_ID,CREATED_BY,CREATED_AT,ACTION,NOTE) values (156,160,61,to_timestamp('23-JUN-23 09.43.20.000000000 AM','DD-MON-RR HH.MI.SSXFF AM'),'Nguyễn văn Admin (admin01) đã thêm Hoài Hoài (hoai1) vào công việc',null);
Insert into DEVELOP.JOB_PROCCESS (ID,JOB_ID,CREATED_BY,CREATED_AT,ACTION,NOTE) values (157,161,61,to_timestamp('23-JUN-23 09.45.35.000000000 AM','DD-MON-RR HH.MI.SSXFF AM'),'Nguyễn văn Admin (admin01) đã tạo mới',null);
Insert into DEVELOP.JOB_PROCCESS (ID,JOB_ID,CREATED_BY,CREATED_AT,ACTION,NOTE) values (158,161,61,to_timestamp('23-JUN-23 09.45.35.000000000 AM','DD-MON-RR HH.MI.SSXFF AM'),'Nguyễn văn Admin (admin01) đã thêm Diệp Diệp (diepbui1) vào công việc',null);
Insert into DEVELOP.JOB_PROCCESS (ID,JOB_ID,CREATED_BY,CREATED_AT,ACTION,NOTE) values (159,161,61,to_timestamp('23-JUN-23 09.46.27.000000000 AM','DD-MON-RR HH.MI.SSXFF AM'),'Nguyễn văn Admin (admin01) đã thêm Thông Thông (thongnh1996) vào công việc',null);
Insert into DEVELOP.JOB_PROCCESS (ID,JOB_ID,CREATED_BY,CREATED_AT,ACTION,NOTE) values (160,162,61,to_timestamp('23-JUN-23 09.48.44.000000000 AM','DD-MON-RR HH.MI.SSXFF AM'),'Nguyễn văn Admin (admin01) đã tạo mới',null);
Insert into DEVELOP.JOB_PROCCESS (ID,JOB_ID,CREATED_BY,CREATED_AT,ACTION,NOTE) values (161,162,61,to_timestamp('23-JUN-23 09.48.44.000000000 AM','DD-MON-RR HH.MI.SSXFF AM'),'Nguyễn văn Admin (admin01) đã thêm Hiệp Hiệp (Hieptran), Thông Thông (thongnh1996) vào công việc',null);
Insert into DEVELOP.JOB_PROCCESS (ID,JOB_ID,CREATED_BY,CREATED_AT,ACTION,NOTE) values (162,163,61,to_timestamp('23-JUN-23 09.49.18.000000000 AM','DD-MON-RR HH.MI.SSXFF AM'),'Nguyễn văn Admin (admin01) đã tạo mới',null);
Insert into DEVELOP.JOB_PROCCESS (ID,JOB_ID,CREATED_BY,CREATED_AT,ACTION,NOTE) values (163,163,61,to_timestamp('23-JUN-23 09.49.18.000000000 AM','DD-MON-RR HH.MI.SSXFF AM'),'Nguyễn văn Admin (admin01) đã thêm Thông Thông (thongnh1996) vào công việc',null);
Insert into DEVELOP.JOB_PROCCESS (ID,JOB_ID,CREATED_BY,CREATED_AT,ACTION,NOTE) values (164,164,61,to_timestamp('23-JUN-23 09.50.08.000000000 AM','DD-MON-RR HH.MI.SSXFF AM'),'Nguyễn văn Admin (admin01) đã tạo mới',null);
Insert into DEVELOP.JOB_PROCCESS (ID,JOB_ID,CREATED_BY,CREATED_AT,ACTION,NOTE) values (165,164,61,to_timestamp('23-JUN-23 09.50.08.000000000 AM','DD-MON-RR HH.MI.SSXFF AM'),'Nguyễn văn Admin (admin01) đã thêm Thông Thông (thongnh1996) vào công việc',null);
Insert into DEVELOP.JOB_PROCCESS (ID,JOB_ID,CREATED_BY,CREATED_AT,ACTION,NOTE) values (167,163,121,to_timestamp('23-JUN-23 10.04.21.000000000 AM','DD-MON-RR HH.MI.SSXFF AM'),null,null);
Insert into DEVELOP.JOB_PROCCESS (ID,JOB_ID,CREATED_BY,CREATED_AT,ACTION,NOTE) values (168,164,121,to_timestamp('23-JUN-23 10.08.33.000000000 AM','DD-MON-RR HH.MI.SSXFF AM'),'Nguyễn Huy Thông(thongnh1996) đã chuyển trạng thái từ chờ nhận sang đang xử lý, và thêm LONG (longlv199) vào nhiệm vụ','them nguoi lam viec');
Insert into DEVELOP.JOB_PROCCESS (ID,JOB_ID,CREATED_BY,CREATED_AT,ACTION,NOTE) values (169,164,121,to_timestamp('23-JUN-23 10.13.46.000000000 AM','DD-MON-RR HH.MI.SSXFF AM'),'Nguyễn Huy Thông(thongnh1996) đánh dấu trạng thái công việc hoàn thành','xong');
Insert into DEVELOP.JOB_PROCCESS (ID,JOB_ID,CREATED_BY,CREATED_AT,ACTION,NOTE) values (170,165,61,to_timestamp('23-JUN-23 11.34.22.000000000 AM','DD-MON-RR HH.MI.SSXFF AM'),'Nguyễn văn Admin (admin01) đã tạo mới',null);
Insert into DEVELOP.JOB_PROCCESS (ID,JOB_ID,CREATED_BY,CREATED_AT,ACTION,NOTE) values (171,165,61,to_timestamp('23-JUN-23 11.34.22.000000000 AM','DD-MON-RR HH.MI.SSXFF AM'),'Nguyễn văn Admin (admin01) đã thêm Thông Thông (thongnh1996) vào công việc',null);
Insert into DEVELOP.JOB_PROCCESS (ID,JOB_ID,CREATED_BY,CREATED_AT,ACTION,NOTE) values (172,166,61,to_timestamp('23-JUN-23 11.45.49.000000000 AM','DD-MON-RR HH.MI.SSXFF AM'),'Nguyễn văn Admin (admin01) đã tạo mới',null);
Insert into DEVELOP.JOB_PROCCESS (ID,JOB_ID,CREATED_BY,CREATED_AT,ACTION,NOTE) values (173,166,61,to_timestamp('23-JUN-23 11.45.49.000000000 AM','DD-MON-RR HH.MI.SSXFF AM'),'Nguyễn văn Admin (admin01) đã thêm Thông Thông (thongnh1996) vào công việc',null);
Insert into DEVELOP.JOB_PROCCESS (ID,JOB_ID,CREATED_BY,CREATED_AT,ACTION,NOTE) values (176,168,61,to_timestamp('23-JUN-23 01.38.27.000000000 PM','DD-MON-RR HH.MI.SSXFF AM'),'Nguyễn văn Admin (admin01) đã tạo mới',null);
Insert into DEVELOP.JOB_PROCCESS (ID,JOB_ID,CREATED_BY,CREATED_AT,ACTION,NOTE) values (177,168,61,to_timestamp('23-JUN-23 01.38.27.000000000 PM','DD-MON-RR HH.MI.SSXFF AM'),'Nguyễn văn Admin (admin01) đã thêm LONG LONG (longlv199) vào công việc',null);
Insert into DEVELOP.JOB_PROCCESS (ID,JOB_ID,CREATED_BY,CREATED_AT,ACTION,NOTE) values (195,171,122,to_timestamp('23-JUN-23 04.38.20.000000000 PM','DD-MON-RR HH.MI.SSXFF AM'),'Le LONG(longlv199) đánh dấu trạng thái công việc hoàn thành','fsfd');
Insert into DEVELOP.JOB_PROCCESS (ID,JOB_ID,CREATED_BY,CREATED_AT,ACTION,NOTE) values (280,226,65,to_timestamp('28-JUN-23 04.15.06.000000000 PM','DD-MON-RR HH.MI.SSXFF AM'),'Nguyễn Hoài(hoai1) đã chuyển trạng thái từ chờ nhận sang đang xử lý',null);
Insert into DEVELOP.JOB_PROCCESS (ID,JOB_ID,CREATED_BY,CREATED_AT,ACTION,NOTE) values (299,212,65,to_timestamp('30-JUN-23 01.43.30.000000000 PM','DD-MON-RR HH.MI.SSXFF AM'),'Nguyễn Hoài(hoai1) đã chuyển trạng thái từ chờ nhận sang đang xử lý',null);
Insert into DEVELOP.JOB_PROCCESS (ID,JOB_ID,CREATED_BY,CREATED_AT,ACTION,NOTE) values (301,212,65,to_timestamp('30-JUN-23 01.46.06.000000000 PM','DD-MON-RR HH.MI.SSXFF AM'),'Nguyễn Hoài(hoai1) thêm Long (longlv199) vào nhiệm vụ','thiếu người');
Insert into DEVELOP.JOB_PROCCESS (ID,JOB_ID,CREATED_BY,CREATED_AT,ACTION,NOTE) values (308,241,123,to_timestamp('01-JUL-23 09.59.05.000000000 AM','DD-MON-RR HH.MI.SSXFF AM'),'Ngọc Diệp (NgocDiep) đã tạo mới',null);
Insert into DEVELOP.JOB_PROCCESS (ID,JOB_ID,CREATED_BY,CREATED_AT,ACTION,NOTE) values (309,241,123,to_timestamp('01-JUL-23 09.59.05.000000000 AM','DD-MON-RR HH.MI.SSXFF AM'),'Ngọc Diệp (NgocDiep) đã thêm Hoài Hoài (hoai1) vào công việc',null);
Insert into DEVELOP.JOB_PROCCESS (ID,JOB_ID,CREATED_BY,CREATED_AT,ACTION,NOTE) values (316,212,65,to_timestamp('01-JUL-23 11.20.24.000000000 AM','DD-MON-RR HH.MI.SSXFF AM'),'Nguyễn Hoài(hoai1) thêm Diệp (diepbui1) vào nhiệm vụ','cần người hỗ trợ');
Insert into DEVELOP.JOB_PROCCESS (ID,JOB_ID,CREATED_BY,CREATED_AT,ACTION,NOTE) values (105,143,123,to_timestamp('20-JUN-23 02.54.11.000000000 PM','DD-MON-RR HH.MI.SSXFF AM'),'Ngọc Diệp (NgocDiep) đã tạo mới',null);
Insert into DEVELOP.JOB_PROCCESS (ID,JOB_ID,CREATED_BY,CREATED_AT,ACTION,NOTE) values (106,143,123,to_timestamp('20-JUN-23 02.54.11.000000000 PM','DD-MON-RR HH.MI.SSXFF AM'),'Ngọc Diệp (NgocDiep) đã thêm Anh Anh (quynhanh1) vào công việc',null);
Insert into DEVELOP.JOB_PROCCESS (ID,JOB_ID,CREATED_BY,CREATED_AT,ACTION,NOTE) values (174,167,61,to_timestamp('23-JUN-23 11.54.46.000000000 AM','DD-MON-RR HH.MI.SSXFF AM'),'Nguyễn văn Admin (admin01) đã tạo mới',null);
Insert into DEVELOP.JOB_PROCCESS (ID,JOB_ID,CREATED_BY,CREATED_AT,ACTION,NOTE) values (175,167,61,to_timestamp('23-JUN-23 11.54.46.000000000 AM','DD-MON-RR HH.MI.SSXFF AM'),'Nguyễn văn Admin (admin01) đã thêm Thông Thông (thongnh1996) vào công việc',null);
Insert into DEVELOP.JOB_PROCCESS (ID,JOB_ID,CREATED_BY,CREATED_AT,ACTION,NOTE) values (178,168,122,to_timestamp('23-JUN-23 01.57.58.000000000 PM','DD-MON-RR HH.MI.SSXFF AM'),null,null);
Insert into DEVELOP.JOB_PROCCESS (ID,JOB_ID,CREATED_BY,CREATED_AT,ACTION,NOTE) values (179,168,122,to_timestamp('23-JUN-23 01.58.14.000000000 PM','DD-MON-RR HH.MI.SSXFF AM'),'Le LONG(longlv199) đánh dấu trạng thái công việc hoàn thành','đã hoàn thành công việc');
Insert into DEVELOP.JOB_PROCCESS (ID,JOB_ID,CREATED_BY,CREATED_AT,ACTION,NOTE) values (180,169,61,to_timestamp('23-JUN-23 03.27.23.000000000 PM','DD-MON-RR HH.MI.SSXFF AM'),'Nguyễn văn Admin (admin01) đã tạo mới',null);
Insert into DEVELOP.JOB_PROCCESS (ID,JOB_ID,CREATED_BY,CREATED_AT,ACTION,NOTE) values (181,169,61,to_timestamp('23-JUN-23 03.27.23.000000000 PM','DD-MON-RR HH.MI.SSXFF AM'),'Nguyễn văn Admin (admin01) đã thêm LONG LONG (longlv199) vào công việc',null);
Insert into DEVELOP.JOB_PROCCESS (ID,JOB_ID,CREATED_BY,CREATED_AT,ACTION,NOTE) values (182,169,122,to_timestamp('23-JUN-23 04.07.44.000000000 PM','DD-MON-RR HH.MI.SSXFF AM'),null,null);
Insert into DEVELOP.JOB_PROCCESS (ID,JOB_ID,CREATED_BY,CREATED_AT,ACTION,NOTE) values (183,169,122,to_timestamp('23-JUN-23 04.08.01.000000000 PM','DD-MON-RR HH.MI.SSXFF AM'),'Le LONG(longlv199) đánh dấu trạng thái công việc hoàn thành','hoàn thành lắp đặt');
Insert into DEVELOP.JOB_PROCCESS (ID,JOB_ID,CREATED_BY,CREATED_AT,ACTION,NOTE) values (184,170,61,to_timestamp('23-JUN-23 04.18.54.000000000 PM','DD-MON-RR HH.MI.SSXFF AM'),'Nguyễn văn Admin (admin01) đã tạo mới',null);
Insert into DEVELOP.JOB_PROCCESS (ID,JOB_ID,CREATED_BY,CREATED_AT,ACTION,NOTE) values (185,170,61,to_timestamp('23-JUN-23 04.18.54.000000000 PM','DD-MON-RR HH.MI.SSXFF AM'),'Nguyễn văn Admin (admin01) đã thêm LONG LONG (longlv199) vào công việc',null);
Insert into DEVELOP.JOB_PROCCESS (ID,JOB_ID,CREATED_BY,CREATED_AT,ACTION,NOTE) values (186,171,61,to_timestamp('23-JUN-23 04.26.29.000000000 PM','DD-MON-RR HH.MI.SSXFF AM'),'Nguyễn văn Admin (admin01) đã tạo mới',null);
Insert into DEVELOP.JOB_PROCCESS (ID,JOB_ID,CREATED_BY,CREATED_AT,ACTION,NOTE) values (187,171,61,to_timestamp('23-JUN-23 04.26.29.000000000 PM','DD-MON-RR HH.MI.SSXFF AM'),'Nguyễn văn Admin (admin01) đã thêm LONG LONG (longlv199) vào công việc',null);
Insert into DEVELOP.JOB_PROCCESS (ID,JOB_ID,CREATED_BY,CREATED_AT,ACTION,NOTE) values (188,170,122,to_timestamp('23-JUN-23 04.26.34.000000000 PM','DD-MON-RR HH.MI.SSXFF AM'),'Le LONG(longlv199) đã chuyển trạng thái từ chờ nhận sang đang xử lý',null);
Insert into DEVELOP.JOB_PROCCESS (ID,JOB_ID,CREATED_BY,CREATED_AT,ACTION,NOTE) values (189,170,122,to_timestamp('23-JUN-23 04.26.49.000000000 PM','DD-MON-RR HH.MI.SSXFF AM'),'Le LONG(longlv199) bỏ nhận việc',null);
Insert into DEVELOP.JOB_PROCCESS (ID,JOB_ID,CREATED_BY,CREATED_AT,ACTION,NOTE) values (190,171,122,to_timestamp('23-JUN-23 04.27.18.000000000 PM','DD-MON-RR HH.MI.SSXFF AM'),'Le LONG(longlv199) đã chuyển trạng thái từ chờ nhận sang đang xử lý',null);
Insert into DEVELOP.JOB_PROCCESS (ID,JOB_ID,CREATED_BY,CREATED_AT,ACTION,NOTE) values (191,171,122,to_timestamp('23-JUN-23 04.27.32.000000000 PM','DD-MON-RR HH.MI.SSXFF AM'),'Le LONG(longlv199) đánh dấu trạng thái công việc hoàn thành','đã hoàn thành công việc này');
Insert into DEVELOP.JOB_PROCCESS (ID,JOB_ID,CREATED_BY,CREATED_AT,ACTION,NOTE) values (192,171,122,to_timestamp('23-JUN-23 04.34.09.000000000 PM','DD-MON-RR HH.MI.SSXFF AM'),'Le LONG(longlv199) đánh dấu trạng thái công việc hoàn thành','đã hoàn thành công việc này');
Insert into DEVELOP.JOB_PROCCESS (ID,JOB_ID,CREATED_BY,CREATED_AT,ACTION,NOTE) values (196,172,123,to_timestamp('23-JUN-23 05.09.04.000000000 PM','DD-MON-RR HH.MI.SSXFF AM'),'Ngọc Diệp (NgocDiep) đã tạo mới',null);
Insert into DEVELOP.JOB_PROCCESS (ID,JOB_ID,CREATED_BY,CREATED_AT,ACTION,NOTE) values (197,172,123,to_timestamp('23-JUN-23 05.09.04.000000000 PM','DD-MON-RR HH.MI.SSXFF AM'),'Ngọc Diệp (NgocDiep) đã thêm Hoài Hoài (hoai1) vào công việc',null);
Insert into DEVELOP.JOB_PROCCESS (ID,JOB_ID,CREATED_BY,CREATED_AT,ACTION,NOTE) values (221,203,61,to_timestamp('27-JUN-23 01.33.29.000000000 PM','DD-MON-RR HH.MI.SSXFF AM'),'Nguyễn văn Admin (admin01) đã tạo mới',null);
Insert into DEVELOP.JOB_PROCCESS (ID,JOB_ID,CREATED_BY,CREATED_AT,ACTION,NOTE) values (222,203,61,to_timestamp('27-JUN-23 01.33.29.000000000 PM','DD-MON-RR HH.MI.SSXFF AM'),'Nguyễn văn Admin (admin01) đã thêm Thu Hoài Thu Hoài (Hoainguyen) vào công việc',null);
Insert into DEVELOP.JOB_PROCCESS (ID,JOB_ID,CREATED_BY,CREATED_AT,ACTION,NOTE) values (223,204,61,to_timestamp('27-JUN-23 01.43.14.000000000 PM','DD-MON-RR HH.MI.SSXFF AM'),'Nguyễn văn Admin (admin01) đã tạo mới',null);
Insert into DEVELOP.JOB_PROCCESS (ID,JOB_ID,CREATED_BY,CREATED_AT,ACTION,NOTE) values (224,204,61,to_timestamp('27-JUN-23 01.43.14.000000000 PM','DD-MON-RR HH.MI.SSXFF AM'),'Nguyễn văn Admin (admin01) đã thêm LONG LONG (longlv199) vào công việc',null);
Insert into DEVELOP.JOB_PROCCESS (ID,JOB_ID,CREATED_BY,CREATED_AT,ACTION,NOTE) values (239,214,123,to_timestamp('28-JUN-23 09.21.41.000000000 AM','DD-MON-RR HH.MI.SSXFF AM'),'Ngọc Diệp (NgocDiep) đã tạo mới',null);
Insert into DEVELOP.JOB_PROCCESS (ID,JOB_ID,CREATED_BY,CREATED_AT,ACTION,NOTE) values (240,214,123,to_timestamp('28-JUN-23 09.21.41.000000000 AM','DD-MON-RR HH.MI.SSXFF AM'),'Ngọc Diệp (NgocDiep) đã thêm Hoài Hoài (hoai1) vào công việc',null);
Insert into DEVELOP.JOB_PROCCESS (ID,JOB_ID,CREATED_BY,CREATED_AT,ACTION,NOTE) values (248,215,61,to_timestamp('28-JUN-23 10.37.40.000000000 AM','DD-MON-RR HH.MI.SSXFF AM'),'Nguyễn văn Admin (admin01) đã tạo mới',null);
Insert into DEVELOP.JOB_PROCCESS (ID,JOB_ID,CREATED_BY,CREATED_AT,ACTION,NOTE) values (249,215,61,to_timestamp('28-JUN-23 10.37.40.000000000 AM','DD-MON-RR HH.MI.SSXFF AM'),'Nguyễn văn Admin (admin01) đã thêm Thông Thông (thongnh1996), LONG LONG (longlv199) vào công việc',null);
Insert into DEVELOP.JOB_PROCCESS (ID,JOB_ID,CREATED_BY,CREATED_AT,ACTION,NOTE) values (265,223,123,to_timestamp('28-JUN-23 01.25.15.000000000 PM','DD-MON-RR HH.MI.SSXFF AM'),'Ngọc Diệp (NgocDiep) đã tạo mới',null);
Insert into DEVELOP.JOB_PROCCESS (ID,JOB_ID,CREATED_BY,CREATED_AT,ACTION,NOTE) values (266,223,123,to_timestamp('28-JUN-23 01.25.15.000000000 PM','DD-MON-RR HH.MI.SSXFF AM'),'Ngọc Diệp (NgocDiep) đã thêm Hoài Hoài (hoai1) vào công việc',null);
Insert into DEVELOP.JOB_PROCCESS (ID,JOB_ID,CREATED_BY,CREATED_AT,ACTION,NOTE) values (276,223,65,to_timestamp('28-JUN-23 03.41.21.000000000 PM','DD-MON-RR HH.MI.SSXFF AM'),'Nguyễn Hoài(hoai1) đã chuyển trạng thái từ chờ nhận sang đang xử lý',null);
Insert into DEVELOP.JOB_PROCCESS (ID,JOB_ID,CREATED_BY,CREATED_AT,ACTION,NOTE) values (277,223,65,to_timestamp('28-JUN-23 03.41.27.000000000 PM','DD-MON-RR HH.MI.SSXFF AM'),'Nguyễn Hoài(hoai1) đánh dấu trạng thái công việc hoàn thành','đã hoàn thành');
Insert into DEVELOP.JOB_PROCCESS (ID,JOB_ID,CREATED_BY,CREATED_AT,ACTION,NOTE) values (278,226,123,to_timestamp('28-JUN-23 04.14.50.000000000 PM','DD-MON-RR HH.MI.SSXFF AM'),'Ngọc Diệp (NgocDiep) đã tạo mới',null);
Insert into DEVELOP.JOB_PROCCESS (ID,JOB_ID,CREATED_BY,CREATED_AT,ACTION,NOTE) values (279,226,123,to_timestamp('28-JUN-23 04.14.50.000000000 PM','DD-MON-RR HH.MI.SSXFF AM'),'Ngọc Diệp (NgocDiep) đã thêm Hoài Hoài (hoai1) vào công việc',null);
Insert into DEVELOP.JOB_PROCCESS (ID,JOB_ID,CREATED_BY,CREATED_AT,ACTION,NOTE) values (281,226,65,to_timestamp('28-JUN-23 04.15.11.000000000 PM','DD-MON-RR HH.MI.SSXFF AM'),'Nguyễn Hoài(hoai1) đánh dấu trạng thái công việc hoàn thành','đã hoàn thành');
Insert into DEVELOP.JOB_PROCCESS (ID,JOB_ID,CREATED_BY,CREATED_AT,ACTION,NOTE) values (282,220,122,to_timestamp('28-JUN-23 04.36.55.000000000 PM','DD-MON-RR HH.MI.SSXFF AM'),'Le LONG(longlv199) từ chối nhận việc','không đủ sức khỏe');
Insert into DEVELOP.JOB_PROCCESS (ID,JOB_ID,CREATED_BY,CREATED_AT,ACTION,NOTE) values (296,213,65,to_timestamp('30-JUN-23 01.25.53.000000000 PM','DD-MON-RR HH.MI.SSXFF AM'),'Nguyễn Hoài(hoai1) đã chuyển trạng thái từ chờ nhận sang đang xử lý',null);
Insert into DEVELOP.JOB_PROCCESS (ID,JOB_ID,CREATED_BY,CREATED_AT,ACTION,NOTE) values (302,230,123,to_timestamp('30-JUN-23 05.09.01.000000000 PM','DD-MON-RR HH.MI.SSXFF AM'),'Ngọc Diệp (NgocDiep) đã tạo mới',null);
Insert into DEVELOP.JOB_PROCCESS (ID,JOB_ID,CREATED_BY,CREATED_AT,ACTION,NOTE) values (303,230,123,to_timestamp('30-JUN-23 05.09.01.000000000 PM','DD-MON-RR HH.MI.SSXFF AM'),'Ngọc Diệp (NgocDiep) đã thêm Hoài Hoài (hoai1) vào công việc',null);
Insert into DEVELOP.JOB_PROCCESS (ID,JOB_ID,CREATED_BY,CREATED_AT,ACTION,NOTE) values (304,230,65,to_timestamp('01-JUL-23 09.49.09.000000000 AM','DD-MON-RR HH.MI.SSXFF AM'),'Nguyễn Hoài(hoai1) từ chối nhận việc','đang nghỉ ốm');
Insert into DEVELOP.JOB_PROCCESS (ID,JOB_ID,CREATED_BY,CREATED_AT,ACTION,NOTE) values (305,207,65,to_timestamp('01-JUL-23 09.50.55.000000000 AM','DD-MON-RR HH.MI.SSXFF AM'),'Nguyễn Hoài(hoai1) đã chuyển trạng thái từ chờ nhận sang đang xử lý',null);
Insert into DEVELOP.JOB_PROCCESS (ID,JOB_ID,CREATED_BY,CREATED_AT,ACTION,NOTE) values (306,207,65,to_timestamp('01-JUL-23 09.57.35.000000000 AM','DD-MON-RR HH.MI.SSXFF AM'),'Nguyễn Hoài(hoai1) đánh dấu trạng thái công việc hoàn thành','đã hoàn thành');
Insert into DEVELOP.JOB_PROCCESS (ID,JOB_ID,CREATED_BY,CREATED_AT,ACTION,NOTE) values (307,182,65,to_timestamp('01-JUL-23 09.58.26.000000000 AM','DD-MON-RR HH.MI.SSXFF AM'),'Nguyễn Hoài(hoai1) từ chối nhận việc','đang nghỉ ốm');
Insert into DEVELOP.JOB_PROCCESS (ID,JOB_ID,CREATED_BY,CREATED_AT,ACTION,NOTE) values (310,241,65,to_timestamp('01-JUL-23 09.59.17.000000000 AM','DD-MON-RR HH.MI.SSXFF AM'),'Nguyễn Hoài(hoai1) từ chối nhận việc','đang nghỉ ốm');
Insert into DEVELOP.JOB_PROCCESS (ID,JOB_ID,CREATED_BY,CREATED_AT,ACTION,NOTE) values (311,160,65,to_timestamp('01-JUL-23 09.59.38.000000000 AM','DD-MON-RR HH.MI.SSXFF AM'),'Nguyễn Hoài(hoai1) từ chối nhận việc','đang nghỉ ốm');
Insert into DEVELOP.JOB_PROCCESS (ID,JOB_ID,CREATED_BY,CREATED_AT,ACTION,NOTE) values (312,242,123,to_timestamp('01-JUL-23 10.00.36.000000000 AM','DD-MON-RR HH.MI.SSXFF AM'),'Ngọc Diệp (NgocDiep) đã tạo mới',null);
Insert into DEVELOP.JOB_PROCCESS (ID,JOB_ID,CREATED_BY,CREATED_AT,ACTION,NOTE) values (313,242,123,to_timestamp('01-JUL-23 10.00.36.000000000 AM','DD-MON-RR HH.MI.SSXFF AM'),'Ngọc Diệp (NgocDiep) đã thêm Hoài Hoài (hoai1) vào công việc',null);
Insert into DEVELOP.JOB_PROCCESS (ID,JOB_ID,CREATED_BY,CREATED_AT,ACTION,NOTE) values (314,243,123,to_timestamp('01-JUL-23 10.01.07.000000000 AM','DD-MON-RR HH.MI.SSXFF AM'),'Ngọc Diệp (NgocDiep) đã tạo mới',null);
Insert into DEVELOP.JOB_PROCCESS (ID,JOB_ID,CREATED_BY,CREATED_AT,ACTION,NOTE) values (315,243,123,to_timestamp('01-JUL-23 10.01.07.000000000 AM','DD-MON-RR HH.MI.SSXFF AM'),'Ngọc Diệp (NgocDiep) đã thêm Hoài Hoài (hoai1) vào công việc',null);
REM INSERTING into DEVELOP.MODULES
SET DEFINE OFF;
Insert into DEVELOP.MODULES (ID,MODULE_NAME,CREATED_DATE,MODULE_DISPLAY) values (21,'packagedetail',null,'Chi tiết gói cước');
Insert into DEVELOP.MODULES (ID,MODULE_NAME,CREATED_DATE,MODULE_DISPLAY) values (1,'building',null,'Tòa nhà');
Insert into DEVELOP.MODULES (ID,MODULE_NAME,CREATED_DATE,MODULE_DISPLAY) values (2,'contract',null,'Hợp đồng');
Insert into DEVELOP.MODULES (ID,MODULE_NAME,CREATED_DATE,MODULE_DISPLAY) values (3,'customer',null,'Khách hàng');
Insert into DEVELOP.MODULES (ID,MODULE_NAME,CREATED_DATE,MODULE_DISPLAY) values (4,'device',null,'Thiết bị');
Insert into DEVELOP.MODULES (ID,MODULE_NAME,CREATED_DATE,MODULE_DISPLAY) values (5,'job',null,'Công việc');
Insert into DEVELOP.MODULES (ID,MODULE_NAME,CREATED_DATE,MODULE_DISPLAY) values (6,'module',null,'Chức năng');
Insert into DEVELOP.MODULES (ID,MODULE_NAME,CREATED_DATE,MODULE_DISPLAY) values (7,'package',null,'Gói cước');
Insert into DEVELOP.MODULES (ID,MODULE_NAME,CREATED_DATE,MODULE_DISPLAY) values (8,'partner',null,'Đối tác');
Insert into DEVELOP.MODULES (ID,MODULE_NAME,CREATED_DATE,MODULE_DISPLAY) values (9,'rolegroup',null,'Nhóm quyền');
Insert into DEVELOP.MODULES (ID,MODULE_NAME,CREATED_DATE,MODULE_DISPLAY) values (10,'role',null,'Phân quyền');
Insert into DEVELOP.MODULES (ID,MODULE_NAME,CREATED_DATE,MODULE_DISPLAY) values (11,'user',null,'Nhân viên');
REM INSERTING into DEVELOP.PACKAGES
SET DEFINE OFF;
Insert into DEVELOP.PACKAGES (ID,PACKAGE_CODE,PACKAGE_NAME,PRICES,PRICES_VAT,TIME_USED,PROMOTION_TIME,DECISION,IS_ACTIVE,CREATED_AT,CREATED_BY,UPDATED_BY,UPDATED_AT,IS_DELETED) values (3,'GCDATA2','gói cước data 2',3000000,3100000,12,2,'TT-123',1,to_timestamp('07-JUN-23 04.26.30.000000000 AM','DD-MON-RR HH.MI.SSXFF AM'),65,61,to_timestamp('15-JUN-23 11.04.48.000000000 AM','DD-MON-RR HH.MI.SSXFF AM'),0);
Insert into DEVELOP.PACKAGES (ID,PACKAGE_CODE,PACKAGE_NAME,PRICES,PRICES_VAT,TIME_USED,PROMOTION_TIME,DECISION,IS_ACTIVE,CREATED_AT,CREATED_BY,UPDATED_BY,UPDATED_AT,IS_DELETED) values (5,'GC5','gói cước 5',2000000,1000000,2,1,'334',1,to_timestamp('07-JUN-23 07.03.34.000000000 AM','DD-MON-RR HH.MI.SSXFF AM'),65,null,null,1);
Insert into DEVELOP.PACKAGES (ID,PACKAGE_CODE,PACKAGE_NAME,PRICES,PRICES_VAT,TIME_USED,PROMOTION_TIME,DECISION,IS_ACTIVE,CREATED_AT,CREATED_BY,UPDATED_BY,UPDATED_AT,IS_DELETED) values (12,'viettel','gói cước viettel',2000000,2200000,3,1,'TT-624',1,to_timestamp('08-JUN-23 04.52.18.000000000 AM','DD-MON-RR HH.MI.SSXFF AM'),65,61,to_timestamp('15-JUN-23 11.03.11.000000000 AM','DD-MON-RR HH.MI.SSXFF AM'),0);
Insert into DEVELOP.PACKAGES (ID,PACKAGE_CODE,PACKAGE_NAME,PRICES,PRICES_VAT,TIME_USED,PROMOTION_TIME,DECISION,IS_ACTIVE,CREATED_AT,CREATED_BY,UPDATED_BY,UPDATED_AT,IS_DELETED) values (17,'GCMB','gói cước mobi',2000000,2200000,4,1,'TT-2455',1,to_timestamp('08-JUN-23 06.17.24.000000000 AM','DD-MON-RR HH.MI.SSXFF AM'),65,61,to_timestamp('15-JUN-23 11.02.55.000000000 AM','DD-MON-RR HH.MI.SSXFF AM'),0);
Insert into DEVELOP.PACKAGES (ID,PACKAGE_CODE,PACKAGE_NAME,PRICES,PRICES_VAT,TIME_USED,PROMOTION_TIME,DECISION,IS_ACTIVE,CREATED_AT,CREATED_BY,UPDATED_BY,UPDATED_AT,IS_DELETED) values (19,'V120','V120',720000,792000,6,1,'QDCP-23214',1,to_timestamp('08-JUN-23 06.54.56.000000000 AM','DD-MON-RR HH.MI.SSXFF AM'),61,null,null,0);
Insert into DEVELOP.PACKAGES (ID,PACKAGE_CODE,PACKAGE_NAME,PRICES,PRICES_VAT,TIME_USED,PROMOTION_TIME,DECISION,IS_ACTIVE,CREATED_AT,CREATED_BY,UPDATED_BY,UPDATED_AT,IS_DELETED) values (20,'GCVN','gói cước vina',2000000,2200000,3,1,'TT-245',1,to_timestamp('08-JUN-23 06.56.10.000000000 AM','DD-MON-RR HH.MI.SSXFF AM'),65,61,to_timestamp('15-JUN-23 11.02.05.000000000 AM','DD-MON-RR HH.MI.SSXFF AM'),0);
Insert into DEVELOP.PACKAGES (ID,PACKAGE_CODE,PACKAGE_NAME,PRICES,PRICES_VAT,TIME_USED,PROMOTION_TIME,DECISION,IS_ACTIVE,CREATED_AT,CREATED_BY,UPDATED_BY,UPDATED_AT,IS_DELETED) values (22,'GC12','gói cước',1000000,1100000,6,1,'QĐ/TT/20-6-22',1,to_timestamp('08-JUN-23 07.04.57.000000000 AM','DD-MON-RR HH.MI.SSXFF AM'),65,61,to_timestamp('15-JUN-23 11.01.24.000000000 AM','DD-MON-RR HH.MI.SSXFF AM'),0);
Insert into DEVELOP.PACKAGES (ID,PACKAGE_CODE,PACKAGE_NAME,PRICES,PRICES_VAT,TIME_USED,PROMOTION_TIME,DECISION,IS_ACTIVE,CREATED_AT,CREATED_BY,UPDATED_BY,UPDATED_AT,IS_DELETED) values (23,'GC3','cước 1',1000000,1000000,2,null,'ba',1,to_timestamp('08-JUN-23 07.05.31.000000000 AM','DD-MON-RR HH.MI.SSXFF AM'),65,null,null,1);
Insert into DEVELOP.PACKAGES (ID,PACKAGE_CODE,PACKAGE_NAME,PRICES,PRICES_VAT,TIME_USED,PROMOTION_TIME,DECISION,IS_ACTIVE,CREATED_AT,CREATED_BY,UPDATED_BY,UPDATED_AT,IS_DELETED) values (24,'GC4','mobiF1',1000000,1100000,6,1,'QĐ/TT/20-6-22',1,to_timestamp('08-JUN-23 07.09.53.000000000 AM','DD-MON-RR HH.MI.SSXFF AM'),65,61,to_timestamp('15-JUN-23 11.00.28.000000000 AM','DD-MON-RR HH.MI.SSXFF AM'),0);
Insert into DEVELOP.PACKAGES (ID,PACKAGE_CODE,PACKAGE_NAME,PRICES,PRICES_VAT,TIME_USED,PROMOTION_TIME,DECISION,IS_ACTIVE,CREATED_AT,CREATED_BY,UPDATED_BY,UPDATED_AT,IS_DELETED) values (25,'GC6','cước 2',1000000,1000000,2,2,'3-4',1,to_timestamp('08-JUN-23 07.17.40.000000000 AM','DD-MON-RR HH.MI.SSXFF AM'),65,65,to_timestamp('08-JUN-23 05.28.48.000000000 AM','DD-MON-RR HH.MI.SSXFF AM'),1);
Insert into DEVELOP.PACKAGES (ID,PACKAGE_CODE,PACKAGE_NAME,PRICES,PRICES_VAT,TIME_USED,PROMOTION_TIME,DECISION,IS_ACTIVE,CREATED_AT,CREATED_BY,UPDATED_BY,UPDATED_AT,IS_DELETED) values (101,'MobiF6','MobiF6',1250000,1300000,6,1,'QĐ-01/CP-21-9-2022',1,to_timestamp('15-JUN-23 10.03.07.000000000 AM','DD-MON-RR HH.MI.SSXFF AM'),61,null,null,1);
Insert into DEVELOP.PACKAGES (ID,PACKAGE_CODE,PACKAGE_NAME,PRICES,PRICES_VAT,TIME_USED,PROMOTION_TIME,DECISION,IS_ACTIVE,CREATED_AT,CREATED_BY,UPDATED_BY,UPDATED_AT,IS_DELETED) values (4,'GC012','Gói cước 1',50000,60000,6,3,'QD01/QDs',0,to_timestamp('31-MAY-23 10.37.50.000000000 AM','DD-MON-RR HH.MI.SSXFF AM'),null,1,to_timestamp('01-JUN-23 01.53.00.000000000 AM','DD-MON-RR HH.MI.SSXFF AM'),1);
Insert into DEVELOP.PACKAGES (ID,PACKAGE_CODE,PACKAGE_NAME,PRICES,PRICES_VAT,TIME_USED,PROMOTION_TIME,DECISION,IS_ACTIVE,CREATED_AT,CREATED_BY,UPDATED_BY,UPDATED_AT,IS_DELETED) values (81,'GC150','V150',150000,160000,3,null,null,1,to_timestamp('13-JUN-23 02.33.11.000000000 PM','DD-MON-RR HH.MI.SSXFF AM'),1,null,null,1);
Insert into DEVELOP.PACKAGES (ID,PACKAGE_CODE,PACKAGE_NAME,PRICES,PRICES_VAT,TIME_USED,PROMOTION_TIME,DECISION,IS_ACTIVE,CREATED_AT,CREATED_BY,UPDATED_BY,UPDATED_AT,IS_DELETED) values (141,'MB5G','MOBI5G',1000000,1100000,2,1,'5664',1,to_timestamp('20-JUN-23 01.25.42.000000000 PM','DD-MON-RR HH.MI.SSXFF AM'),123,null,null,0);
Insert into DEVELOP.PACKAGES (ID,PACKAGE_CODE,PACKAGE_NAME,PRICES,PRICES_VAT,TIME_USED,PROMOTION_TIME,DECISION,IS_ACTIVE,CREATED_AT,CREATED_BY,UPDATED_BY,UPDATED_AT,IS_DELETED) values (149,'MBF5G10','mobi-fiber',1000000,1100000,2,1,'345JDA',1,to_timestamp('20-JUN-23 03.18.25.000000000 PM','DD-MON-RR HH.MI.SSXFF AM'),123,null,null,0);
Insert into DEVELOP.PACKAGES (ID,PACKAGE_CODE,PACKAGE_NAME,PRICES,PRICES_VAT,TIME_USED,PROMOTION_TIME,DECISION,IS_ACTIVE,CREATED_AT,CREATED_BY,UPDATED_BY,UPDATED_AT,IS_DELETED) values (161,'4GMBFone','MOBI4G',null,null,1,null,null,1,to_timestamp('27-JUN-23 03.59.02.000000000 PM','DD-MON-RR HH.MI.SSXFF AM'),123,null,null,0);
Insert into DEVELOP.PACKAGES (ID,PACKAGE_CODE,PACKAGE_NAME,PRICES,PRICES_VAT,TIME_USED,PROMOTION_TIME,DECISION,IS_ACTIVE,CREATED_AT,CREATED_BY,UPDATED_BY,UPDATED_AT,IS_DELETED) values (21,'GC02','Gói cước 2',60000,66000,6,2,'QD02/QD',1,to_timestamp('01-JUN-23 01.53.51.000000000 AM','DD-MON-RR HH.MI.SSXFF AM'),1,61,to_timestamp('15-JUN-23 11.01.36.000000000 AM','DD-MON-RR HH.MI.SSXFF AM'),0);
Insert into DEVELOP.PACKAGES (ID,PACKAGE_CODE,PACKAGE_NAME,PRICES,PRICES_VAT,TIME_USED,PROMOTION_TIME,DECISION,IS_ACTIVE,CREATED_AT,CREATED_BY,UPDATED_BY,UPDATED_AT,IS_DELETED) values (11,'GCDATA','gói cước data',1000000,1100000,2,1,'TT-245',1,to_timestamp('08-JUN-23 04.48.36.000000000 AM','DD-MON-RR HH.MI.SSXFF AM'),65,61,to_timestamp('15-JUN-23 11.03.59.000000000 AM','DD-MON-RR HH.MI.SSXFF AM'),0);
Insert into DEVELOP.PACKAGES (ID,PACKAGE_CODE,PACKAGE_NAME,PRICES,PRICES_VAT,TIME_USED,PROMOTION_TIME,DECISION,IS_ACTIVE,CREATED_AT,CREATED_BY,UPDATED_BY,UPDATED_AT,IS_DELETED) values (1,'GCMULTI','gói cước mutil',5000000,5500000,48,10,'QD02/QD',1,to_timestamp('07-JUN-23 02.27.19.000000000 AM','DD-MON-RR HH.MI.SSXFF AM'),65,61,to_timestamp('15-JUN-23 11.06.52.000000000 AM','DD-MON-RR HH.MI.SSXFF AM'),0);
Insert into DEVELOP.PACKAGES (ID,PACKAGE_CODE,PACKAGE_NAME,PRICES,PRICES_VAT,TIME_USED,PROMOTION_TIME,DECISION,IS_ACTIVE,CREATED_AT,CREATED_BY,UPDATED_BY,UPDATED_AT,IS_DELETED) values (2,'GCDATA3','gói cước Data 3',2000000,2200000,18,3,'TT-123456',1,to_timestamp('07-JUN-23 03.51.54.000000000 AM','DD-MON-RR HH.MI.SSXFF AM'),65,61,to_timestamp('15-JUN-23 11.05.46.000000000 AM','DD-MON-RR HH.MI.SSXFF AM'),0);
Insert into DEVELOP.PACKAGES (ID,PACKAGE_CODE,PACKAGE_NAME,PRICES,PRICES_VAT,TIME_USED,PROMOTION_TIME,DECISION,IS_ACTIVE,CREATED_AT,CREATED_BY,UPDATED_BY,UPDATED_AT,IS_DELETED) values (41,'GC465','gói cước Data 4',2000000,2200000,2,1,'2456',1,to_timestamp('09-JUN-23 05.05.00.000000000 PM','DD-MON-RR HH.MI.SSXFF AM'),65,61,to_timestamp('15-JUN-23 11.12.56.000000000 AM','DD-MON-RR HH.MI.SSXFF AM'),0);
Insert into DEVELOP.PACKAGES (ID,PACKAGE_CODE,PACKAGE_NAME,PRICES,PRICES_VAT,TIME_USED,PROMOTION_TIME,DECISION,IS_ACTIVE,CREATED_AT,CREATED_BY,UPDATED_BY,UPDATED_AT,IS_DELETED) values (42,'444r','gói cước',2000000,3000000,2,1,'245',2,to_timestamp('09-JUN-23 05.56.06.000000000 PM','DD-MON-RR HH.MI.SSXFF AM'),65,null,null,0);
Insert into DEVELOP.PACKAGES (ID,PACKAGE_CODE,PACKAGE_NAME,PRICES,PRICES_VAT,TIME_USED,PROMOTION_TIME,DECISION,IS_ACTIVE,CREATED_AT,CREATED_BY,UPDATED_BY,UPDATED_AT,IS_DELETED) values (61,'gc8','gói cước 8',2000000,2200000,2,null,'QĐ/TT/20-6-23',1,to_timestamp('12-JUN-23 09.35.16.000000000 AM','DD-MON-RR HH.MI.SSXFF AM'),65,61,to_timestamp('15-JUN-23 11.14.25.000000000 AM','DD-MON-RR HH.MI.SSXFF AM'),0);
Insert into DEVELOP.PACKAGES (ID,PACKAGE_CODE,PACKAGE_NAME,PRICES,PRICES_VAT,TIME_USED,PROMOTION_TIME,DECISION,IS_ACTIVE,CREATED_AT,CREATED_BY,UPDATED_BY,UPDATED_AT,IS_DELETED) values (62,'QC 01','Gói cước',1500000,1650000,5,null,'QĐ/TT/20-6-23',1,null,null,61,to_timestamp('15-JUN-23 10.59.24.000000000 AM','DD-MON-RR HH.MI.SSXFF AM'),1);
Insert into DEVELOP.PACKAGES (ID,PACKAGE_CODE,PACKAGE_NAME,PRICES,PRICES_VAT,TIME_USED,PROMOTION_TIME,DECISION,IS_ACTIVE,CREATED_AT,CREATED_BY,UPDATED_BY,UPDATED_AT,IS_DELETED) values (121,'MB4G','Mobifone 4G',1000000,1100000,6,3,'23546',2,to_timestamp('19-JUN-23 01.46.22.000000000 PM','DD-MON-RR HH.MI.SSXFF AM'),123,123,to_timestamp('19-JUN-23 01.46.30.000000000 PM','DD-MON-RR HH.MI.SSXFF AM'),0);
Insert into DEVELOP.PACKAGES (ID,PACKAGE_CODE,PACKAGE_NAME,PRICES,PRICES_VAT,TIME_USED,PROMOTION_TIME,DECISION,IS_ACTIVE,CREATED_AT,CREATED_BY,UPDATED_BY,UPDATED_AT,IS_DELETED) values (102,'4GMB','MOBI4G',1000000,1100000,2,null,'345JD',1,to_timestamp('15-JUN-23 04.57.13.000000000 PM','DD-MON-RR HH.MI.SSXFF AM'),123,123,to_timestamp('15-JUN-23 04.57.21.000000000 PM','DD-MON-RR HH.MI.SSXFF AM'),1);
Insert into DEVELOP.PACKAGES (ID,PACKAGE_CODE,PACKAGE_NAME,PRICES,PRICES_VAT,TIME_USED,PROMOTION_TIME,DECISION,IS_ACTIVE,CREATED_AT,CREATED_BY,UPDATED_BY,UPDATED_AT,IS_DELETED) values (142,'4GMB','mobi-fiber',1000000,1100000,2,1,'345JDg',1,to_timestamp('20-JUN-23 01.53.36.000000000 PM','DD-MON-RR HH.MI.SSXFF AM'),123,null,null,0);
Insert into DEVELOP.PACKAGES (ID,PACKAGE_CODE,PACKAGE_NAME,PRICES,PRICES_VAT,TIME_USED,PROMOTION_TIME,DECISION,IS_ACTIVE,CREATED_AT,CREATED_BY,UPDATED_BY,UPDATED_AT,IS_DELETED) values (143,'MBF5G1','mobifone5G',1500000,2000000,5,2,'QĐ/TT/20-6-20',1,null,null,null,null,0);
Insert into DEVELOP.PACKAGES (ID,PACKAGE_CODE,PACKAGE_NAME,PRICES,PRICES_VAT,TIME_USED,PROMOTION_TIME,DECISION,IS_ACTIVE,CREATED_AT,CREATED_BY,UPDATED_BY,UPDATED_AT,IS_DELETED) values (144,'MBFB1','mobi-fiber 1',1500000,2000000,6,1,'QĐ/TT/20-6-28',1,null,null,null,null,0);
Insert into DEVELOP.PACKAGES (ID,PACKAGE_CODE,PACKAGE_NAME,PRICES,PRICES_VAT,TIME_USED,PROMOTION_TIME,DECISION,IS_ACTIVE,CREATED_AT,CREATED_BY,UPDATED_BY,UPDATED_AT,IS_DELETED) values (145,'MBFB2','mobifone 2',1500000,2000000,12,2,'QĐ/TT/20-6-25',2,null,null,null,null,0);
Insert into DEVELOP.PACKAGES (ID,PACKAGE_CODE,PACKAGE_NAME,PRICES,PRICES_VAT,TIME_USED,PROMOTION_TIME,DECISION,IS_ACTIVE,CREATED_AT,CREATED_BY,UPDATED_BY,UPDATED_AT,IS_DELETED) values (146,'MBF5G10','mobifone5G',1500000,2000000,5,2,'QĐ/TT/20-6-206',2,null,null,null,null,1);
Insert into DEVELOP.PACKAGES (ID,PACKAGE_CODE,PACKAGE_NAME,PRICES,PRICES_VAT,TIME_USED,PROMOTION_TIME,DECISION,IS_ACTIVE,CREATED_AT,CREATED_BY,UPDATED_BY,UPDATED_AT,IS_DELETED) values (147,'MBFB16','mobi-fiber 1',1500000,2000000,6,1,'QĐ/TT/20-6-285',1,null,null,null,null,1);
Insert into DEVELOP.PACKAGES (ID,PACKAGE_CODE,PACKAGE_NAME,PRICES,PRICES_VAT,TIME_USED,PROMOTION_TIME,DECISION,IS_ACTIVE,CREATED_AT,CREATED_BY,UPDATED_BY,UPDATED_AT,IS_DELETED) values (148,'8886','mobifone 2',1500000,2000000,12,2,'QĐ/TT/20-6-258',1,null,null,null,null,1);
Insert into DEVELOP.PACKAGES (ID,PACKAGE_CODE,PACKAGE_NAME,PRICES,PRICES_VAT,TIME_USED,PROMOTION_TIME,DECISION,IS_ACTIVE,CREATED_AT,CREATED_BY,UPDATED_BY,UPDATED_AT,IS_DELETED) values (162,'MBFB4G','mobi-fiber',null,null,6,null,null,1,to_timestamp('28-JUN-23 09.45.48.000000000 AM','DD-MON-RR HH.MI.SSXFF AM'),123,null,null,0);
Insert into DEVELOP.PACKAGES (ID,PACKAGE_CODE,PACKAGE_NAME,PRICES,PRICES_VAT,TIME_USED,PROMOTION_TIME,DECISION,IS_ACTIVE,CREATED_AT,CREATED_BY,UPDATED_BY,UPDATED_AT,IS_DELETED) values (163,'4GMBFB','MOBI4G',null,null,1,null,null,1,to_timestamp('28-JUN-23 09.48.25.000000000 AM','DD-MON-RR HH.MI.SSXFF AM'),123,null,null,0);
Insert into DEVELOP.PACKAGES (ID,PACKAGE_CODE,PACKAGE_NAME,PRICES,PRICES_VAT,TIME_USED,PROMOTION_TIME,DECISION,IS_ACTIVE,CREATED_AT,CREATED_BY,UPDATED_BY,UPDATED_AT,IS_DELETED) values (164,'mobi4G','data 4G',null,null,2,null,null,1,to_timestamp('28-JUN-23 04.10.56.000000000 PM','DD-MON-RR HH.MI.SSXFF AM'),123,null,null,0);
Insert into DEVELOP.PACKAGES (ID,PACKAGE_CODE,PACKAGE_NAME,PRICES,PRICES_VAT,TIME_USED,PROMOTION_TIME,DECISION,IS_ACTIVE,CREATED_AT,CREATED_BY,UPDATED_BY,UPDATED_AT,IS_DELETED) values (165,'MBFB16','mobi-fiber 1',1500000,2000000,6,1,'QĐ/TT/20-6-285',1,null,null,null,null,0);
REM INSERTING into DEVELOP.PACKAGE_DETAIL
SET DEFINE OFF;
Insert into DEVELOP.PACKAGE_DETAIL (PACKAGE_ID,START_DATE,END_DATE,PRICE,PRICE_VAT,DECISION_NUMBER,ID,IS_DELETED) values (149,to_timestamp('26-JUN-23 12.00.00.000000000 AM','DD-MON-RR HH.MI.SSXFF AM'),to_timestamp('09-JUL-23 12.00.00.000000000 AM','DD-MON-RR HH.MI.SSXFF AM'),700000,756000,'asdfghjkl',6,1);
Insert into DEVELOP.PACKAGE_DETAIL (PACKAGE_ID,START_DATE,END_DATE,PRICE,PRICE_VAT,DECISION_NUMBER,ID,IS_DELETED) values (149,to_timestamp('26-JUN-23 12.00.00.000000000 AM','DD-MON-RR HH.MI.SSXFF AM'),to_timestamp('07-JUL-23 12.00.00.000000000 AM','DD-MON-RR HH.MI.SSXFF AM'),10000,20000,'23456789',7,1);
Insert into DEVELOP.PACKAGE_DETAIL (PACKAGE_ID,START_DATE,END_DATE,PRICE,PRICE_VAT,DECISION_NUMBER,ID,IS_DELETED) values (141,to_timestamp('26-JUN-23 12.00.00.000000000 AM','DD-MON-RR HH.MI.SSXFF AM'),to_timestamp('02-JUL-23 12.00.00.000000000 AM','DD-MON-RR HH.MI.SSXFF AM'),70000,75600,'098765432',8,0);
Insert into DEVELOP.PACKAGE_DETAIL (PACKAGE_ID,START_DATE,END_DATE,PRICE,PRICE_VAT,DECISION_NUMBER,ID,IS_DELETED) values (149,to_timestamp('27-JUN-23 12.00.00.000000000 AM','DD-MON-RR HH.MI.SSXFF AM'),to_timestamp('08-JUL-23 12.00.00.000000000 AM','DD-MON-RR HH.MI.SSXFF AM'),70000,756000,'sdfghjkl;',9,0);
Insert into DEVELOP.PACKAGE_DETAIL (PACKAGE_ID,START_DATE,END_DATE,PRICE,PRICE_VAT,DECISION_NUMBER,ID,IS_DELETED) values (149,to_timestamp('10-JUL-23 12.00.00.000000000 AM','DD-MON-RR HH.MI.SSXFF AM'),to_timestamp('15-JUL-23 12.00.00.000000000 AM','DD-MON-RR HH.MI.SSXFF AM'),70000,75600,'asdfghjkl',10,0);
Insert into DEVELOP.PACKAGE_DETAIL (PACKAGE_ID,START_DATE,END_DATE,PRICE,PRICE_VAT,DECISION_NUMBER,ID,IS_DELETED) values (149,to_timestamp('16-JUL-23 12.00.00.000000000 AM','DD-MON-RR HH.MI.SSXFF AM'),to_timestamp('20-JUL-23 12.00.00.000000000 AM','DD-MON-RR HH.MI.SSXFF AM'),200000,250000,'fsdfghj',11,0);
Insert into DEVELOP.PACKAGE_DETAIL (PACKAGE_ID,START_DATE,END_DATE,PRICE,PRICE_VAT,DECISION_NUMBER,ID,IS_DELETED) values (163,to_timestamp('28-JUN-23 12.00.00.000000000 AM','DD-MON-RR HH.MI.SSXFF AM'),to_timestamp('29-JUN-23 12.00.00.000000000 AM','DD-MON-RR HH.MI.SSXFF AM'),1000000,1100000,'26520',23,0);
Insert into DEVELOP.PACKAGE_DETAIL (PACKAGE_ID,START_DATE,END_DATE,PRICE,PRICE_VAT,DECISION_NUMBER,ID,IS_DELETED) values (161,to_timestamp('01-AUG-23 12.00.00.000000000 AM','DD-MON-RR HH.MI.SSXFF AM'),to_timestamp('01-SEP-23 12.00.00.000000000 AM','DD-MON-RR HH.MI.SSXFF AM'),1000000,1100000,'2650',21,0);
Insert into DEVELOP.PACKAGE_DETAIL (PACKAGE_ID,START_DATE,END_DATE,PRICE,PRICE_VAT,DECISION_NUMBER,ID,IS_DELETED) values (161,to_timestamp('26-JUN-23 12.00.00.000000000 AM','DD-MON-RR HH.MI.SSXFF AM'),to_timestamp('30-JUN-23 12.00.00.000000000 AM','DD-MON-RR HH.MI.SSXFF AM'),1000000,1100000,'26520',22,0);
Insert into DEVELOP.PACKAGE_DETAIL (PACKAGE_ID,START_DATE,END_DATE,PRICE,PRICE_VAT,DECISION_NUMBER,ID,IS_DELETED) values (164,to_timestamp('22-SEP-23 12.00.00.000000000 AM','DD-MON-RR HH.MI.SSXFF AM'),to_timestamp('22-OCT-23 12.00.00.000000000 AM','DD-MON-RR HH.MI.SSXFF AM'),1000000,1100000,'265200',24,0);
Insert into DEVELOP.PACKAGE_DETAIL (PACKAGE_ID,START_DATE,END_DATE,PRICE,PRICE_VAT,DECISION_NUMBER,ID,IS_DELETED) values (145,to_timestamp('01-AUG-23 12.00.00.000000000 AM','DD-MON-RR HH.MI.SSXFF AM'),to_timestamp('31-AUG-23 12.00.00.000000000 AM','DD-MON-RR HH.MI.SSXFF AM'),1000000,1100000,'265201',41,0);
REM INSERTING into DEVELOP.PARTNERS
SET DEFINE OFF;
Insert into DEVELOP.PARTNERS (ID,PARTNER_NAME,EMAIL,PHONE,ADDRESS,TYPE,IS_ACTIVE,CREATED_AT,PARTNER_CODE,CREATED_BY,UPDATED_AT,UPDATED_BY,BUSINESS_LICENSE,NUMBER_BANK,BANK_NAME,CONTACT_NAME,CONTACT_PHONE,COOPERATE,IS_DELETED) values (121,'E-soft','hoainguyen@gmail.com','0974237008',null,2,1,to_timestamp('03-JUN-23 07.32.22.000000000 AM','DD-MON-RR HH.MI.SSXFF AM'),'12345',1,to_timestamp('03-JUN-23 01.07.22.000000000 AM','DD-MON-RR HH.MI.SSXFF AM'),1,null,'42934237423','BIDV','Đầu mối A','04234239423',1,1);
Insert into DEVELOP.PARTNERS (ID,PARTNER_NAME,EMAIL,PHONE,ADDRESS,TYPE,IS_ACTIVE,CREATED_AT,PARTNER_CODE,CREATED_BY,UPDATED_AT,UPDATED_BY,BUSINESS_LICENSE,NUMBER_BANK,BANK_NAME,CONTACT_NAME,CONTACT_PHONE,COOPERATE,IS_DELETED) values (148,'test3','test3@gmail.com','0987654321','123VCC1',1,1,to_timestamp('05-JUN-23 05.22.03.000000000 AM','DD-MON-RR HH.MI.SSXFF AM'),'0001',1,to_timestamp('05-JUN-23 10.08.25.000000000 AM','DD-MON-RR HH.MI.SSXFF AM'),1,null,'12345678','Tpbank',null,null,1,1);
Insert into DEVELOP.PARTNERS (ID,PARTNER_NAME,EMAIL,PHONE,ADDRESS,TYPE,IS_ACTIVE,CREATED_AT,PARTNER_CODE,CREATED_BY,UPDATED_AT,UPDATED_BY,BUSINESS_LICENSE,NUMBER_BANK,BANK_NAME,CONTACT_NAME,CONTACT_PHONE,COOPERATE,IS_DELETED) values (301,'Phúc Long','phuclong@gmail.com','0984848886',null,null,1,to_timestamp('30-JUN-23 11.07.53.000000000 AM','DD-MON-RR HH.MI.SSXFF AM'),'PL09',123,null,null,'09066789','666688886868','MB',null,null,2,0);
Insert into DEVELOP.PARTNERS (ID,PARTNER_NAME,EMAIL,PHONE,ADDRESS,TYPE,IS_ACTIVE,CREATED_AT,PARTNER_CODE,CREATED_BY,UPDATED_AT,UPDATED_BY,BUSINESS_LICENSE,NUMBER_BANK,BANK_NAME,CONTACT_NAME,CONTACT_PHONE,COOPERATE,IS_DELETED) values (201,'Concung','concung@gmail.com','0987654312','123VCC',0,1,to_timestamp('12-JUN-23 08.49.33.000000000 AM','DD-MON-RR HH.MI.SSXFF AM'),'1234',1,null,null,'2221','1234567','Tpbank',null,null,1,0);
Insert into DEVELOP.PARTNERS (ID,PARTNER_NAME,EMAIL,PHONE,ADDRESS,TYPE,IS_ACTIVE,CREATED_AT,PARTNER_CODE,CREATED_BY,UPDATED_AT,UPDATED_BY,BUSINESS_LICENSE,NUMBER_BANK,BANK_NAME,CONTACT_NAME,CONTACT_PHONE,COOPERATE,IS_DELETED) values (207,'KIDS','Kids02@gmail.com','0971234569','40 Đặng Thùy Trâm',null,null,to_timestamp('13-JUN-23 03.59.07.000000000 PM','DD-MON-RR HH.MI.SSXFF AM'),'MĐT 03',null,null,null,'234567894','123456','TECH','1234567890','0971234569',2,1);
Insert into DEVELOP.PARTNERS (ID,PARTNER_NAME,EMAIL,PHONE,ADDRESS,TYPE,IS_ACTIVE,CREATED_AT,PARTNER_CODE,CREATED_BY,UPDATED_AT,UPDATED_BY,BUSINESS_LICENSE,NUMBER_BANK,BANK_NAME,CONTACT_NAME,CONTACT_PHONE,COOPERATE,IS_DELETED) values (246,'Công ty E-soft','E-software1@gmail.vn','0988484848',null,0,2,to_timestamp('20-JUN-23 11.01.19.000000000 AM','DD-MON-RR HH.MI.SSXFF AM'),'12344fd',123,to_timestamp('20-JUN-23 01.22.00.000000000 AM','DD-MON-RR HH.MI.SSXFF AM'),123,'1234567','18091222400','MB',null,null,1,1);
Insert into DEVELOP.PARTNERS (ID,PARTNER_NAME,EMAIL,PHONE,ADDRESS,TYPE,IS_ACTIVE,CREATED_AT,PARTNER_CODE,CREATED_BY,UPDATED_AT,UPDATED_BY,BUSINESS_LICENSE,NUMBER_BANK,BANK_NAME,CONTACT_NAME,CONTACT_PHONE,COOPERATE,IS_DELETED) values (247,'Doi tac 10','doitac1@gmail.com','0989795500','40 Đặng Thùy Trâm',null,1,to_timestamp('20-JUN-23 11.48.51.000000000 AM','DD-MON-RR HH.MI.SSXFF AM'),'5674355',null,null,null,'3456760987','354434534907','BIDV','E-Software','0098765426',3,0);
Insert into DEVELOP.PARTNERS (ID,PARTNER_NAME,EMAIL,PHONE,ADDRESS,TYPE,IS_ACTIVE,CREATED_AT,PARTNER_CODE,CREATED_BY,UPDATED_AT,UPDATED_BY,BUSINESS_LICENSE,NUMBER_BANK,BANK_NAME,CONTACT_NAME,CONTACT_PHONE,COOPERATE,IS_DELETED) values (248,'Đối tác 11','doitac90@gmail.com','0989795511','40 Đặng Thùy Trâm',null,1,to_timestamp('20-JUN-23 11.48.51.000000000 AM','DD-MON-RR HH.MI.SSXFF AM'),'84329567',null,null,null,'34567645311','35443453423','BIDV','E-Software','0987456776',2,0);
Insert into DEVELOP.PARTNERS (ID,PARTNER_NAME,EMAIL,PHONE,ADDRESS,TYPE,IS_ACTIVE,CREATED_AT,PARTNER_CODE,CREATED_BY,UPDATED_AT,UPDATED_BY,BUSINESS_LICENSE,NUMBER_BANK,BANK_NAME,CONTACT_NAME,CONTACT_PHONE,COOPERATE,IS_DELETED) values (249,'Đối tác 11','doitac134@gmai.lcom','0988485077','40 Đặng Thùy Trâm',null,1,to_timestamp('20-JUN-23 11.48.51.000000000 AM','DD-MON-RR HH.MI.SSXFF AM'),'84329321',null,null,null,'345676','354434','BIDV','E-Software','0989555444',1,0);
Insert into DEVELOP.PARTNERS (ID,PARTNER_NAME,EMAIL,PHONE,ADDRESS,TYPE,IS_ACTIVE,CREATED_AT,PARTNER_CODE,CREATED_BY,UPDATED_AT,UPDATED_BY,BUSINESS_LICENSE,NUMBER_BANK,BANK_NAME,CONTACT_NAME,CONTACT_PHONE,COOPERATE,IS_DELETED) values (250,'Doi tac 10','doitac10@gmail.com','0989795577','40 Đặng Thùy Trâm',null,1,to_timestamp('20-JUN-23 01.08.25.000000000 PM','DD-MON-RR HH.MI.SSXFF AM'),'5674354',null,null,null,'34567609871','35443443','BIDV','E-Software','0098765429',3,0);
Insert into DEVELOP.PARTNERS (ID,PARTNER_NAME,EMAIL,PHONE,ADDRESS,TYPE,IS_ACTIVE,CREATED_AT,PARTNER_CODE,CREATED_BY,UPDATED_AT,UPDATED_BY,BUSINESS_LICENSE,NUMBER_BANK,BANK_NAME,CONTACT_NAME,CONTACT_PHONE,COOPERATE,IS_DELETED) values (251,'Đối tác 11','doitac0@gmail.com','0989795512','40 Đặng Thùy Trâm',null,1,to_timestamp('20-JUN-23 01.08.25.000000000 PM','DD-MON-RR HH.MI.SSXFF AM'),'84329560',null,null,null,'34567645322','35443453','BIDV','E-Software','0987456770',2,0);
Insert into DEVELOP.PARTNERS (ID,PARTNER_NAME,EMAIL,PHONE,ADDRESS,TYPE,IS_ACTIVE,CREATED_AT,PARTNER_CODE,CREATED_BY,UPDATED_AT,UPDATED_BY,BUSINESS_LICENSE,NUMBER_BANK,BANK_NAME,CONTACT_NAME,CONTACT_PHONE,COOPERATE,IS_DELETED) values (252,'Đối tác 11','doitac34@gmai.lcom','0988485071',null,null,1,to_timestamp('20-JUN-23 01.08.25.000000000 PM','DD-MON-RR HH.MI.SSXFF AM'),'484329321',null,null,null,'34567645','354434666','BIDV','E-Software','0989555447',1,1);
Insert into DEVELOP.PARTNERS (ID,PARTNER_NAME,EMAIL,PHONE,ADDRESS,TYPE,IS_ACTIVE,CREATED_AT,PARTNER_CODE,CREATED_BY,UPDATED_AT,UPDATED_BY,BUSINESS_LICENSE,NUMBER_BANK,BANK_NAME,CONTACT_NAME,CONTACT_PHONE,COOPERATE,IS_DELETED) values (253,'E-Software','e-software3@gmail.vn','0948484840',null,0,1,to_timestamp('20-JUN-23 01.16.43.000000000 AM','DD-MON-RR HH.MI.SSXFF AM'),'484329321',123,null,null,'876543','180912224699','MB',null,null,1,0);
Insert into DEVELOP.PARTNERS (ID,PARTNER_NAME,EMAIL,PHONE,ADDRESS,TYPE,IS_ACTIVE,CREATED_AT,PARTNER_CODE,CREATED_BY,UPDATED_AT,UPDATED_BY,BUSINESS_LICENSE,NUMBER_BANK,BANK_NAME,CONTACT_NAME,CONTACT_PHONE,COOPERATE,IS_DELETED) values (254,'Doi tac 10','doitac101@gmail.com','0987656722','40 Đặng Thùy Trâm',null,1,to_timestamp('20-JUN-23 01.21.22.000000000 PM','DD-MON-RR HH.MI.SSXFF AM'),'567435400',null,null,null,'34567546','354434432','BIDV','E-Software','0098765421',3,0);
Insert into DEVELOP.PARTNERS (ID,PARTNER_NAME,EMAIL,PHONE,ADDRESS,TYPE,IS_ACTIVE,CREATED_AT,PARTNER_CODE,CREATED_BY,UPDATED_AT,UPDATED_BY,BUSINESS_LICENSE,NUMBER_BANK,BANK_NAME,CONTACT_NAME,CONTACT_PHONE,COOPERATE,IS_DELETED) values (255,'Đối tác 11','doitac50@gmail.com','09897955111','40 Đặng Thùy Trâm',null,1,to_timestamp('20-JUN-23 01.21.22.000000000 PM','DD-MON-RR HH.MI.SSXFF AM'),'8432956011',null,null,null,'34567','354434534','BIDV','E-Software','0987456755',2,0);
Insert into DEVELOP.PARTNERS (ID,PARTNER_NAME,EMAIL,PHONE,ADDRESS,TYPE,IS_ACTIVE,CREATED_AT,PARTNER_CODE,CREATED_BY,UPDATED_AT,UPDATED_BY,BUSINESS_LICENSE,NUMBER_BANK,BANK_NAME,CONTACT_NAME,CONTACT_PHONE,COOPERATE,IS_DELETED) values (256,'Đối tác 11','doitac340@gmai.lcom','0988485123',null,null,1,to_timestamp('20-JUN-23 01.21.22.000000000 PM','DD-MON-RR HH.MI.SSXFF AM'),'48432932142',null,null,null,'3456','35443466611','BIDV','E-Software','0989555790',1,0);
Insert into DEVELOP.PARTNERS (ID,PARTNER_NAME,EMAIL,PHONE,ADDRESS,TYPE,IS_ACTIVE,CREATED_AT,PARTNER_CODE,CREATED_BY,UPDATED_AT,UPDATED_BY,BUSINESS_LICENSE,NUMBER_BANK,BANK_NAME,CONTACT_NAME,CONTACT_PHONE,COOPERATE,IS_DELETED) values (261,'Công ty phần mềm','doitac29@gmail.com','0987656770','40 Đặng Thùy Trâm',null,1,to_timestamp('22-JUN-23 03.06.51.000000000 PM','DD-MON-RR HH.MI.SSXFF AM'),'56743540055',null,null,null,'3456754654','354434432468','BIDV','E-Software','09876542766',3,0);
Insert into DEVELOP.PARTNERS (ID,PARTNER_NAME,EMAIL,PHONE,ADDRESS,TYPE,IS_ACTIVE,CREATED_AT,PARTNER_CODE,CREATED_BY,UPDATED_AT,UPDATED_BY,BUSINESS_LICENSE,NUMBER_BANK,BANK_NAME,CONTACT_NAME,CONTACT_PHONE,COOPERATE,IS_DELETED) values (262,'Đối tác 11','doitac501@gmail.com','0974646846','40 Đặng Thùy Trâm',null,1,to_timestamp('22-JUN-23 03.06.51.000000000 PM','DD-MON-RR HH.MI.SSXFF AM'),'98765345',null,null,null,'654333','35123456987','BIDV','E-Software','09874567550',2,1);
Insert into DEVELOP.PARTNERS (ID,PARTNER_NAME,EMAIL,PHONE,ADDRESS,TYPE,IS_ACTIVE,CREATED_AT,PARTNER_CODE,CREATED_BY,UPDATED_AT,UPDATED_BY,BUSINESS_LICENSE,NUMBER_BANK,BANK_NAME,CONTACT_NAME,CONTACT_PHONE,COOPERATE,IS_DELETED) values (141,'E-soft 1','hoainguyen@gmailcom','0987654322',null,null,null,to_timestamp('05-JUN-23 03.36.35.000000000 AM','DD-MON-RR HH.MI.SSXFF AM'),'1234',1,null,null,null,'0974237001','Tpbank',null,null,2,1);
Insert into DEVELOP.PARTNERS (ID,PARTNER_NAME,EMAIL,PHONE,ADDRESS,TYPE,IS_ACTIVE,CREATED_AT,PARTNER_CODE,CREATED_BY,UPDATED_AT,UPDATED_BY,BUSINESS_LICENSE,NUMBER_BANK,BANK_NAME,CONTACT_NAME,CONTACT_PHONE,COOPERATE,IS_DELETED) values (142,'E-soft','hoainguyen131@gmail.com','0974237007',null,null,2,to_timestamp('05-JUN-23 04.03.25.000000000 AM','DD-MON-RR HH.MI.SSXFF AM'),'12347',1,to_timestamp('05-JUN-23 06.05.18.000000000 AM','DD-MON-RR HH.MI.SSXFF AM'),1,'11112345','123456789000001','Tpbank',null,null,2,0);
Insert into DEVELOP.PARTNERS (ID,PARTNER_NAME,EMAIL,PHONE,ADDRESS,TYPE,IS_ACTIVE,CREATED_AT,PARTNER_CODE,CREATED_BY,UPDATED_AT,UPDATED_BY,BUSINESS_LICENSE,NUMBER_BANK,BANK_NAME,CONTACT_NAME,CONTACT_PHONE,COOPERATE,IS_DELETED) values (143,'E-soft2','hoainguyen4@gmail.com','0987654325',null,null,2,to_timestamp('05-JUN-23 04.08.41.000000000 AM','DD-MON-RR HH.MI.SSXFF AM'),'02347',1,to_timestamp('06-JUN-23 05.21.59.000000000 AM','DD-MON-RR HH.MI.SSXFF AM'),1,null,'1234567891','Tpbank',null,null,1,0);
Insert into DEVELOP.PARTNERS (ID,PARTNER_NAME,EMAIL,PHONE,ADDRESS,TYPE,IS_ACTIVE,CREATED_AT,PARTNER_CODE,CREATED_BY,UPDATED_AT,UPDATED_BY,BUSINESS_LICENSE,NUMBER_BANK,BANK_NAME,CONTACT_NAME,CONTACT_PHONE,COOPERATE,IS_DELETED) values (144,'E-soft3','hoai@gmail.com','0987654328',null,null,2,to_timestamp('05-JUN-23 04.00.43.000000000 AM','DD-MON-RR HH.MI.SSXFF AM'),'1236',1,to_timestamp('06-JUN-23 05.27.59.000000000 AM','DD-MON-RR HH.MI.SSXFF AM'),1,'11112345','123456789','Tpbank',null,null,2,0);
Insert into DEVELOP.PARTNERS (ID,PARTNER_NAME,EMAIL,PHONE,ADDRESS,TYPE,IS_ACTIVE,CREATED_AT,PARTNER_CODE,CREATED_BY,UPDATED_AT,UPDATED_BY,BUSINESS_LICENSE,NUMBER_BANK,BANK_NAME,CONTACT_NAME,CONTACT_PHONE,COOPERATE,IS_DELETED) values (145,'test','test@gmail.com','0987654326',null,null,1,to_timestamp('05-JUN-23 04.03.55.000000000 AM','DD-MON-RR HH.MI.SSXFF AM'),'0000',1,to_timestamp('07-JUN-23 02.06.31.000000000 AM','DD-MON-RR HH.MI.SSXFF AM'),1,null,'0000','Tpbank',null,'0987654325',2,1);
Insert into DEVELOP.PARTNERS (ID,PARTNER_NAME,EMAIL,PHONE,ADDRESS,TYPE,IS_ACTIVE,CREATED_AT,PARTNER_CODE,CREATED_BY,UPDATED_AT,UPDATED_BY,BUSINESS_LICENSE,NUMBER_BANK,BANK_NAME,CONTACT_NAME,CONTACT_PHONE,COOPERATE,IS_DELETED) values (146,'test 1','test1@gmail.com','0987654387','123VCC',null,null,to_timestamp('05-JUN-23 04.18.59.000000000 AM','DD-MON-RR HH.MI.SSXFF AM'),'12349',1,null,null,null,'12349','Tpbank',null,null,2,1);
Insert into DEVELOP.PARTNERS (ID,PARTNER_NAME,EMAIL,PHONE,ADDRESS,TYPE,IS_ACTIVE,CREATED_AT,PARTNER_CODE,CREATED_BY,UPDATED_AT,UPDATED_BY,BUSINESS_LICENSE,NUMBER_BANK,BANK_NAME,CONTACT_NAME,CONTACT_PHONE,COOPERATE,IS_DELETED) values (147,'test2','test2@gmail.com','0987654329','123VCC',1,2,to_timestamp('05-JUN-23 05.42.00.000000000 AM','DD-MON-RR HH.MI.SSXFF AM'),'12348',1,null,null,null,'1123456789','Tpbank','Hoài','0987654325',2,1);
Insert into DEVELOP.PARTNERS (ID,PARTNER_NAME,EMAIL,PHONE,ADDRESS,TYPE,IS_ACTIVE,CREATED_AT,PARTNER_CODE,CREATED_BY,UPDATED_AT,UPDATED_BY,BUSINESS_LICENSE,NUMBER_BANK,BANK_NAME,CONTACT_NAME,CONTACT_PHONE,COOPERATE,IS_DELETED) values (161,'Công ty cổ phần dịch vụ Hà Hoa','hahoacompany@haohoa.com','0989898989','89 Tôn Thất Thuyết, Nam Từ Liêm, Hà Nội',0,1,to_timestamp('08-JUN-23 08.11.39.000000000 AM','DD-MON-RR HH.MI.SSXFF AM'),'hahoa_company',61,null,null,null,'9999999999','Ngân hàng Quân đội MBBank','E-Software','0989888888',1,0);
Insert into DEVELOP.PARTNERS (ID,PARTNER_NAME,EMAIL,PHONE,ADDRESS,TYPE,IS_ACTIVE,CREATED_AT,PARTNER_CODE,CREATED_BY,UPDATED_AT,UPDATED_BY,BUSINESS_LICENSE,NUMBER_BANK,BANK_NAME,CONTACT_NAME,CONTACT_PHONE,COOPERATE,IS_DELETED) values (99,'Doi tac 3','doitac33@gmail.com','1234567222','30 vo chi cong',1,1,to_timestamp('30-MAY-23 09.30.57.000000000 AM','DD-MON-RR HH.MI.SSXFF AM'),'32fsdfs333',null,to_timestamp('05-JUN-23 04.30.40.000000000 AM','DD-MON-RR HH.MI.SSXFF AM'),1,'11112345','423423423432','TP Bank',null,null,1,0);
Insert into DEVELOP.PARTNERS (ID,PARTNER_NAME,EMAIL,PHONE,ADDRESS,TYPE,IS_ACTIVE,CREATED_AT,PARTNER_CODE,CREATED_BY,UPDATED_AT,UPDATED_BY,BUSINESS_LICENSE,NUMBER_BANK,BANK_NAME,CONTACT_NAME,CONTACT_PHONE,COOPERATE,IS_DELETED) values (100,'Doi tac 4','doitac4@gmail.com','1234567894','32dfsfs',2,0,to_timestamp('30-MAY-23 09.30.57.000000000 AM','DD-MON-RR HH.MI.SSXFF AM'),'32fsdfs4',null,to_timestamp('30-MAY-23 09.30.57.000000000 AM','DD-MON-RR HH.MI.SSXFF AM'),null,null,null,null,null,null,null,1);
Insert into DEVELOP.PARTNERS (ID,PARTNER_NAME,EMAIL,PHONE,ADDRESS,TYPE,IS_ACTIVE,CREATED_AT,PARTNER_CODE,CREATED_BY,UPDATED_AT,UPDATED_BY,BUSINESS_LICENSE,NUMBER_BANK,BANK_NAME,CONTACT_NAME,CONTACT_PHONE,COOPERATE,IS_DELETED) values (101,'Doi tac 3','doitac3@gmail.com','1234567893','30 vo chi cong',1,2,to_timestamp('30-MAY-23 09.30.59.000000000 AM','DD-MON-RR HH.MI.SSXFF AM'),'32fsdfs3',null,to_timestamp('30-MAY-23 09.30.59.000000000 AM','DD-MON-RR HH.MI.SSXFF AM'),null,null,null,null,null,null,null,0);
Insert into DEVELOP.PARTNERS (ID,PARTNER_NAME,EMAIL,PHONE,ADDRESS,TYPE,IS_ACTIVE,CREATED_AT,PARTNER_CODE,CREATED_BY,UPDATED_AT,UPDATED_BY,BUSINESS_LICENSE,NUMBER_BANK,BANK_NAME,CONTACT_NAME,CONTACT_PHONE,COOPERATE,IS_DELETED) values (102,'Doi tac 4','doitac4@gmail.com','1234567894','32dfsfs',2,1,to_timestamp('30-MAY-23 09.30.59.000000000 AM','DD-MON-RR HH.MI.SSXFF AM'),'32fsdfs4',null,to_timestamp('30-MAY-23 09.30.59.000000000 AM','DD-MON-RR HH.MI.SSXFF AM'),null,null,null,null,null,null,null,0);
Insert into DEVELOP.PARTNERS (ID,PARTNER_NAME,EMAIL,PHONE,ADDRESS,TYPE,IS_ACTIVE,CREATED_AT,PARTNER_CODE,CREATED_BY,UPDATED_AT,UPDATED_BY,BUSINESS_LICENSE,NUMBER_BANK,BANK_NAME,CONTACT_NAME,CONTACT_PHONE,COOPERATE,IS_DELETED) values (103,'Doi tac 3','doitac3@gmail.com','1234567893','30 vo chi cong',1,1,to_timestamp('30-MAY-23 09.31.00.000000000 AM','DD-MON-RR HH.MI.SSXFF AM'),'32fsdfs3',null,to_timestamp('30-MAY-23 09.31.00.000000000 AM','DD-MON-RR HH.MI.SSXFF AM'),null,null,null,null,null,null,null,0);
Insert into DEVELOP.PARTNERS (ID,PARTNER_NAME,EMAIL,PHONE,ADDRESS,TYPE,IS_ACTIVE,CREATED_AT,PARTNER_CODE,CREATED_BY,UPDATED_AT,UPDATED_BY,BUSINESS_LICENSE,NUMBER_BANK,BANK_NAME,CONTACT_NAME,CONTACT_PHONE,COOPERATE,IS_DELETED) values (104,'Doi tac 4','doitac4@gmail.com','1234567894','32dfsfs',2,1,to_timestamp('30-MAY-23 09.31.00.000000000 AM','DD-MON-RR HH.MI.SSXFF AM'),'32fsdfs4',null,to_timestamp('30-MAY-23 09.31.00.000000000 AM','DD-MON-RR HH.MI.SSXFF AM'),null,null,null,null,null,null,null,0);
Insert into DEVELOP.PARTNERS (ID,PARTNER_NAME,EMAIL,PHONE,ADDRESS,TYPE,IS_ACTIVE,CREATED_AT,PARTNER_CODE,CREATED_BY,UPDATED_AT,UPDATED_BY,BUSINESS_LICENSE,NUMBER_BANK,BANK_NAME,CONTACT_NAME,CONTACT_PHONE,COOPERATE,IS_DELETED) values (105,'Doi tac 3','doitac3@gmail.com','1234567893','30 vo chi cong',1,1,to_timestamp('30-MAY-23 09.44.55.000000000 AM','DD-MON-RR HH.MI.SSXFF AM'),'32fsdfs3',null,to_timestamp('30-MAY-23 09.44.55.000000000 AM','DD-MON-RR HH.MI.SSXFF AM'),null,null,null,null,null,null,null,0);
Insert into DEVELOP.PARTNERS (ID,PARTNER_NAME,EMAIL,PHONE,ADDRESS,TYPE,IS_ACTIVE,CREATED_AT,PARTNER_CODE,CREATED_BY,UPDATED_AT,UPDATED_BY,BUSINESS_LICENSE,NUMBER_BANK,BANK_NAME,CONTACT_NAME,CONTACT_PHONE,COOPERATE,IS_DELETED) values (106,'Doi tac 4','doitac4@gmail.com','1234567894','32dfsfs',2,2,to_timestamp('30-MAY-23 09.44.55.000000000 AM','DD-MON-RR HH.MI.SSXFF AM'),'32fsdfs4',null,to_timestamp('30-MAY-23 09.44.55.000000000 AM','DD-MON-RR HH.MI.SSXFF AM'),null,null,null,null,null,null,null,0);
Insert into DEVELOP.PARTNERS (ID,PARTNER_NAME,EMAIL,PHONE,ADDRESS,TYPE,IS_ACTIVE,CREATED_AT,PARTNER_CODE,CREATED_BY,UPDATED_AT,UPDATED_BY,BUSINESS_LICENSE,NUMBER_BANK,BANK_NAME,CONTACT_NAME,CONTACT_PHONE,COOPERATE,IS_DELETED) values (107,'Doi tac 10','doitac13@gmail.com','0989795544','40 Đặng Thùy Trâm',2,1,to_timestamp('30-MAY-23 11.24.25.000000000 AM','DD-MON-RR HH.MI.SSXFF AM'),'34567645324',null,null,null,null,null,null,null,null,null,0);
Insert into DEVELOP.PARTNERS (ID,PARTNER_NAME,EMAIL,PHONE,ADDRESS,TYPE,IS_ACTIVE,CREATED_AT,PARTNER_CODE,CREATED_BY,UPDATED_AT,UPDATED_BY,BUSINESS_LICENSE,NUMBER_BANK,BANK_NAME,CONTACT_NAME,CONTACT_PHONE,COOPERATE,IS_DELETED) values (108,'Doi tac 111','doitac14@gmail.com','0970565544','41 Đặng Thùy Trâm',0,1,to_timestamp('30-MAY-23 11.24.25.000000000 AM','DD-MON-RR HH.MI.SSXFF AM'),'34562645324',null,to_timestamp('09-JUN-23 03.59.30.000000000 AM','DD-MON-RR HH.MI.SSXFF AM'),1,'11111111','08403243222','TP Bank',null,null,2,0);
Insert into DEVELOP.PARTNERS (ID,PARTNER_NAME,EMAIL,PHONE,ADDRESS,TYPE,IS_ACTIVE,CREATED_AT,PARTNER_CODE,CREATED_BY,UPDATED_AT,UPDATED_BY,BUSINESS_LICENSE,NUMBER_BANK,BANK_NAME,CONTACT_NAME,CONTACT_PHONE,COOPERATE,IS_DELETED) values (122,'E-soft','hoainguyen31@gmail.com','0974237009',null,null,null,to_timestamp('03-JUN-23 08.54.19.000000000 AM','DD-MON-RR HH.MI.SSXFF AM'),'12344',1,null,null,null,'1234567890','Tpbank',null,null,1,1);
Insert into DEVELOP.PARTNERS (ID,PARTNER_NAME,EMAIL,PHONE,ADDRESS,TYPE,IS_ACTIVE,CREATED_AT,PARTNER_CODE,CREATED_BY,UPDATED_AT,UPDATED_BY,BUSINESS_LICENSE,NUMBER_BANK,BANK_NAME,CONTACT_NAME,CONTACT_PHONE,COOPERATE,IS_DELETED) values (181,'Doi tac 10','doitac134@gmail.com','0989795543','40 Đặng Thùy Trâm',0,1,to_timestamp('09-JUN-23 05.28.53.000000000 PM','DD-MON-RR HH.MI.SSXFF AM'),'84329423',null,to_timestamp('09-JUN-23 05.31.41.000000000 AM','DD-MON-RR HH.MI.SSXFF AM'),1,'34567645324','35443453443','BIDV','E-Software','0989888888',1,0);
Insert into DEVELOP.PARTNERS (ID,PARTNER_NAME,EMAIL,PHONE,ADDRESS,TYPE,IS_ACTIVE,CREATED_AT,PARTNER_CODE,CREATED_BY,UPDATED_AT,UPDATED_BY,BUSINESS_LICENSE,NUMBER_BANK,BANK_NAME,CONTACT_NAME,CONTACT_PHONE,COOPERATE,IS_DELETED) values (182,'Kids','kids@gmail.com','0987654327',null,0,1,to_timestamp('09-JUN-23 06.35.14.000000000 AM','DD-MON-RR HH.MI.SSXFF AM'),'c98',65,to_timestamp('09-JUN-23 06.46.27.000000000 AM','DD-MON-RR HH.MI.SSXFF AM'),1,'22222222','0987654368','tpbank',null,null,2,1);
Insert into DEVELOP.PARTNERS (ID,PARTNER_NAME,EMAIL,PHONE,ADDRESS,TYPE,IS_ACTIVE,CREATED_AT,PARTNER_CODE,CREATED_BY,UPDATED_AT,UPDATED_BY,BUSINESS_LICENSE,NUMBER_BANK,BANK_NAME,CONTACT_NAME,CONTACT_PHONE,COOPERATE,IS_DELETED) values (183,'Bibo','bibo@gmail.com','0987654313','123VCC',0,1,to_timestamp('09-JUN-23 06.41.52.000000000 AM','DD-MON-RR HH.MI.SSXFF AM'),'ĐT 01',1,null,null,null,'0974237000','Tpbank',null,null,1,0);
Insert into DEVELOP.PARTNERS (ID,PARTNER_NAME,EMAIL,PHONE,ADDRESS,TYPE,IS_ACTIVE,CREATED_AT,PARTNER_CODE,CREATED_BY,UPDATED_AT,UPDATED_BY,BUSINESS_LICENSE,NUMBER_BANK,BANK_NAME,CONTACT_NAME,CONTACT_PHONE,COOPERATE,IS_DELETED) values (184,'Concung','concung@gmail.com','0987654314','123VCC',0,1,to_timestamp('09-JUN-23 06.47.28.000000000 AM','DD-MON-RR HH.MI.SSXFF AM'),'ĐT 03',1,null,null,null,'09742370000','Tpbank',null,null,1,1);
Insert into DEVELOP.PARTNERS (ID,PARTNER_NAME,EMAIL,PHONE,ADDRESS,TYPE,IS_ACTIVE,CREATED_AT,PARTNER_CODE,CREATED_BY,UPDATED_AT,UPDATED_BY,BUSINESS_LICENSE,NUMBER_BANK,BANK_NAME,CONTACT_NAME,CONTACT_PHONE,COOPERATE,IS_DELETED) values (185,'Concung1','concung@gmail.com','0987654123','123VCC',0,1,to_timestamp('09-JUN-23 06.49.59.000000000 AM','DD-MON-RR HH.MI.SSXFF AM'),'ĐT 03',1,to_timestamp('12-JUN-23 08.48.22.000000000 AM','DD-MON-RR HH.MI.SSXFF AM'),1,'22221','23456789','Tpbank',null,null,1,1);
Insert into DEVELOP.PARTNERS (ID,PARTNER_NAME,EMAIL,PHONE,ADDRESS,TYPE,IS_ACTIVE,CREATED_AT,PARTNER_CODE,CREATED_BY,UPDATED_AT,UPDATED_BY,BUSINESS_LICENSE,NUMBER_BANK,BANK_NAME,CONTACT_NAME,CONTACT_PHONE,COOPERATE,IS_DELETED) values (202,'Đối tác 20','doitac20@gmail.com','0948234222',null,0,2,to_timestamp('12-JUN-23 10.48.35.000000000 AM','DD-MON-RR HH.MI.SSXFF AM'),'dt20',61,null,null,'ffsdfjkuo3r','0432423940','Vietcombank',null,null,1,1);
Insert into DEVELOP.PARTNERS (ID,PARTNER_NAME,EMAIL,PHONE,ADDRESS,TYPE,IS_ACTIVE,CREATED_AT,PARTNER_CODE,CREATED_BY,UPDATED_AT,UPDATED_BY,BUSINESS_LICENSE,NUMBER_BANK,BANK_NAME,CONTACT_NAME,CONTACT_PHONE,COOPERATE,IS_DELETED) values (203,'KIDS','Kids01@gmail.com','0971234567','40 Đặng Thùy Trâm',null,1,to_timestamp('12-JUN-23 01.16.39.000000000 PM','DD-MON-RR HH.MI.SSXFF AM'),'MĐT 02',null,null,null,'234567890','123456','TECH','Linh','0971234569',1,1);
Insert into DEVELOP.PARTNERS (ID,PARTNER_NAME,EMAIL,PHONE,ADDRESS,TYPE,IS_ACTIVE,CREATED_AT,PARTNER_CODE,CREATED_BY,UPDATED_AT,UPDATED_BY,BUSINESS_LICENSE,NUMBER_BANK,BANK_NAME,CONTACT_NAME,CONTACT_PHONE,COOPERATE,IS_DELETED) values (204,'Hadilao','hadilao123@gmail.com','0245678999','Timescity',0,1,to_timestamp('12-JUN-23 01.35.33.000000000 AM','DD-MON-RR HH.MI.SSXFF AM'),'23456hh',65,null,null,'345678','200110021111','MB','234543','09876543200',3,0);
Insert into DEVELOP.PARTNERS (ID,PARTNER_NAME,EMAIL,PHONE,ADDRESS,TYPE,IS_ACTIVE,CREATED_AT,PARTNER_CODE,CREATED_BY,UPDATED_AT,UPDATED_BY,BUSINESS_LICENSE,NUMBER_BANK,BANK_NAME,CONTACT_NAME,CONTACT_PHONE,COOPERATE,IS_DELETED) values (205,'Kids','kid@gmail.com','0987654320',null,0,2,to_timestamp('12-JUN-23 02.53.37.000000000 AM','DD-MON-RR HH.MI.SSXFF AM'),'c9',65,null,null,'34567','20011002111','MB',null,null,1,1);
Insert into DEVELOP.PARTNERS (ID,PARTNER_NAME,EMAIL,PHONE,ADDRESS,TYPE,IS_ACTIVE,CREATED_AT,PARTNER_CODE,CREATED_BY,UPDATED_AT,UPDATED_BY,BUSINESS_LICENSE,NUMBER_BANK,BANK_NAME,CONTACT_NAME,CONTACT_PHONE,COOPERATE,IS_DELETED) values (206,'Concung','concung1@gmail.com','0974444444',null,0,2,to_timestamp('12-JUN-23 02.55.03.000000000 AM','DD-MON-RR HH.MI.SSXFF AM'),'11111',1,to_timestamp('15-JUN-23 11.29.13.000000000 AM','DD-MON-RR HH.MI.SSXFF AM'),61,'11111','11111','Tpbank',null,null,1,0);
Insert into DEVELOP.PARTNERS (ID,PARTNER_NAME,EMAIL,PHONE,ADDRESS,TYPE,IS_ACTIVE,CREATED_AT,PARTNER_CODE,CREATED_BY,UPDATED_AT,UPDATED_BY,BUSINESS_LICENSE,NUMBER_BANK,BANK_NAME,CONTACT_NAME,CONTACT_PHONE,COOPERATE,IS_DELETED) values (242,'Công ty Thanh Hưng','thanhhung@gmail.com','0974789456','40 Đặng Thùy Trâm',null,1,to_timestamp('19-JUN-23 04.31.07.000000000 PM','DD-MON-RR HH.MI.SSXFF AM'),'789',null,null,null,'9876','456123','BIDV','E-Software','0989888880',1,0);
Insert into DEVELOP.PARTNERS (ID,PARTNER_NAME,EMAIL,PHONE,ADDRESS,TYPE,IS_ACTIVE,CREATED_AT,PARTNER_CODE,CREATED_BY,UPDATED_AT,UPDATED_BY,BUSINESS_LICENSE,NUMBER_BANK,BANK_NAME,CONTACT_NAME,CONTACT_PHONE,COOPERATE,IS_DELETED) values (243,'Công ty Hồng Hà','hongha@gmail.com','0974789453','40 Đặng Thùy Trâm',null,1,to_timestamp('19-JUN-23 04.31.07.000000000 PM','DD-MON-RR HH.MI.SSXFF AM'),'456',null,null,null,'9875','456789','BIDV','E-Software','0989888881',2,0);
Insert into DEVELOP.PARTNERS (ID,PARTNER_NAME,EMAIL,PHONE,ADDRESS,TYPE,IS_ACTIVE,CREATED_AT,PARTNER_CODE,CREATED_BY,UPDATED_AT,UPDATED_BY,BUSINESS_LICENSE,NUMBER_BANK,BANK_NAME,CONTACT_NAME,CONTACT_PHONE,COOPERATE,IS_DELETED) values (244,'Công ty Thanh Hưng 1','thanhhung1@gmail.com','0974789455','40 Đặng Thùy Trâm',null,1,to_timestamp('19-JUN-23 04.50.12.000000000 PM','DD-MON-RR HH.MI.SSXFF AM'),'7890',null,null,null,'9874','4561234','BIDV','E-Software','0989888883',1,0);
Insert into DEVELOP.PARTNERS (ID,PARTNER_NAME,EMAIL,PHONE,ADDRESS,TYPE,IS_ACTIVE,CREATED_AT,PARTNER_CODE,CREATED_BY,UPDATED_AT,UPDATED_BY,BUSINESS_LICENSE,NUMBER_BANK,BANK_NAME,CONTACT_NAME,CONTACT_PHONE,COOPERATE,IS_DELETED) values (245,'Công ty Hồng Hà 1','hongha1@gmail.com','0974789451','40 Đặng Thùy Trâm',null,1,to_timestamp('19-JUN-23 04.50.12.000000000 PM','DD-MON-RR HH.MI.SSXFF AM'),'4560',null,null,null,'9873','4567890','BIDV','E-Software','0989888882',2,0);
Insert into DEVELOP.PARTNERS (ID,PARTNER_NAME,EMAIL,PHONE,ADDRESS,TYPE,IS_ACTIVE,CREATED_AT,PARTNER_CODE,CREATED_BY,UPDATED_AT,UPDATED_BY,BUSINESS_LICENSE,NUMBER_BANK,BANK_NAME,CONTACT_NAME,CONTACT_PHONE,COOPERATE,IS_DELETED) values (109,'Doi tac 05',null,null,null,1,2,null,'DT05',null,null,null,'retrererewrwe','42343243223','TP Bank',null,null,1,0);
Insert into DEVELOP.PARTNERS (ID,PARTNER_NAME,EMAIL,PHONE,ADDRESS,TYPE,IS_ACTIVE,CREATED_AT,PARTNER_CODE,CREATED_BY,UPDATED_AT,UPDATED_BY,BUSINESS_LICENSE,NUMBER_BANK,BANK_NAME,CONTACT_NAME,CONTACT_PHONE,COOPERATE,IS_DELETED) values (221,'E-Software','e-software@gmail.com','0984848894','30 Đặng Thùy Trâm',0,1,to_timestamp('15-JUN-23 04.52.54.000000000 AM','DD-MON-RR HH.MI.SSXFF AM'),'789ES',123,to_timestamp('15-JUN-23 04.53.34.000000000 AM','DD-MON-RR HH.MI.SSXFF AM'),123,'567DG77','200110021112','MB',null,null,3,1);
Insert into DEVELOP.PARTNERS (ID,PARTNER_NAME,EMAIL,PHONE,ADDRESS,TYPE,IS_ACTIVE,CREATED_AT,PARTNER_CODE,CREATED_BY,UPDATED_AT,UPDATED_BY,BUSINESS_LICENSE,NUMBER_BANK,BANK_NAME,CONTACT_NAME,CONTACT_PHONE,COOPERATE,IS_DELETED) values (241,'E-Soft','e-software@gmail.vn','0948484848','30 Đặng Thùy Trâm',0,1,to_timestamp('19-JUN-23 01.08.55.000000000 AM','DD-MON-RR HH.MI.SSXFF AM'),'78ES',123,to_timestamp('19-JUN-23 01.09.26.000000000 AM','DD-MON-RR HH.MI.SSXFF AM'),123,'1080234891','1809122246','MB','Mobi','0249999666',1,0);
Insert into DEVELOP.PARTNERS (ID,PARTNER_NAME,EMAIL,PHONE,ADDRESS,TYPE,IS_ACTIVE,CREATED_AT,PARTNER_CODE,CREATED_BY,UPDATED_AT,UPDATED_BY,BUSINESS_LICENSE,NUMBER_BANK,BANK_NAME,CONTACT_NAME,CONTACT_PHONE,COOPERATE,IS_DELETED) values (281,'VinGroup','vingroup@gmail.com','0229999666',null,null,1,to_timestamp('28-JUN-23 03.50.14.000000000 AM','DD-MON-RR HH.MI.SSXFF AM'),'790VG',123,null,null,'21368900','200110026886','Techcombank',null,null,2,0);
Insert into DEVELOP.PARTNERS (ID,PARTNER_NAME,EMAIL,PHONE,ADDRESS,TYPE,IS_ACTIVE,CREATED_AT,PARTNER_CODE,CREATED_BY,UPDATED_AT,UPDATED_BY,BUSINESS_LICENSE,NUMBER_BANK,BANK_NAME,CONTACT_NAME,CONTACT_PHONE,COOPERATE,IS_DELETED) values (282,'Vinmart','vinmart@gmail.com','0224999666','ocean park2',null,1,to_timestamp('28-JUN-23 03.59.59.000000000 PM','DD-MON-RR HH.MI.SSXFF AM'),'98760',null,null,null,'34510','200110028888','BIDV',null,null,1,0);
Insert into DEVELOP.PARTNERS (ID,PARTNER_NAME,EMAIL,PHONE,ADDRESS,TYPE,IS_ACTIVE,CREATED_AT,PARTNER_CODE,CREATED_BY,UPDATED_AT,UPDATED_BY,BUSINESS_LICENSE,NUMBER_BANK,BANK_NAME,CONTACT_NAME,CONTACT_PHONE,COOPERATE,IS_DELETED) values (283,'e-soft','e-soft3@gmail.com','0235890456','40 Đặng Thùy Trâm',null,1,to_timestamp('28-JUN-23 03.59.59.000000000 PM','DD-MON-RR HH.MI.SSXFF AM'),'9904',null,null,null,'998007432','190086868686','Techcombank',null,null,3,0);
REM INSERTING into DEVELOP.QUEUE_MAIL
SET DEFINE OFF;
Insert into DEVELOP.QUEUE_MAIL (CONTENT,SEND_AT,ID,IS_SEND,EMAIL,TITLE) values ('&lt;h4&gt;Kính gửi Anh/Chị,&lt;/h4&gt;

&lt;p&gt;Công việc Khảo sát công việc mới tại tòa nhà Cầu giấy - Cầu giấy đã có sự thay đổi.&lt;/p&gt;

&lt;p&gt;Le LONG đã dánh dấu hoàn thành công việc Khảo sát công việc mới&lt;/p&gt;

&lt;p&gt;Trân trọng.&lt;/p&gt;',to_timestamp('21-JUN-23 05.39.06.000000000 PM','DD-MON-RR HH.MI.SSXFF AM'),51,1,'buingocdiep2012004@gmail.com','Công Việc Có Sự Thay Đổi');
Insert into DEVELOP.QUEUE_MAIL (CONTENT,SEND_AT,ID,IS_SEND,EMAIL,TITLE) values ('&lt;h4&gt;Kính gửi Anh/Chị,&lt;/h4&gt;

&lt;p&gt;Công việc Khảo sát đã xong tại tòa nhà Metropole - Ngô Quyền đã có sự thay đổi.&lt;/p&gt;

&lt;p&gt;Le LONG đã bỏ công việc Khảo sát đã xong. Lý do: &lt;/p&gt;

&lt;p&gt;Trân trọng.&lt;/p&gt;',to_timestamp('23-JUN-23 04.27.06.000000000 PM','DD-MON-RR HH.MI.SSXFF AM'),85,1,'longlv72@wru.vn','Công Việc Có Sự Thay Đổi');
Insert into DEVELOP.QUEUE_MAIL (CONTENT,SEND_AT,ID,IS_SEND,EMAIL,TITLE) values ('&lt;h4&gt;Kính gửi Anh/Chị,&lt;/h4&gt;

&lt;p&gt;Công việc Khảo sát đã xong tại tòa nhà Metropole - Ngô Quyền đã có sự thay đổi.&lt;/p&gt;

&lt;p&gt;Le LONG(longlv199) đã chuyển trạng thái từ chờ nhận sang đang xử lý&lt;/p&gt;

&lt;p&gt;Trân trọng.&lt;/p&gt;',to_timestamp('23-JUN-23 04.28.05.000000000 PM','DD-MON-RR HH.MI.SSXFF AM'),86,1,'longlv72@wru.vn','Công Việc Có Sự Thay Đổi');
Insert into DEVELOP.QUEUE_MAIL (CONTENT,SEND_AT,ID,IS_SEND,EMAIL,TITLE) values ('&lt;h4&gt;Kính gửi Anh/Chị,&lt;/h4&gt;

&lt;p&gt;Công việc Khảo sát đã xong tại tòa nhà Metropole - Ngô Quyền đã có sự thay đổi.&lt;/p&gt;

&lt;p&gt;Le LONG đã dánh dấu hoàn thành công việc Khảo sát đã xong&lt;/p&gt;

&lt;p&gt;Trân trọng.&lt;/p&gt;',to_timestamp('23-JUN-23 04.28.07.000000000 PM','DD-MON-RR HH.MI.SSXFF AM'),87,1,'longlv72@wru.vn','Công Việc Có Sự Thay Đổi');
Insert into DEVELOP.QUEUE_MAIL (CONTENT,SEND_AT,ID,IS_SEND,EMAIL,TITLE) values ('&lt;h4&gt;Kính gửi Anh/Chị,&lt;/h4&gt;

&lt;p&gt;Công việc Khảo sát đã xong tại tòa nhà Metropole - Ngô Quyền đã có sự thay đổi.&lt;/p&gt;

&lt;p&gt;Le LONG đã dánh dấu hoàn thành công việc Khảo sát đã xong&lt;/p&gt;

&lt;p&gt;Trân trọng.&lt;/p&gt;',to_timestamp('23-JUN-23 04.35.05.000000000 PM','DD-MON-RR HH.MI.SSXFF AM'),88,1,'longlv72@wru.vn','Công Việc Có Sự Thay Đổi');
Insert into DEVELOP.QUEUE_MAIL (CONTENT,SEND_AT,ID,IS_SEND,EMAIL,TITLE) values ('&lt;h4&gt;Kính gửi Anh/Chị,&lt;/h4&gt;

&lt;p&gt;Công việc Khảo sát đã xong tại tòa nhà Metropole - Ngô Quyền đã có sự thay đổi.&lt;/p&gt;

&lt;p&gt;Le LONG đã dánh dấu hoàn thành công việc Khảo sát đã xong&lt;/p&gt;

&lt;p&gt;Trân trọng.&lt;/p&gt;',to_timestamp('23-JUN-23 04.39.05.000000000 PM','DD-MON-RR HH.MI.SSXFF AM'),91,1,'longlv72@wru.vn','Công Việc Có Sự Thay Đổi');
Insert into DEVELOP.QUEUE_MAIL (CONTENT,SEND_AT,ID,IS_SEND,EMAIL,TITLE) values ('&lt;h4&gt;Kính gửi Anh/Chị,&lt;/h4&gt;

&lt;p&gt;Anh/Chị đã được giao công việc Khảo sát công việc mới từ Ngọc Diệp.&lt;/p&gt;

&lt;p&gt;Chi tiết công việc:&lt;/p&gt;
&lt;div&gt;Khảo sát công việc mới&lt;/div&gt;
&lt;div&gt;&lt;/div&gt;
&lt;br&gt;
    
    &lt;div&gt;Địa điểm tại tòa nhà: Vincom bà triệu - bà triệu&lt;/div&gt;
&lt;br&gt;
    &lt;div&gt;Thông tin liên hệ: Nguyễn Tiến Dũng - 0742342342&lt;/div&gt;

&lt;p&gt;Trân trọng.&lt;/p&gt;',to_timestamp('23-JUN-23 05.10.06.000000000 PM','DD-MON-RR HH.MI.SSXFF AM'),92,1,'hoainguyen1@gmail.com','GIAO VIỆC MỚI');
Insert into DEVELOP.QUEUE_MAIL (CONTENT,SEND_AT,ID,IS_SEND,EMAIL,TITLE) values ('&lt;h4&gt;Kính gửi Anh/Chị,&lt;/h4&gt;

&lt;p&gt;Anh/Chị đã được giao công việc Khảo sát công việc mới từ Ngọc Diệp.&lt;/p&gt;

&lt;p&gt;Chi tiết công việc:&lt;/p&gt;
&lt;div&gt;Khảo sát công việc mới&lt;/div&gt;
&lt;div&gt;&lt;/div&gt;
&lt;br&gt;
    
    &lt;div&gt;Địa điểm tại tòa nhà: Metropole - Ngô Quyền&lt;/div&gt;
&lt;br&gt;
    &lt;div&gt;Thông tin liên hệ: Đình Văn Mỹ - 0765764654&lt;/div&gt;

&lt;p&gt;Trân trọng.&lt;/p&gt;',to_timestamp('26-JUN-23 01.32.07.000000000 PM','DD-MON-RR HH.MI.SSXFF AM'),101,1,'hoainguyen1@gmail.com','GIAO VIỆC MỚI');
Insert into DEVELOP.QUEUE_MAIL (CONTENT,SEND_AT,ID,IS_SEND,EMAIL,TITLE) values ('&lt;h4&gt;Kính gửi Anh/Chị,&lt;/h4&gt;

&lt;p&gt;Công việc Khảo sát công việc mới tại tòa nhà Metropole - Ngô Quyền đã có sự thay đổi.&lt;/p&gt;

&lt;p&gt;Nguyễn Hoài(hoai1) đã chuyển trạng thái từ chờ nhận sang đang xử lý&lt;/p&gt;

&lt;p&gt;Trân trọng.&lt;/p&gt;',to_timestamp('26-JUN-23 01.32.08.000000000 PM','DD-MON-RR HH.MI.SSXFF AM'),102,1,'buingocdiep2012004@gmail.com','Công Việc Có Sự Thay Đổi');
Insert into DEVELOP.QUEUE_MAIL (CONTENT,SEND_AT,ID,IS_SEND,EMAIL,TITLE) values ('&lt;h4&gt;Kính gửi Anh/Chị,&lt;/h4&gt;

&lt;p&gt;Công việc Khảo sát công việc mới tại tòa nhà Cầu giấy - Cầu giấy đã có sự thay đổi.&lt;/p&gt;

&lt;p&gt;Nguyễn Hoài đã dánh dấu hoàn thành công việc Khảo sát công việc mới&lt;/p&gt;

&lt;p&gt;Trân trọng.&lt;/p&gt;',to_timestamp('26-JUN-23 01.32.10.000000000 PM','DD-MON-RR HH.MI.SSXFF AM'),103,1,'longlv72@wru.vn','Công Việc Có Sự Thay Đổi');
Insert into DEVELOP.QUEUE_MAIL (CONTENT,SEND_AT,ID,IS_SEND,EMAIL,TITLE) values ('&lt;h4&gt;Kính gửi Anh/Chị,&lt;/h4&gt;

&lt;p&gt;Công việc Khảo sát công việc mới tại tòa nhà Vincom bà triệu - bà triệu đã có sự thay đổi.&lt;/p&gt;

&lt;p&gt;Nguyễn Hoài(hoai1) đã chuyển trạng thái từ chờ nhận sang đang xử lý&lt;/p&gt;

&lt;p&gt;Trân trọng.&lt;/p&gt;',to_timestamp('26-JUN-23 01.32.11.000000000 PM','DD-MON-RR HH.MI.SSXFF AM'),104,1,'buingocdiep2012004@gmail.com','Công Việc Có Sự Thay Đổi');
Insert into DEVELOP.QUEUE_MAIL (CONTENT,SEND_AT,ID,IS_SEND,EMAIL,TITLE) values ('&lt;h4&gt;Kính gửi Anh/Chị,&lt;/h4&gt;

&lt;p&gt;Công việc Khảo sát công việc mới tại tòa nhà Vincom bà triệu - bà triệu đã có sự thay đổi.&lt;/p&gt;

&lt;p&gt;Nguyễn Hoài đã dánh dấu hoàn thành công việc Khảo sát công việc mới&lt;/p&gt;

&lt;p&gt;Trân trọng.&lt;/p&gt;',to_timestamp('26-JUN-23 01.32.13.000000000 PM','DD-MON-RR HH.MI.SSXFF AM'),105,1,'buingocdiep2012004@gmail.com','Công Việc Có Sự Thay Đổi');
Insert into DEVELOP.QUEUE_MAIL (CONTENT,SEND_AT,ID,IS_SEND,EMAIL,TITLE) values ('&lt;h4&gt;Kính gửi Anh/Chị,&lt;/h4&gt;

&lt;p&gt;Công việc Khảo sát công việc mới tại tòa nhà Metropole - Ngô Quyền đã có sự thay đổi.&lt;/p&gt;

&lt;p&gt;Nguyễn Hoài đã dánh dấu hoàn thành công việc Khảo sát công việc mới&lt;/p&gt;

&lt;p&gt;Trân trọng.&lt;/p&gt;',to_timestamp('26-JUN-23 01.32.14.000000000 PM','DD-MON-RR HH.MI.SSXFF AM'),106,1,'buingocdiep2012004@gmail.com','Công Việc Có Sự Thay Đổi');
Insert into DEVELOP.QUEUE_MAIL (CONTENT,SEND_AT,ID,IS_SEND,EMAIL,TITLE) values ('&lt;h4&gt;Kính gửi Anh/Chị,&lt;/h4&gt;

&lt;p&gt;Anh/Chị đã được giao công việc Khảo sát công việc mới từ Ngọc Diệp.&lt;/p&gt;

&lt;p&gt;Chi tiết công việc:&lt;/p&gt;
&lt;div&gt;Khảo sát công việc mới&lt;/div&gt;
&lt;div&gt;&lt;/div&gt;
&lt;br&gt;
    
    &lt;div&gt;Địa điểm tại tòa nhà: Landmark72 - 30 Đặng Thuỳ Trâm&lt;/div&gt;
&lt;br&gt;
    &lt;div&gt;Thông tin liên hệ: Diệp Ngọc - 0343555916&lt;/div&gt;

&lt;p&gt;Trân trọng.&lt;/p&gt;',to_timestamp('26-JUN-23 01.32.15.000000000 PM','DD-MON-RR HH.MI.SSXFF AM'),107,1,'hoainguyen1@gmail.com','GIAO VIỆC MỚI');
Insert into DEVELOP.QUEUE_MAIL (CONTENT,SEND_AT,ID,IS_SEND,EMAIL,TITLE) values ('&lt;h4&gt;Kính gửi Anh/Chị,&lt;/h4&gt;

&lt;p&gt;Anh/Chị đã được giao công việc Khảo sát công việc mới từ Ngọc Diệp.&lt;/p&gt;

&lt;p&gt;Chi tiết công việc:&lt;/p&gt;
&lt;div&gt;Khảo sát công việc mới&lt;/div&gt;
&lt;div&gt;&lt;/div&gt;
&lt;br&gt;
    
    &lt;div&gt;Địa điểm tại tòa nhà: E-Soft - 30 Đặng Thuỳ Trâm&lt;/div&gt;
&lt;br&gt;
    &lt;div&gt;Thông tin liên hệ: Đình Văn Mỹ - 0765764654&lt;/div&gt;

&lt;p&gt;Trân trọng.&lt;/p&gt;',to_timestamp('26-JUN-23 01.32.17.000000000 PM','DD-MON-RR HH.MI.SSXFF AM'),108,1,'hoainguyen1@gmail.com','GIAO VIỆC MỚI');
Insert into DEVELOP.QUEUE_MAIL (CONTENT,SEND_AT,ID,IS_SEND,EMAIL,TITLE) values ('&lt;h4&gt;Kính gửi Anh/Chị,&lt;/h4&gt;

&lt;p&gt;Công việc Khảo sát công việc mới tại tòa nhà E-Soft - 30 Đặng Thuỳ Trâm đã có sự thay đổi.&lt;/p&gt;

&lt;p&gt;Nguyễn Hoài(hoai1) đã chuyển trạng thái từ chờ nhận sang đang xử lý&lt;/p&gt;

&lt;p&gt;Trân trọng.&lt;/p&gt;',to_timestamp('26-JUN-23 01.32.18.000000000 PM','DD-MON-RR HH.MI.SSXFF AM'),109,1,'buingocdiep2012004@gmail.com','Công Việc Có Sự Thay Đổi');
Insert into DEVELOP.QUEUE_MAIL (CONTENT,SEND_AT,ID,IS_SEND,EMAIL,TITLE) values ('&lt;h4&gt;Kính gửi Anh/Chị,&lt;/h4&gt;

&lt;p&gt;Anh/Chị đã được giao công việc  từ Nguyễn văn Admin.&lt;/p&gt;

&lt;p&gt;Chi tiết công việc:&lt;/p&gt;
&lt;div&gt;&lt;/div&gt;
&lt;div&gt;&lt;/div&gt;
&lt;br&gt;
    
    &lt;div&gt;Địa điểm tại tòa nhà: Toà M1 - 30 Đặng Thuỳ Trâm&lt;/div&gt;
&lt;br&gt;
    &lt;div&gt;Thông tin liên hệ: &lt;/div&gt;
    &lt;div&gt;Tên KH: Ngọc Vy&lt;/div&gt;
    &lt;div&gt;Số điện thoại liên hệ: 0988487099&lt;/div&gt;

&lt;p&gt;Trân trọng.&lt;/p&gt;',to_timestamp('20-JUN-23 08.18.04.000000000 PM','DD-MON-RR HH.MI.SSXFF AM'),28,1,'longlv197@gmail.com',null);
Insert into DEVELOP.QUEUE_MAIL (CONTENT,SEND_AT,ID,IS_SEND,EMAIL,TITLE) values ('&lt;h4&gt;Kính gửi Anh/Chị,&lt;/h4&gt;

&lt;p&gt;Anh/Chị đã được giao công việc  từ Nguyễn văn Admin.&lt;/p&gt;

&lt;p&gt;Chi tiết công việc:&lt;/p&gt;
&lt;div&gt;&lt;/div&gt;
&lt;div&gt;&lt;/div&gt;
&lt;br&gt;
    
    &lt;div&gt;Địa điểm tại tòa nhà: Toà M12 - 40 VCC&lt;/div&gt;
&lt;br&gt;
    &lt;div&gt;Thông tin liên hệ: &lt;/div&gt;
    &lt;div&gt;Tên KH: Bùi Diệp&lt;/div&gt;
    &lt;div&gt;Số điện thoại liên hệ: 0987654321&lt;/div&gt;

&lt;p&gt;Trân trọng.&lt;/p&gt;',to_timestamp('20-JUN-23 08.18.06.000000000 PM','DD-MON-RR HH.MI.SSXFF AM'),29,1,'longlv197@gmail.com','GIAO VIỆC MỚI');
Insert into DEVELOP.QUEUE_MAIL (CONTENT,SEND_AT,ID,IS_SEND,EMAIL,TITLE) values ('&lt;h4&gt;Kính gửi Anh/Chị,&lt;/h4&gt;

&lt;p&gt;Anh/Chị đã được giao công việc  từ Le LONG.&lt;/p&gt;

&lt;p&gt;Chi tiết công việc:&lt;/p&gt;
&lt;div&gt;&lt;/div&gt;
&lt;div&gt;&lt;/div&gt;
&lt;br&gt;
    
    &lt;div&gt;Địa điểm tại tòa nhà: Toà M12 - 40 VCC&lt;/div&gt;
&lt;br&gt;
    &lt;div&gt;Thông tin liên hệ: &lt;/div&gt;
    &lt;div&gt;Tên KH: Bùi Diệp&lt;/div&gt;
    &lt;div&gt;Số điện thoại liên hệ: 0987654321&lt;/div&gt;

&lt;p&gt;Trân trọng.&lt;/p&gt;',to_timestamp('21-JUN-23 09.43.05.000000000 AM','DD-MON-RR HH.MI.SSXFF AM'),31,1,'nguyenthuhoai31@gmail.com','GIAO VIỆC MỚI');
Insert into DEVELOP.QUEUE_MAIL (CONTENT,SEND_AT,ID,IS_SEND,EMAIL,TITLE) values ('&lt;h4&gt;Kính gửi Anh/Chị,&lt;/h4&gt;

&lt;p&gt;Công việc  tại tòa nhà Toà M12 - 40 VCC đã có sự thay đổi.&lt;/p&gt;

&lt;p&gt;Le LONG(longlv199) đã chuyển trạng thái từ chờ nhận sang đang xử lý, và thêm Thanh (PhamThanh) vào nhiệm vụ&lt;/p&gt;

&lt;p&gt;Trân trọng.&lt;/p&gt;',to_timestamp('21-JUN-23 09.43.06.000000000 AM','DD-MON-RR HH.MI.SSXFF AM'),32,1,'longlv72@wru.vn','Công Việc Có Sự Thay Đổi');
Insert into DEVELOP.QUEUE_MAIL (CONTENT,SEND_AT,ID,IS_SEND,EMAIL,TITLE) values ('&lt;h4&gt;Kính gửi Anh/Chị,&lt;/h4&gt;

&lt;p&gt;Anh/Chị đã được giao công việc  từ Le LONG.&lt;/p&gt;

&lt;p&gt;Chi tiết công việc:&lt;/p&gt;
&lt;div&gt;&lt;/div&gt;
&lt;div&gt;&lt;/div&gt;
&lt;br&gt;
    
    &lt;div&gt;Địa điểm tại tòa nhà: Toà M1 - 30 Đặng Thuỳ Trâm&lt;/div&gt;
&lt;br&gt;
    &lt;div&gt;Thông tin liên hệ: &lt;/div&gt;
    &lt;div&gt;Tên KH: Bùi Diệp - 0987654321&lt;/div&gt;

&lt;p&gt;Trân trọng.&lt;/p&gt;',to_timestamp('21-JUN-23 09.58.06.000000000 AM','DD-MON-RR HH.MI.SSXFF AM'),33,1,'longlv72@wru.vn','Công Việc Có Sự Thay Đổi');
Insert into DEVELOP.QUEUE_MAIL (CONTENT,SEND_AT,ID,IS_SEND,EMAIL,TITLE) values ('&lt;h4&gt;Kính gửi Anh/Chị,&lt;/h4&gt;

&lt;p&gt;Công việc  tại tòa nhà Toà M1 - 30 Đặng Thuỳ Trâm đã có sự thay đổi.&lt;/p&gt;

&lt;p&gt;Le LONG đã từ chối nhận việc . Lý do: ốm, mệt, không đủ sức khỏe để làm&lt;/p&gt;

&lt;p&gt;Trân trọng.&lt;/p&gt;',to_timestamp('21-JUN-23 10.06.06.000000000 AM','DD-MON-RR HH.MI.SSXFF AM'),34,1,'longlv72@wru.vn','Công Việc Có Sự Thay Đổi');
Insert into DEVELOP.QUEUE_MAIL (CONTENT,SEND_AT,ID,IS_SEND,EMAIL,TITLE) values ('&lt;h4&gt;Kính gửi Anh/Chị,&lt;/h4&gt;

&lt;p&gt;Công việc  tại tòa nhà Toà M12 - 40 VCC đã có sự thay đổi.&lt;/p&gt;

&lt;p&gt;Le LONG đã dánh dấu hoàn thành công việc Khảo sát công việc mới&lt;/p&gt;

&lt;p&gt;Trân trọng.&lt;/p&gt;',to_timestamp('21-JUN-23 10.14.05.000000000 AM','DD-MON-RR HH.MI.SSXFF AM'),35,1,'longlv72@wru.vn','Công Việc Có Sự Thay Đổi');
Insert into DEVELOP.QUEUE_MAIL (CONTENT,SEND_AT,ID,IS_SEND,EMAIL,TITLE) values ('&lt;h4&gt;Kính gửi Anh/Chị,&lt;/h4&gt;

&lt;p&gt;Anh/Chị đã được giao công việc  từ Nguyễn văn Admin.&lt;/p&gt;

&lt;p&gt;Chi tiết công việc:&lt;/p&gt;
&lt;div&gt;&lt;/div&gt;
&lt;div&gt;&lt;/div&gt;
&lt;br&gt;
    
    &lt;div&gt;Địa điểm tại tòa nhà: Toà M12 - 40 VCC&lt;/div&gt;
&lt;br&gt;
    &lt;div&gt;Thông tin liên hệ: &lt;/div&gt;
    &lt;div&gt;Tên KH: Ngọc Diệp - 0343555980&lt;/div&gt;

&lt;p&gt;Trân trọng.&lt;/p&gt;',to_timestamp('21-JUN-23 10.34.05.000000000 AM','DD-MON-RR HH.MI.SSXFF AM'),36,1,'longlv197@gmail.com','GIAO VIỆC MỚI');
Insert into DEVELOP.QUEUE_MAIL (CONTENT,SEND_AT,ID,IS_SEND,EMAIL,TITLE) values ('&lt;h4&gt;Kính gửi Anh/Chị,&lt;/h4&gt;

&lt;p&gt;Anh/Chị đã được giao công việc Khách hàng báo không biết sử dụng từ Nguyễn văn Admin.&lt;/p&gt;

&lt;p&gt;Chi tiết công việc:&lt;/p&gt;
&lt;div&gt;Khách hàng báo không biết sử dụng&lt;/div&gt;
&lt;div&gt;&lt;/div&gt;
&lt;br&gt;
    
    &lt;div&gt;Địa điểm tại tòa nhà: Sugar - 30 Đặng Thuỳ Trâm&lt;/div&gt;
&lt;br&gt;
    &lt;div&gt;Thông tin liên hệ: &lt;/div&gt;
    &lt;div&gt;Tên KH: Hoài Nguyễn - 0987654399&lt;/div&gt;

&lt;p&gt;Trân trọng.&lt;/p&gt;',to_timestamp('21-JUN-23 02.09.06.000000000 PM','DD-MON-RR HH.MI.SSXFF AM'),37,1,'longlv197@gmail.com','GIAO VIỆC MỚI');
Insert into DEVELOP.QUEUE_MAIL (CONTENT,SEND_AT,ID,IS_SEND,EMAIL,TITLE) values ('&lt;h4&gt;Kính gửi Anh/Chị,&lt;/h4&gt;

&lt;p&gt;Anh/Chị đã được giao công việc Khảo sát công việc mới từ Ngọc Diệp.&lt;/p&gt;

&lt;p&gt;Chi tiết công việc:&lt;/p&gt;
&lt;div&gt;Khảo sát công việc mới&lt;/div&gt;
&lt;div&gt;&lt;/div&gt;
&lt;br&gt;
    
    &lt;div&gt;Địa điểm tại tòa nhà: E-Soft - 30 Đặng Thuỳ Trâm&lt;/div&gt;
&lt;br&gt;
    &lt;div&gt;Thông tin liên hệ: &lt;/div&gt;
    &lt;div&gt;Tên KH: Bùi Diệp - 0987654321&lt;/div&gt;

&lt;p&gt;Trân trọng.&lt;/p&gt;',to_timestamp('21-JUN-23 04.28.05.000000000 PM','DD-MON-RR HH.MI.SSXFF AM'),38,1,'longlv197@gmail.com','GIAO VIỆC MỚI');
Insert into DEVELOP.QUEUE_MAIL (CONTENT,SEND_AT,ID,IS_SEND,EMAIL,TITLE) values ('&lt;h4&gt;Kính gửi Anh/Chị,&lt;/h4&gt;

&lt;p&gt;Công việc Khảo sát công việc mới tại tòa nhà E-Soft - 30 Đặng Thuỳ Trâm đã có sự thay đổi.&lt;/p&gt;

&lt;p&gt;&lt;/p&gt;

&lt;p&gt;Trân trọng.&lt;/p&gt;',to_timestamp('21-JUN-23 04.30.05.000000000 PM','DD-MON-RR HH.MI.SSXFF AM'),39,1,'buingocdiep2012004@gmail.com','Công Việc Có Sự Thay Đổi');
Insert into DEVELOP.QUEUE_MAIL (CONTENT,SEND_AT,ID,IS_SEND,EMAIL,TITLE) values ('&lt;h4&gt;Kính gửi Anh/Chị,&lt;/h4&gt;

&lt;p&gt;Công việc Khảo sát công việc mới tại tòa nhà E-Soft - 30 Đặng Thuỳ Trâm đã có sự thay đổi.&lt;/p&gt;

&lt;p&gt;Le LONG đã dánh dấu hoàn thành công việc Khảo sát công việc mới&lt;/p&gt;

&lt;p&gt;Trân trọng.&lt;/p&gt;',to_timestamp('21-JUN-23 04.31.05.000000000 PM','DD-MON-RR HH.MI.SSXFF AM'),40,1,'buingocdiep2012004@gmail.com','Công Việc Có Sự Thay Đổi');
Insert into DEVELOP.QUEUE_MAIL (CONTENT,SEND_AT,ID,IS_SEND,EMAIL,TITLE) values ('&lt;h4&gt;Kính gửi Anh/Chị,&lt;/h4&gt;

&lt;p&gt;Anh/Chị đã được giao công việc Khảo sát công việc mới từ Ngọc Diệp.&lt;/p&gt;

&lt;p&gt;Chi tiết công việc:&lt;/p&gt;
&lt;div&gt;Khảo sát công việc mới&lt;/div&gt;
&lt;div&gt;&lt;/div&gt;
&lt;br&gt;
    
    &lt;div&gt;Địa điểm tại tòa nhà: Cầu giấy - Cầu giấy&lt;/div&gt;
&lt;br&gt;
    &lt;div&gt;Thông tin liên hệ: &lt;/div&gt;
    &lt;div&gt;Tên KH: Bùi Diệp - 0987654321&lt;/div&gt;

&lt;p&gt;Trân trọng.&lt;/p&gt;',to_timestamp('21-JUN-23 04.32.05.000000000 PM','DD-MON-RR HH.MI.SSXFF AM'),41,1,'diep1@gmail.com','GIAO VIỆC MỚI');
Insert into DEVELOP.QUEUE_MAIL (CONTENT,SEND_AT,ID,IS_SEND,EMAIL,TITLE) values ('&lt;h4&gt;Kính gửi Anh/Chị,&lt;/h4&gt;

&lt;p&gt;Anh/Chị đã được giao công việc Khảo sát công việc mới từ Ngọc Diệp.&lt;/p&gt;

&lt;p&gt;Chi tiết công việc:&lt;/p&gt;
&lt;div&gt;Khảo sát công việc mới&lt;/div&gt;
&lt;div&gt;&lt;/div&gt;
&lt;br&gt;
    
    &lt;div&gt;Địa điểm tại tòa nhà: Cầu giấy - Cầu giấy&lt;/div&gt;
&lt;br&gt;
    &lt;div&gt;Thông tin liên hệ: &lt;/div&gt;
    &lt;div&gt;Tên KH: Bùi Diệp - 0987654321&lt;/div&gt;

&lt;p&gt;Trân trọng.&lt;/p&gt;',to_timestamp('21-JUN-23 04.33.05.000000000 PM','DD-MON-RR HH.MI.SSXFF AM'),42,1,'thongdeptrai@gmail.com','GIAO VIỆC MỚI');
Insert into DEVELOP.QUEUE_MAIL (CONTENT,SEND_AT,ID,IS_SEND,EMAIL,TITLE) values ('&lt;h4&gt;Kính gửi Anh/Chị,&lt;/h4&gt;

&lt;p&gt;Anh/Chị đã được giao công việc Khảo sát công việc mới từ Bùi Diệp.&lt;/p&gt;

&lt;p&gt;Chi tiết công việc:&lt;/p&gt;
&lt;div&gt;Khảo sát công việc mới&lt;/div&gt;
&lt;div&gt;&lt;/div&gt;
&lt;br&gt;
    
    &lt;div&gt;Địa điểm tại tòa nhà: Cầu giấy - Cầu giấy&lt;/div&gt;
&lt;br&gt;
    &lt;div&gt;Thông tin liên hệ: &lt;/div&gt;
    &lt;div&gt;Tên KH: Bùi Diệp - 0987654321&lt;/div&gt;

&lt;p&gt;Trân trọng.&lt;/p&gt;',to_timestamp('21-JUN-23 05.37.06.000000000 PM','DD-MON-RR HH.MI.SSXFF AM'),43,1,'tran@gmail.com','GIAO VIỆC MỚI');
Insert into DEVELOP.QUEUE_MAIL (CONTENT,SEND_AT,ID,IS_SEND,EMAIL,TITLE) values ('&lt;h4&gt;Kính gửi Anh/Chị,&lt;/h4&gt;

&lt;p&gt;Anh/Chị đã được giao công việc Khảo sát công việc mới từ Bùi Diệp.&lt;/p&gt;

&lt;p&gt;Chi tiết công việc:&lt;/p&gt;
&lt;div&gt;Khảo sát công việc mới&lt;/div&gt;
&lt;div&gt;&lt;/div&gt;
&lt;br&gt;
    
    &lt;div&gt;Địa điểm tại tòa nhà: Cầu giấy - Cầu giấy&lt;/div&gt;
&lt;br&gt;
    &lt;div&gt;Thông tin liên hệ: &lt;/div&gt;
    &lt;div&gt;Tên KH: Bùi Diệp - 0987654321&lt;/div&gt;

&lt;p&gt;Trân trọng.&lt;/p&gt;',to_timestamp('21-JUN-23 05.37.07.000000000 PM','DD-MON-RR HH.MI.SSXFF AM'),44,1,'ngocdiep201@gmail.com','GIAO VIỆC MỚI');
Insert into DEVELOP.QUEUE_MAIL (CONTENT,SEND_AT,ID,IS_SEND,EMAIL,TITLE) values ('&lt;h4&gt;Kính gửi Anh/Chị,&lt;/h4&gt;

&lt;p&gt;Công việc Khảo sát công việc mới tại tòa nhà Cầu giấy - Cầu giấy đã có sự thay đổi.&lt;/p&gt;

&lt;p&gt;Bùi Diệp(diepbui1) đã chuyển trạng thái từ chờ nhận sang đang xử lý, và thêm Diệp (diep), diệp a (diepngoc) vào nhiệm vụ&lt;/p&gt;

&lt;p&gt;Trân trọng.&lt;/p&gt;',to_timestamp('21-JUN-23 05.37.09.000000000 PM','DD-MON-RR HH.MI.SSXFF AM'),45,1,'buingocdiep2012004@gmail.com','Công Việc Có Sự Thay Đổi');
Insert into DEVELOP.QUEUE_MAIL (CONTENT,SEND_AT,ID,IS_SEND,EMAIL,TITLE) values ('&lt;h4&gt;Kính gửi Anh/Chị,&lt;/h4&gt;

&lt;p&gt;Công việc Khảo sát công việc mới tại tòa nhà Cầu giấy - Cầu giấy đã có sự thay đổi.&lt;/p&gt;

&lt;p&gt;&lt;/p&gt;

&lt;p&gt;Trân trọng.&lt;/p&gt;',to_timestamp('21-JUN-23 05.37.11.000000000 PM','DD-MON-RR HH.MI.SSXFF AM'),46,1,'buingocdiep2012004@gmail.com','Công Việc Có Sự Thay Đổi');
Insert into DEVELOP.QUEUE_MAIL (CONTENT,SEND_AT,ID,IS_SEND,EMAIL,TITLE) values ('&lt;h4&gt;Kính gửi Anh/Chị,&lt;/h4&gt;

&lt;p&gt;Anh/Chị đã được giao công việc Khảo sát công việc mới từ Nguyễn văn Admin.&lt;/p&gt;

&lt;p&gt;Chi tiết công việc:&lt;/p&gt;
&lt;div&gt;Khảo sát công việc mới&lt;/div&gt;
&lt;div&gt;&lt;/div&gt;
&lt;br&gt;
    
    &lt;div&gt;Địa điểm tại tòa nhà: Cầu giấy - Cầu giấy&lt;/div&gt;
&lt;br&gt;
    &lt;div&gt;Thông tin liên hệ: &lt;/div&gt;
    &lt;div&gt;Tên KH: Bùi Diệp - 0987654321&lt;/div&gt;

&lt;p&gt;Trân trọng.&lt;/p&gt;',to_timestamp('21-JUN-23 05.38.06.000000000 PM','DD-MON-RR HH.MI.SSXFF AM'),48,1,'longlv197@gmail.com','GIAO VIỆC MỚI');
Insert into DEVELOP.QUEUE_MAIL (CONTENT,SEND_AT,ID,IS_SEND,EMAIL,TITLE) values ('&lt;h4&gt;Kính gửi Anh/Chị,&lt;/h4&gt;

&lt;p&gt;Anh/Chị đã được giao công việc Khảo sát công việc mới từ Le LONG.&lt;/p&gt;

&lt;p&gt;Chi tiết công việc:&lt;/p&gt;
&lt;div&gt;Khảo sát công việc mới&lt;/div&gt;
&lt;div&gt;&lt;/div&gt;
&lt;br&gt;
    
    &lt;div&gt;Địa điểm tại tòa nhà: Cầu giấy - Cầu giấy&lt;/div&gt;
&lt;br&gt;
    &lt;div&gt;Thông tin liên hệ: &lt;/div&gt;
    &lt;div&gt;Tên KH: Bùi Diệp - 0987654321&lt;/div&gt;

&lt;p&gt;Trân trọng.&lt;/p&gt;',to_timestamp('21-JUN-23 05.38.07.000000000 PM','DD-MON-RR HH.MI.SSXFF AM'),49,1,'kienvk99@gmail.com','GIAO VIỆC MỚI');
Insert into DEVELOP.QUEUE_MAIL (CONTENT,SEND_AT,ID,IS_SEND,EMAIL,TITLE) values ('&lt;h4&gt;Kính gửi Anh/Chị,&lt;/h4&gt;

&lt;p&gt;Công việc Khảo sát công việc mới tại tòa nhà Cầu giấy - Cầu giấy đã có sự thay đổi.&lt;/p&gt;

&lt;p&gt;Le LONG(longlv199) thêm Kiên (duongkien) vào nhiệm vụ&lt;/p&gt;

&lt;p&gt;Trân trọng.&lt;/p&gt;',to_timestamp('21-JUN-23 05.38.09.000000000 PM','DD-MON-RR HH.MI.SSXFF AM'),50,1,'buingocdiep2012004@gmail.com','Công Việc Có Sự Thay Đổi');
Insert into DEVELOP.QUEUE_MAIL (CONTENT,SEND_AT,ID,IS_SEND,EMAIL,TITLE) values ('&lt;h4&gt;Kính gửi Anh/Chị,&lt;/h4&gt;

&lt;p&gt;Anh/Chị đã được giao công việc Khảo sát công việc mới từ Nguyễn văn Admin.&lt;/p&gt;

&lt;p&gt;Chi tiết công việc:&lt;/p&gt;
&lt;div&gt;Khảo sát công việc mới&lt;/div&gt;
&lt;div&gt;Khảo sát công trình tại toàn nhà MHDI&lt;/div&gt;
&lt;br&gt;
    
    &lt;div&gt;Địa điểm tại tòa nhà: Cầu giấy - Cầu giấy&lt;/div&gt;
&lt;br&gt;
    &lt;div&gt;Thông tin liên hệ: &lt;/div&gt;
    &lt;div&gt;Tên KH: Hoài Nguyễn - 0987654390&lt;/div&gt;

&lt;p&gt;Trân trọng.&lt;/p&gt;',to_timestamp('22-JUN-23 04.27.06.000000000 PM','DD-MON-RR HH.MI.SSXFF AM'),52,1,'thongnh1996@gmail.com','GIAO VIỆC MỚI');
Insert into DEVELOP.QUEUE_MAIL (CONTENT,SEND_AT,ID,IS_SEND,EMAIL,TITLE) values ('&lt;h4&gt;Kính gửi Anh/Chị,&lt;/h4&gt;

&lt;p&gt;Anh/Chị đã được giao công việc Khảo sát công việc mới từ Nguyễn Huy Thông.&lt;/p&gt;

&lt;p&gt;Chi tiết công việc:&lt;/p&gt;
&lt;div&gt;Khảo sát công việc mới&lt;/div&gt;
&lt;div&gt;Khảo sát công trình tại toàn nhà MHDI&lt;/div&gt;
&lt;br&gt;
    
    &lt;div&gt;Địa điểm tại tòa nhà: Cầu giấy - Cầu giấy&lt;/div&gt;
&lt;br&gt;
    &lt;div&gt;Thông tin liên hệ: &lt;/div&gt;
    &lt;div&gt;Tên KH: Hoài Nguyễn - 0987654390&lt;/div&gt;

&lt;p&gt;Trân trọng.&lt;/p&gt;',to_timestamp('22-JUN-23 04.35.06.000000000 PM','DD-MON-RR HH.MI.SSXFF AM'),53,1,'ngocdiep201@gmail.com','GIAO VIỆC MỚI');
Insert into DEVELOP.QUEUE_MAIL (CONTENT,SEND_AT,ID,IS_SEND,EMAIL,TITLE) values ('&lt;h4&gt;Kính gửi Anh/Chị,&lt;/h4&gt;

&lt;p&gt;Công việc Khảo sát công việc mới tại tòa nhà Cầu giấy - Cầu giấy đã có sự thay đổi.&lt;/p&gt;

&lt;p&gt;Nguyễn Huy Thông(thongnh1996) đã chuyển trạng thái từ chờ nhận sang đang xử lý, và thêm diệp a (diepngoc) vào nhiệm vụ&lt;/p&gt;

&lt;p&gt;Trân trọng.&lt;/p&gt;',to_timestamp('22-JUN-23 04.35.07.000000000 PM','DD-MON-RR HH.MI.SSXFF AM'),54,1,'longlv72@wru.vn','Công Việc Có Sự Thay Đổi');
Insert into DEVELOP.QUEUE_MAIL (CONTENT,SEND_AT,ID,IS_SEND,EMAIL,TITLE) values ('&lt;h4&gt;Kính gửi Anh/Chị,&lt;/h4&gt;

&lt;p&gt;Anh/Chị đã được giao công việc Khảo sát công việc mới từ Nguyễn Huy Thông.&lt;/p&gt;

&lt;p&gt;Chi tiết công việc:&lt;/p&gt;
&lt;div&gt;Khảo sát công việc mới&lt;/div&gt;
&lt;div&gt;Khảo sát công trình tại toàn nhà MHDI&lt;/div&gt;
&lt;br&gt;
    
    &lt;div&gt;Địa điểm tại tòa nhà: Cầu giấy - Cầu giấy&lt;/div&gt;
&lt;br&gt;
    &lt;div&gt;Thông tin liên hệ: &lt;/div&gt;
    &lt;div&gt;Tên KH: Hoài Nguyễn - 0987654390&lt;/div&gt;

&lt;p&gt;Trân trọng.&lt;/p&gt;',to_timestamp('22-JUN-23 04.40.06.000000000 PM','DD-MON-RR HH.MI.SSXFF AM'),55,1,'hoainguy@gmail.com','GIAO VIỆC MỚI');
Insert into DEVELOP.QUEUE_MAIL (CONTENT,SEND_AT,ID,IS_SEND,EMAIL,TITLE) values ('&lt;h4&gt;Kính gửi Anh/Chị,&lt;/h4&gt;

&lt;p&gt;Công việc Khảo sát công việc mới tại tòa nhà Cầu giấy - Cầu giấy đã có sự thay đổi.&lt;/p&gt;

&lt;p&gt;Nguyễn Huy Thông(thongnh1996) thêm HOÀI (hoainguyen1) vào nhiệm vụ&lt;/p&gt;

&lt;p&gt;Trân trọng.&lt;/p&gt;',to_timestamp('22-JUN-23 04.40.07.000000000 PM','DD-MON-RR HH.MI.SSXFF AM'),56,1,'longlv72@wru.vn','Công Việc Có Sự Thay Đổi');
Insert into DEVELOP.QUEUE_MAIL (CONTENT,SEND_AT,ID,IS_SEND,EMAIL,TITLE) values ('&lt;h4&gt;Kính gửi Anh/Chị,&lt;/h4&gt;

&lt;p&gt;Anh/Chị đã được giao công việc Khảo sát công việc mới từ Nguyễn Huy Thông.&lt;/p&gt;

&lt;p&gt;Chi tiết công việc:&lt;/p&gt;
&lt;div&gt;Khảo sát công việc mới&lt;/div&gt;
&lt;div&gt;Khảo sát công trình tại toàn nhà MHDI&lt;/div&gt;
&lt;br&gt;
    
    &lt;div&gt;Địa điểm tại tòa nhà: Cầu giấy - Cầu giấy&lt;/div&gt;
&lt;br&gt;
    &lt;div&gt;Thông tin liên hệ: &lt;/div&gt;
    &lt;div&gt;Tên KH: Hoài Nguyễn - 0987654390&lt;/div&gt;

&lt;p&gt;Trân trọng.&lt;/p&gt;',to_timestamp('22-JUN-23 04.41.05.000000000 PM','DD-MON-RR HH.MI.SSXFF AM'),57,1,'hoainguyen1@gmail.com','GIAO VIỆC MỚI');
Insert into DEVELOP.QUEUE_MAIL (CONTENT,SEND_AT,ID,IS_SEND,EMAIL,TITLE) values ('&lt;h4&gt;Kính gửi Anh/Chị,&lt;/h4&gt;

&lt;p&gt;Công việc  tại tòa nhà Toà M1 - 30 Đặng Thuỳ Trâm đã có sự thay đổi.&lt;/p&gt;

&lt;p&gt;&lt;/p&gt;

&lt;p&gt;Trân trọng.&lt;/p&gt;',to_timestamp('21-JUN-23 09.36.07.000000000 AM','DD-MON-RR HH.MI.SSXFF AM'),30,1,'longlv72@wru.vn','Công Việc Có Sự Thay Đổi');
Insert into DEVELOP.QUEUE_MAIL (CONTENT,SEND_AT,ID,IS_SEND,EMAIL,TITLE) values ('&lt;h4&gt;Kính gửi Anh/Chị,&lt;/h4&gt;

&lt;p&gt;Công việc Khảo sát công việc mới tại tòa nhà Cầu giấy - Cầu giấy đã có sự thay đổi.&lt;/p&gt;

&lt;p&gt;Bùi Diệp đã bỏ công việc Khảo sát công việc mới. Lý do: do suc khoe khong dam bao&lt;/p&gt;

&lt;p&gt;Trân trọng.&lt;/p&gt;',to_timestamp('21-JUN-23 05.37.12.000000000 PM','DD-MON-RR HH.MI.SSXFF AM'),47,1,'buingocdiep2012004@gmail.com','Công Việc Có Sự Thay Đổi');
Insert into DEVELOP.QUEUE_MAIL (CONTENT,SEND_AT,ID,IS_SEND,EMAIL,TITLE) values ('&lt;h4&gt;Kính gửi Anh/Chị,&lt;/h4&gt;

&lt;p&gt;Công việc Khảo sát công việc mới tại tòa nhà Cầu giấy - Cầu giấy đã có sự thay đổi.&lt;/p&gt;

&lt;p&gt;Nguyễn Huy Thông(thongnh1996) thêm Hoài (hoai1) vào nhiệm vụ&lt;/p&gt;

&lt;p&gt;Trân trọng.&lt;/p&gt;',to_timestamp('22-JUN-23 04.41.07.000000000 PM','DD-MON-RR HH.MI.SSXFF AM'),58,1,'longlv72@wru.vn','Công Việc Có Sự Thay Đổi');
Insert into DEVELOP.QUEUE_MAIL (CONTENT,SEND_AT,ID,IS_SEND,EMAIL,TITLE) values ('&lt;h4&gt;Kính gửi Anh/Chị,&lt;/h4&gt;

&lt;p&gt;Anh/Chị đã được giao công việc Khảo sát công việc mới từ Nguyễn Huy Thông.&lt;/p&gt;

&lt;p&gt;Chi tiết công việc:&lt;/p&gt;
&lt;div&gt;Khảo sát công việc mới&lt;/div&gt;
&lt;div&gt;Khảo sát công trình tại toàn nhà MHDI&lt;/div&gt;
&lt;br&gt;
    
    &lt;div&gt;Địa điểm tại tòa nhà: Cầu giấy - Cầu giấy&lt;/div&gt;
&lt;br&gt;
    &lt;div&gt;Thông tin liên hệ: &lt;/div&gt;
    &lt;div&gt;Tên KH: Hoài Nguyễn - 0987654390&lt;/div&gt;

&lt;p&gt;Trân trọng.&lt;/p&gt;',to_timestamp('22-JUN-23 04.45.05.000000000 PM','DD-MON-RR HH.MI.SSXFF AM'),59,1,'Hoainguyen31@gmail.com','GIAO VIỆC MỚI');
Insert into DEVELOP.QUEUE_MAIL (CONTENT,SEND_AT,ID,IS_SEND,EMAIL,TITLE) values ('&lt;h4&gt;Kính gửi Anh/Chị,&lt;/h4&gt;

&lt;p&gt;Công việc Khảo sát công việc mới tại tòa nhà Cầu giấy - Cầu giấy đã có sự thay đổi.&lt;/p&gt;

&lt;p&gt;Nguyễn Huy Thông(thongnh1996) thêm Thu Hoài (Hoainguyen) vào nhiệm vụ&lt;/p&gt;

&lt;p&gt;Trân trọng.&lt;/p&gt;',to_timestamp('22-JUN-23 04.45.07.000000000 PM','DD-MON-RR HH.MI.SSXFF AM'),60,1,'longlv72@wru.vn','Công Việc Có Sự Thay Đổi');
Insert into DEVELOP.QUEUE_MAIL (CONTENT,SEND_AT,ID,IS_SEND,EMAIL,TITLE) values ('&lt;h4&gt;Kính gửi Anh/Chị,&lt;/h4&gt;

&lt;p&gt;Anh/Chị đã được giao công việc Khảo sát công việc mới từ Nguyễn văn Admin.&lt;/p&gt;

&lt;p&gt;Chi tiết công việc:&lt;/p&gt;
&lt;div&gt;Khảo sát công việc mới&lt;/div&gt;
&lt;div&gt;&lt;/div&gt;
&lt;br&gt;
    
    &lt;div&gt;Địa điểm tại tòa nhà: E-Soft - 30 Đặng Thuỳ Trâm&lt;/div&gt;
&lt;br&gt;
    &lt;div&gt;Thông tin liên hệ: Hoàng Anh Dũng - 0931774666&lt;/div&gt;

&lt;p&gt;Trân trọng.&lt;/p&gt;',to_timestamp('23-JUN-23 09.44.06.000000000 AM','DD-MON-RR HH.MI.SSXFF AM'),61,1,'hoainguyen1@gmail.com','GIAO VIỆC MỚI');
Insert into DEVELOP.QUEUE_MAIL (CONTENT,SEND_AT,ID,IS_SEND,EMAIL,TITLE) values ('&lt;h4&gt;Kính gửi Anh/Chị,&lt;/h4&gt;

&lt;p&gt;Anh/Chị đã được giao công việc Khảo sát công việc mới từ Nguyễn văn Admin.&lt;/p&gt;

&lt;p&gt;Chi tiết công việc:&lt;/p&gt;
&lt;div&gt;Khảo sát công việc mới&lt;/div&gt;
&lt;div&gt;&lt;/div&gt;
&lt;br&gt;
    
    &lt;div&gt;Địa điểm tại tòa nhà: E-Soft - 30 Đặng Thuỳ Trâm&lt;/div&gt;
&lt;br&gt;
    &lt;div&gt;Thông tin liên hệ: Hoàng Anh Dũng - 0931774666&lt;/div&gt;

&lt;p&gt;Trân trọng.&lt;/p&gt;',to_timestamp('23-JUN-23 09.46.06.000000000 AM','DD-MON-RR HH.MI.SSXFF AM'),62,1,'diep1@gmail.com','GIAO VIỆC MỚI');
Insert into DEVELOP.QUEUE_MAIL (CONTENT,SEND_AT,ID,IS_SEND,EMAIL,TITLE) values ('&lt;h4&gt;Kính gửi Anh/Chị,&lt;/h4&gt;

&lt;p&gt;Anh/Chị đã được giao công việc Khảo sát công việc mới từ Nguyễn văn Admin.&lt;/p&gt;

&lt;p&gt;Chi tiết công việc:&lt;/p&gt;
&lt;div&gt;Khảo sát công việc mới&lt;/div&gt;
&lt;div&gt;&lt;/div&gt;
&lt;br&gt;
    
    &lt;div&gt;Địa điểm tại tòa nhà: E-Soft - 30 Đặng Thuỳ Trâm&lt;/div&gt;
&lt;br&gt;
    &lt;div&gt;Thông tin liên hệ: Hoàng Anh Dũng - 0931774666&lt;/div&gt;

&lt;p&gt;Trân trọng.&lt;/p&gt;',to_timestamp('23-JUN-23 09.47.05.000000000 AM','DD-MON-RR HH.MI.SSXFF AM'),63,1,'thongnh1996@gmail.com','GIAO VIỆC MỚI');
Insert into DEVELOP.QUEUE_MAIL (CONTENT,SEND_AT,ID,IS_SEND,EMAIL,TITLE) values ('&lt;h4&gt;Kính gửi Anh/Chị,&lt;/h4&gt;

&lt;p&gt;Anh/Chị đã được giao công việc Khảo sát công việc mới của khách hàng cũ từ Nguyễn văn Admin.&lt;/p&gt;

&lt;p&gt;Chi tiết công việc:&lt;/p&gt;
&lt;div&gt;Khảo sát công việc mới của khách hàng cũ&lt;/div&gt;
&lt;div&gt;khảo sat toà nhà&lt;/div&gt;
&lt;br&gt;
    
    &lt;div&gt;Địa điểm tại tòa nhà: Vincom bà triệu - bà triệu&lt;/div&gt;
&lt;br&gt;
    &lt;div&gt;Thông tin liên hệ: Hoàng Anh Dũng - 0931774666&lt;/div&gt;

&lt;p&gt;Trân trọng.&lt;/p&gt;',to_timestamp('23-JUN-23 09.49.06.000000000 AM','DD-MON-RR HH.MI.SSXFF AM'),64,1,'hiep@gmail.com','GIAO VIỆC MỚI');
Insert into DEVELOP.QUEUE_MAIL (CONTENT,SEND_AT,ID,IS_SEND,EMAIL,TITLE) values ('&lt;h4&gt;Kính gửi Anh/Chị,&lt;/h4&gt;

&lt;p&gt;Anh/Chị đã được giao công việc Khảo sát công việc mới của khách hàng cũ từ Nguyễn văn Admin.&lt;/p&gt;

&lt;p&gt;Chi tiết công việc:&lt;/p&gt;
&lt;div&gt;Khảo sát công việc mới của khách hàng cũ&lt;/div&gt;
&lt;div&gt;khảo sat toà nhà&lt;/div&gt;
&lt;br&gt;
    
    &lt;div&gt;Địa điểm tại tòa nhà: Vincom bà triệu - bà triệu&lt;/div&gt;
&lt;br&gt;
    &lt;div&gt;Thông tin liên hệ: Hoàng Anh Dũng - 0931774666&lt;/div&gt;

&lt;p&gt;Trân trọng.&lt;/p&gt;',to_timestamp('23-JUN-23 09.49.08.000000000 AM','DD-MON-RR HH.MI.SSXFF AM'),65,1,'thongnh1996@gmail.com','GIAO VIỆC MỚI');
Insert into DEVELOP.QUEUE_MAIL (CONTENT,SEND_AT,ID,IS_SEND,EMAIL,TITLE) values ('&lt;h4&gt;Kính gửi Anh/Chị,&lt;/h4&gt;

&lt;p&gt;Anh/Chị đã được giao công việc Khảo sát công việc mới từ Nguyễn văn Admin.&lt;/p&gt;

&lt;p&gt;Chi tiết công việc:&lt;/p&gt;
&lt;div&gt;Khảo sát công việc mới&lt;/div&gt;
&lt;div&gt;khảo sat toà nhà&lt;/div&gt;
&lt;br&gt;
    
    &lt;div&gt;Địa điểm tại tòa nhà: Metropole - Ngô Quyền&lt;/div&gt;
&lt;br&gt;
    &lt;div&gt;Thông tin liên hệ: Hoàng Anh Dũng - 0931774666&lt;/div&gt;

&lt;p&gt;Trân trọng.&lt;/p&gt;',to_timestamp('23-JUN-23 09.50.06.000000000 AM','DD-MON-RR HH.MI.SSXFF AM'),66,1,'thongnh1996@gmail.com','GIAO VIỆC MỚI');
Insert into DEVELOP.QUEUE_MAIL (CONTENT,SEND_AT,ID,IS_SEND,EMAIL,TITLE) values ('&lt;h4&gt;Kính gửi Anh/Chị,&lt;/h4&gt;

&lt;p&gt;Anh/Chị đã được giao công việc Khảo sát công việc mới từ Nguyễn văn Admin.&lt;/p&gt;

&lt;p&gt;Chi tiết công việc:&lt;/p&gt;
&lt;div&gt;Khảo sát công việc mới&lt;/div&gt;
&lt;div&gt;khảo sat toà nhà&lt;/div&gt;
&lt;br&gt;
    
    &lt;div&gt;Địa điểm tại tòa nhà: Royal City - Nguyễn Trãi&lt;/div&gt;
&lt;br&gt;
    &lt;div&gt;Thông tin liên hệ: Hoàng Anh Dũng - 0931774666&lt;/div&gt;

&lt;p&gt;Trân trọng.&lt;/p&gt;',to_timestamp('23-JUN-23 09.51.06.000000000 AM','DD-MON-RR HH.MI.SSXFF AM'),67,1,'thongnh1996@gmail.com','GIAO VIỆC MỚI');
Insert into DEVELOP.QUEUE_MAIL (CONTENT,SEND_AT,ID,IS_SEND,EMAIL,TITLE) values ('&lt;h4&gt;Kính gửi Anh/Chị,&lt;/h4&gt;

&lt;p&gt;Công việc Khảo sát công việc mới của khách hàng cũ tại tòa nhà Vincom bà triệu - bà triệu đã có sự thay đổi.&lt;/p&gt;

&lt;p&gt;Nguyễn Huy Thông đã từ chối nhận việc Khảo sát công việc mới của khách hàng cũ. Lý do: không khbar thi&lt;/p&gt;

&lt;p&gt;Trân trọng.&lt;/p&gt;',to_timestamp('23-JUN-23 09.52.05.000000000 AM','DD-MON-RR HH.MI.SSXFF AM'),68,1,'longlv72@wru.vn','Công Việc Có Sự Thay Đổi');
Insert into DEVELOP.QUEUE_MAIL (CONTENT,SEND_AT,ID,IS_SEND,EMAIL,TITLE) values ('&lt;h4&gt;Kính gửi Anh/Chị,&lt;/h4&gt;

&lt;p&gt;Công việc Khảo sát công việc mới tại tòa nhà Metropole - Ngô Quyền đã có sự thay đổi.&lt;/p&gt;

&lt;p&gt;&lt;/p&gt;

&lt;p&gt;Trân trọng.&lt;/p&gt;',to_timestamp('23-JUN-23 10.05.06.000000000 AM','DD-MON-RR HH.MI.SSXFF AM'),69,1,'longlv72@wru.vn','Công Việc Có Sự Thay Đổi');
Insert into DEVELOP.QUEUE_MAIL (CONTENT,SEND_AT,ID,IS_SEND,EMAIL,TITLE) values ('&lt;h4&gt;Kính gửi Anh/Chị,&lt;/h4&gt;

&lt;p&gt;Anh/Chị đã được giao công việc Khảo sát công việc mới từ Nguyễn Huy Thông.&lt;/p&gt;

&lt;p&gt;Chi tiết công việc:&lt;/p&gt;
&lt;div&gt;Khảo sát công việc mới&lt;/div&gt;
&lt;div&gt;khảo sat toà nhà&lt;/div&gt;
&lt;br&gt;
    
    &lt;div&gt;Địa điểm tại tòa nhà: Royal City - Nguyễn Trãi&lt;/div&gt;
&lt;br&gt;
    &lt;div&gt;Thông tin liên hệ: Hoàng Anh Dũng - 0931774666&lt;/div&gt;

&lt;p&gt;Trân trọng.&lt;/p&gt;',to_timestamp('23-JUN-23 10.09.05.000000000 AM','DD-MON-RR HH.MI.SSXFF AM'),70,1,'longlv197@gmail.com','GIAO VIỆC MỚI');
Insert into DEVELOP.QUEUE_MAIL (CONTENT,SEND_AT,ID,IS_SEND,EMAIL,TITLE) values ('&lt;h4&gt;Kính gửi Anh/Chị,&lt;/h4&gt;

&lt;p&gt;Công việc Khảo sát công việc mới tại tòa nhà Royal City - Nguyễn Trãi đã có sự thay đổi.&lt;/p&gt;

&lt;p&gt;Nguyễn Huy Thông(thongnh1996) đã chuyển trạng thái từ chờ nhận sang đang xử lý, và thêm LONG (longlv199) vào nhiệm vụ&lt;/p&gt;

&lt;p&gt;Trân trọng.&lt;/p&gt;',to_timestamp('23-JUN-23 10.09.07.000000000 AM','DD-MON-RR HH.MI.SSXFF AM'),71,1,'longlv72@wru.vn','Công Việc Có Sự Thay Đổi');
Insert into DEVELOP.QUEUE_MAIL (CONTENT,SEND_AT,ID,IS_SEND,EMAIL,TITLE) values ('&lt;h4&gt;Kính gửi Anh/Chị,&lt;/h4&gt;

&lt;p&gt;Công việc Khảo sát công việc mới tại tòa nhà Royal City - Nguyễn Trãi đã có sự thay đổi.&lt;/p&gt;

&lt;p&gt;Nguyễn Huy Thông đã dánh dấu hoàn thành công việc Khảo sát công việc mới&lt;/p&gt;

&lt;p&gt;Trân trọng.&lt;/p&gt;',to_timestamp('23-JUN-23 10.14.05.000000000 AM','DD-MON-RR HH.MI.SSXFF AM'),72,1,'longlv72@wru.vn','Công Việc Có Sự Thay Đổi');
Insert into DEVELOP.QUEUE_MAIL (CONTENT,SEND_AT,ID,IS_SEND,EMAIL,TITLE) values ('&lt;h4&gt;Kính gửi Anh/Chị,&lt;/h4&gt;

&lt;p&gt;Anh/Chị đã được giao công việc Khảo sát công việc mới từ Nguyễn văn Admin.&lt;/p&gt;

&lt;p&gt;Chi tiết công việc:&lt;/p&gt;
&lt;div&gt;Khảo sát công việc mới&lt;/div&gt;
&lt;div&gt;&lt;/div&gt;
&lt;br&gt;
    
    &lt;div&gt;Địa điểm tại tòa nhà: Cầu giấy - Cầu giấy&lt;/div&gt;
&lt;br&gt;
    &lt;div&gt;Thông tin liên hệ: Hoài Nguyễn - 0987654390&lt;/div&gt;

&lt;p&gt;Trân trọng.&lt;/p&gt;',to_timestamp('23-JUN-23 11.35.06.000000000 AM','DD-MON-RR HH.MI.SSXFF AM'),73,1,'thongnh1996@gmail.com','GIAO VIỆC MỚI');
Insert into DEVELOP.QUEUE_MAIL (CONTENT,SEND_AT,ID,IS_SEND,EMAIL,TITLE) values ('&lt;h4&gt;Kính gửi Anh/Chị,&lt;/h4&gt;

&lt;p&gt;Anh/Chị đã được giao công việc Khảo sát công việc mới từ Nguyễn văn Admin.&lt;/p&gt;

&lt;p&gt;Chi tiết công việc:&lt;/p&gt;
&lt;div&gt;Khảo sát công việc mới&lt;/div&gt;
&lt;div&gt;&lt;/div&gt;
&lt;br&gt;
    
    &lt;div&gt;Địa điểm tại tòa nhà: Vincom bà triệu - bà triệu&lt;/div&gt;
&lt;br&gt;
    &lt;div&gt;Thông tin liên hệ: Đình Văn Mỹ - 0765764654&lt;/div&gt;

&lt;p&gt;Trân trọng.&lt;/p&gt;',to_timestamp('23-JUN-23 11.46.07.000000000 AM','DD-MON-RR HH.MI.SSXFF AM'),74,1,'thongnh1996@gmail.com','GIAO VIỆC MỚI');
Insert into DEVELOP.QUEUE_MAIL (CONTENT,SEND_AT,ID,IS_SEND,EMAIL,TITLE) values ('&lt;h4&gt;Kính gửi Anh/Chị,&lt;/h4&gt;

&lt;p&gt;Anh/Chị đã được giao công việc Khảo sát công việc mới từ Nguyễn văn Admin.&lt;/p&gt;

&lt;p&gt;Chi tiết công việc:&lt;/p&gt;
&lt;div&gt;Khảo sát công việc mới&lt;/div&gt;
&lt;div&gt;&lt;/div&gt;
&lt;br&gt;
    
    &lt;div&gt;Địa điểm tại tòa nhà: Metropole - Ngô Quyền&lt;/div&gt;
&lt;br&gt;
    &lt;div&gt;Thông tin liên hệ: Minh Dương - 0876547802&lt;/div&gt;

&lt;p&gt;Trân trọng.&lt;/p&gt;',to_timestamp('23-JUN-23 11.55.05.000000000 AM','DD-MON-RR HH.MI.SSXFF AM'),75,1,'thongnh1996@gmail.com','GIAO VIỆC MỚI');
Insert into DEVELOP.QUEUE_MAIL (CONTENT,SEND_AT,ID,IS_SEND,EMAIL,TITLE) values ('&lt;h4&gt;Kính gửi Anh/Chị,&lt;/h4&gt;

&lt;p&gt;Anh/Chị đã được giao công việc Khảo sát công việc mới từ Nguyễn văn Admin.&lt;/p&gt;

&lt;p&gt;Chi tiết công việc:&lt;/p&gt;
&lt;div&gt;Khảo sát công việc mới&lt;/div&gt;
&lt;div&gt;&lt;/div&gt;
&lt;br&gt;
    
    &lt;div&gt;Địa điểm tại tòa nhà: Metropole - Ngô Quyền&lt;/div&gt;
&lt;br&gt;
    &lt;div&gt;Thông tin liên hệ: Hoài Nguyễn - 0987654390&lt;/div&gt;

&lt;p&gt;Trân trọng.&lt;/p&gt;',to_timestamp('23-JUN-23 01.39.05.000000000 PM','DD-MON-RR HH.MI.SSXFF AM'),76,1,'longlv197@gmail.com','GIAO VIỆC MỚI');
Insert into DEVELOP.QUEUE_MAIL (CONTENT,SEND_AT,ID,IS_SEND,EMAIL,TITLE) values ('&lt;h4&gt;Kính gửi Anh/Chị,&lt;/h4&gt;

&lt;p&gt;Công việc Khảo sát công việc mới tại tòa nhà Metropole - Ngô Quyền đã có sự thay đổi.&lt;/p&gt;

&lt;p&gt;&lt;/p&gt;

&lt;p&gt;Trân trọng.&lt;/p&gt;',to_timestamp('23-JUN-23 01.58.06.000000000 PM','DD-MON-RR HH.MI.SSXFF AM'),77,1,'longlv72@wru.vn','Công Việc Có Sự Thay Đổi');
Insert into DEVELOP.QUEUE_MAIL (CONTENT,SEND_AT,ID,IS_SEND,EMAIL,TITLE) values ('&lt;h4&gt;Kính gửi Anh/Chị,&lt;/h4&gt;

&lt;p&gt;Công việc Khảo sát công việc mới tại tòa nhà Metropole - Ngô Quyền đã có sự thay đổi.&lt;/p&gt;

&lt;p&gt;Le LONG đã dánh dấu hoàn thành công việc Khảo sát công việc mới&lt;/p&gt;

&lt;p&gt;Trân trọng.&lt;/p&gt;',to_timestamp('23-JUN-23 01.59.05.000000000 PM','DD-MON-RR HH.MI.SSXFF AM'),78,1,'longlv72@wru.vn','Công Việc Có Sự Thay Đổi');
Insert into DEVELOP.QUEUE_MAIL (CONTENT,SEND_AT,ID,IS_SEND,EMAIL,TITLE) values ('&lt;h4&gt;Kính gửi Anh/Chị,&lt;/h4&gt;

&lt;p&gt;Anh/Chị đã được giao công việc Khảo sát đã xong từ Nguyễn văn Admin.&lt;/p&gt;

&lt;p&gt;Chi tiết công việc:&lt;/p&gt;
&lt;div&gt;Khảo sát đã xong&lt;/div&gt;
&lt;div&gt;tesst create job from contract&lt;/div&gt;
&lt;br&gt;
    
    &lt;div&gt;Địa điểm tại tòa nhà: Metropole - Ngô Quyền&lt;/div&gt;
&lt;br&gt;
    &lt;div&gt;Thông tin liên hệ: Hoài Nguyễn - 0987654390&lt;/div&gt;

&lt;p&gt;Trân trọng.&lt;/p&gt;',to_timestamp('23-JUN-23 03.28.06.000000000 PM','DD-MON-RR HH.MI.SSXFF AM'),79,1,'longlv197@gmail.com','GIAO VIỆC MỚI');
Insert into DEVELOP.QUEUE_MAIL (CONTENT,SEND_AT,ID,IS_SEND,EMAIL,TITLE) values ('&lt;h4&gt;Kính gửi Anh/Chị,&lt;/h4&gt;

&lt;p&gt;Công việc Khảo sát đã xong tại tòa nhà Metropole - Ngô Quyền đã có sự thay đổi.&lt;/p&gt;

&lt;p&gt;&lt;/p&gt;

&lt;p&gt;Trân trọng.&lt;/p&gt;',to_timestamp('23-JUN-23 04.08.06.000000000 PM','DD-MON-RR HH.MI.SSXFF AM'),80,1,'longlv72@wru.vn','Công Việc Có Sự Thay Đổi');
Insert into DEVELOP.QUEUE_MAIL (CONTENT,SEND_AT,ID,IS_SEND,EMAIL,TITLE) values ('&lt;h4&gt;Kính gửi Anh/Chị,&lt;/h4&gt;

&lt;p&gt;Công việc Khảo sát đã xong tại tòa nhà Metropole - Ngô Quyền đã có sự thay đổi.&lt;/p&gt;

&lt;p&gt;Le LONG đã dánh dấu hoàn thành công việc Khảo sát đã xong&lt;/p&gt;

&lt;p&gt;Trân trọng.&lt;/p&gt;',to_timestamp('23-JUN-23 04.08.08.000000000 PM','DD-MON-RR HH.MI.SSXFF AM'),81,1,'longlv72@wru.vn','Công Việc Có Sự Thay Đổi');
Insert into DEVELOP.QUEUE_MAIL (CONTENT,SEND_AT,ID,IS_SEND,EMAIL,TITLE) values ('&lt;h4&gt;Kính gửi Anh/Chị,&lt;/h4&gt;

&lt;p&gt;Anh/Chị đã được giao công việc Khảo sát đã xong từ Nguyễn văn Admin.&lt;/p&gt;

&lt;p&gt;Chi tiết công việc:&lt;/p&gt;
&lt;div&gt;Khảo sát đã xong&lt;/div&gt;
&lt;div&gt;&lt;/div&gt;
&lt;br&gt;
    
    &lt;div&gt;Địa điểm tại tòa nhà: Metropole - Ngô Quyền&lt;/div&gt;
&lt;br&gt;
    &lt;div&gt;Thông tin liên hệ: Hoài Nguyễn - 0987654390&lt;/div&gt;

&lt;p&gt;Trân trọng.&lt;/p&gt;',to_timestamp('23-JUN-23 04.19.06.000000000 PM','DD-MON-RR HH.MI.SSXFF AM'),82,1,'longlv197@gmail.com','GIAO VIỆC MỚI');
Insert into DEVELOP.QUEUE_MAIL (CONTENT,SEND_AT,ID,IS_SEND,EMAIL,TITLE) values ('&lt;h4&gt;Kính gửi Anh/Chị,&lt;/h4&gt;

&lt;p&gt;Anh/Chị đã được giao công việc Khảo sát đã xong từ Nguyễn văn Admin.&lt;/p&gt;

&lt;p&gt;Chi tiết công việc:&lt;/p&gt;
&lt;div&gt;Khảo sát đã xong&lt;/div&gt;
&lt;div&gt;&lt;/div&gt;
&lt;br&gt;
    
    &lt;div&gt;Địa điểm tại tòa nhà: Metropole - Ngô Quyền&lt;/div&gt;
&lt;br&gt;
    &lt;div&gt;Thông tin liên hệ: Hoài Nguyễn - 0987654390&lt;/div&gt;

&lt;p&gt;Trân trọng.&lt;/p&gt;',to_timestamp('23-JUN-23 04.27.07.000000000 PM','DD-MON-RR HH.MI.SSXFF AM'),83,1,'longlv197@gmail.com','GIAO VIỆC MỚI');
Insert into DEVELOP.QUEUE_MAIL (CONTENT,SEND_AT,ID,IS_SEND,EMAIL,TITLE) values ('&lt;h4&gt;Kính gửi Anh/Chị,&lt;/h4&gt;

&lt;p&gt;Công việc Khảo sát đã xong tại tòa nhà Metropole - Ngô Quyền đã có sự thay đổi.&lt;/p&gt;

&lt;p&gt;Le LONG(longlv199) đã chuyển trạng thái từ chờ nhận sang đang xử lý&lt;/p&gt;

&lt;p&gt;Trân trọng.&lt;/p&gt;',to_timestamp('23-JUN-23 04.27.09.000000000 PM','DD-MON-RR HH.MI.SSXFF AM'),84,1,'longlv72@wru.vn','Công Việc Có Sự Thay Đổi');
Insert into DEVELOP.QUEUE_MAIL (CONTENT,SEND_AT,ID,IS_SEND,EMAIL,TITLE) values ('&lt;h4&gt;Kính gửi Anh/Chị,&lt;/h4&gt;

&lt;p&gt;Công việc Khảo sát công việc mới tại tòa nhà 30 đặng thùy trâm đã có sự thay đổi.&lt;/p&gt;

&lt;p&gt;Le LONG(longlv199) đã chuyển trạng thái từ chờ nhận sang đang xử lý&lt;/p&gt;

&lt;p&gt;Trân trọng.&lt;/p&gt;',to_timestamp('28-JUN-23 10.23.06.000000000 AM','DD-MON-RR HH.MI.SSXFF AM'),133,1,'longlv72@wru.vn','Công Việc Có Sự Thay Đổi');
Insert into DEVELOP.QUEUE_MAIL (CONTENT,SEND_AT,ID,IS_SEND,EMAIL,TITLE) values ('&lt;h4&gt;Kính gửi Anh/Chị,&lt;/h4&gt;

&lt;p&gt;Công việc Khảo sát công việc mới tại 30 đặng thùy trâm đã có sự thay đổi.&lt;/p&gt;

&lt;p&gt;Le LONG đã dánh dấu hoàn thành công việc Khảo sát công việc mới&lt;/p&gt;

&lt;p&gt;Trân trọng.&lt;/p&gt;',to_timestamp('28-JUN-23 10.43.06.000000000 AM','DD-MON-RR HH.MI.SSXFF AM'),136,1,'longlv72@wru.vn','Công Việc Có Sự Thay Đổi');
Insert into DEVELOP.QUEUE_MAIL (CONTENT,SEND_AT,ID,IS_SEND,EMAIL,TITLE) values ('&lt;h4&gt;Kính gửi Anh/Chị,&lt;/h4&gt;

&lt;p&gt;Anh/Chị đã được giao công việc Khảo sát công việc mới của khách hàng cũ từ Le LONG.&lt;/p&gt;

&lt;p&gt;Chi tiết công việc:&lt;/p&gt;
&lt;div&gt;Khảo sát công việc mới của khách hàng cũ&lt;/div&gt;
&lt;div&gt;&lt;/div&gt;
&lt;br&gt;
    
    &lt;div&gt;Địa điểm tại: tòa nhà Vincom bà triệu bà triệu&lt;/div&gt;
&lt;br&gt;
    &lt;div&gt;Thông tin liên hệ: Ngọc Vy - 0988487099&lt;/div&gt;

&lt;p&gt;Trân trọng.&lt;/p&gt;',to_timestamp('28-JUN-23 10.43.08.000000000 AM','DD-MON-RR HH.MI.SSXFF AM'),137,1,'mylinh01@gmail.com','GIAO VIỆC MỚI');
Insert into DEVELOP.QUEUE_MAIL (CONTENT,SEND_AT,ID,IS_SEND,EMAIL,TITLE) values ('&lt;h4&gt;Kính gửi Anh/Chị,&lt;/h4&gt;

&lt;p&gt;Công việc Khảo sát công việc mới của khách hàng cũ tại tòa nhà Vincom bà triệu bà triệu đã có sự thay đổi.&lt;/p&gt;

&lt;p&gt;Le LONG(longlv199) thêm Mỹ Linh (mylinh01) vào nhiệm vụ&lt;/p&gt;

&lt;p&gt;Trân trọng.&lt;/p&gt;',to_timestamp('28-JUN-23 10.43.09.000000000 AM','DD-MON-RR HH.MI.SSXFF AM'),138,1,'longlv72@wru.vn','Công Việc Có Sự Thay Đổi');
Insert into DEVELOP.QUEUE_MAIL (CONTENT,SEND_AT,ID,IS_SEND,EMAIL,TITLE) values ('&lt;h4&gt;Kính gửi Anh/Chị,&lt;/h4&gt;

&lt;p&gt;Công việc Lắp đặt mới tại 30 đặng thùy trâm đã có sự thay đổi.&lt;/p&gt;

&lt;p&gt;Nguyễn Hoài(hoai1) đã chuyển trạng thái từ chờ nhận sang đang xử lý&lt;/p&gt;

&lt;p&gt;Trân trọng.&lt;/p&gt;',to_timestamp('28-JUN-23 11.02.05.000000000 AM','DD-MON-RR HH.MI.SSXFF AM'),139,1,'buingocdiep2012004@gmail.com','Công Việc Có Sự Thay Đổi');
Insert into DEVELOP.QUEUE_MAIL (CONTENT,SEND_AT,ID,IS_SEND,EMAIL,TITLE) values ('&lt;h4&gt;Kính gửi Anh/Chị,&lt;/h4&gt;

&lt;p&gt;Anh/Chị đã được giao công việc Khảo sát công việc mới từ Nguyễn văn Admin.&lt;/p&gt;

&lt;p&gt;Chi tiết công việc:&lt;/p&gt;
&lt;div&gt;Khảo sát công việc mới&lt;/div&gt;
&lt;div&gt;&lt;/div&gt;
&lt;br&gt;
&lt;br&gt;
    &lt;div&gt;Thông tin liên hệ: Đình Văn Mỹ - 0765764654&lt;/div&gt;

&lt;p&gt;Trân trọng.&lt;/p&gt;',to_timestamp('28-JUN-23 11.23.06.000000000 AM','DD-MON-RR HH.MI.SSXFF AM'),140,1,'longlv197@gmail.com','GIAO VIỆC MỚI');
Insert into DEVELOP.QUEUE_MAIL (CONTENT,SEND_AT,ID,IS_SEND,EMAIL,TITLE) values ('&lt;h4&gt;Kính gửi Anh/Chị,&lt;/h4&gt;

&lt;p&gt;Công việc Lắp đặt mới tại 30 đặng thùy trâm đã có sự thay đổi.&lt;/p&gt;

&lt;p&gt;Nguyễn Hoài đã dánh dấu hoàn thành công việc Lắp đặt mới&lt;/p&gt;

&lt;p&gt;Trân trọng.&lt;/p&gt;',to_timestamp('28-JUN-23 11.51.06.000000000 AM','DD-MON-RR HH.MI.SSXFF AM'),141,1,'buingocdiep2012004@gmail.com','Công Việc Có Sự Thay Đổi');
Insert into DEVELOP.QUEUE_MAIL (CONTENT,SEND_AT,ID,IS_SEND,EMAIL,TITLE) values ('&lt;h4&gt;Kính gửi Anh/Chị,&lt;/h4&gt;

&lt;p&gt;Anh/Chị đã được giao công việc Khảo sát đã xong từ Nguyễn văn Admin.&lt;/p&gt;

&lt;p&gt;Chi tiết công việc:&lt;/p&gt;
&lt;div&gt;Khảo sát đã xong&lt;/div&gt;
&lt;div&gt;&lt;/div&gt;
&lt;br&gt;
&lt;br&gt;
    &lt;div&gt;Thông tin liên hệ: Đình Văn Mỹ - 0765764654&lt;/div&gt;

&lt;p&gt;Trân trọng.&lt;/p&gt;',to_timestamp('28-JUN-23 11.55.06.000000000 AM','DD-MON-RR HH.MI.SSXFF AM'),142,1,'longlv197@gmail.com','GIAO VIỆC MỚI');
Insert into DEVELOP.QUEUE_MAIL (CONTENT,SEND_AT,ID,IS_SEND,EMAIL,TITLE) values ('&lt;h4&gt;Kính gửi Anh/Chị,&lt;/h4&gt;

&lt;p&gt;Anh/Chị đã được giao công việc Khảo sát đã xong từ Nguyễn văn Admin.&lt;/p&gt;

&lt;p&gt;Chi tiết công việc:&lt;/p&gt;
&lt;div&gt;Khảo sát đã xong&lt;/div&gt;
&lt;div&gt;&lt;/div&gt;
&lt;br&gt;
&lt;br&gt;
    &lt;div&gt;Thông tin liên hệ: Đình Văn Mỹ - 0765764654&lt;/div&gt;

&lt;p&gt;Trân trọng.&lt;/p&gt;',to_timestamp('28-JUN-23 11.59.06.000000000 AM','DD-MON-RR HH.MI.SSXFF AM'),143,1,'longlv197@gmail.com','GIAO VIỆC MỚI');
Insert into DEVELOP.QUEUE_MAIL (CONTENT,SEND_AT,ID,IS_SEND,EMAIL,TITLE) values ('&lt;h4&gt;Kính gửi Anh/Chị,&lt;/h4&gt;

&lt;p&gt;Anh/Chị đã được giao công việc Lắp đặt mới từ Ngọc Diệp.&lt;/p&gt;

&lt;p&gt;Chi tiết công việc:&lt;/p&gt;
&lt;div&gt;Lắp đặt mới&lt;/div&gt;
&lt;div&gt;&lt;/div&gt;
&lt;br&gt;
    
    &lt;div&gt;Địa điểm tại: tòa nhà Royal City Nguyễn Trãi&lt;/div&gt;
&lt;br&gt;
    &lt;div&gt;Thông tin liên hệ: Đình Văn Mỹ - 0765764654&lt;/div&gt;

&lt;p&gt;Trân trọng.&lt;/p&gt;',to_timestamp('28-JUN-23 01.08.10.000000000 PM','DD-MON-RR HH.MI.SSXFF AM'),144,1,'hoainguyen1@gmail.com','GIAO VIỆC MỚI');
Insert into DEVELOP.QUEUE_MAIL (CONTENT,SEND_AT,ID,IS_SEND,EMAIL,TITLE) values ('&lt;h4&gt;Kính gửi Anh/Chị,&lt;/h4&gt;

&lt;p&gt;Công việc Lắp đặt mới tại tòa nhà Royal City Nguyễn Trãi đã có sự thay đổi.&lt;/p&gt;

&lt;p&gt;Nguyễn Hoài(hoai1) đã chuyển trạng thái từ chờ nhận sang đang xử lý&lt;/p&gt;

&lt;p&gt;Trân trọng.&lt;/p&gt;',to_timestamp('28-JUN-23 01.09.06.000000000 PM','DD-MON-RR HH.MI.SSXFF AM'),145,1,'buingocdiep2012004@gmail.com','Công Việc Có Sự Thay Đổi');
Insert into DEVELOP.QUEUE_MAIL (CONTENT,SEND_AT,ID,IS_SEND,EMAIL,TITLE) values ('&lt;h4&gt;Kính gửi Anh/Chị,&lt;/h4&gt;

&lt;p&gt;Anh/Chị đã được giao công việc Lắp đặt mới từ Ngọc Diệp.&lt;/p&gt;

&lt;p&gt;Chi tiết công việc:&lt;/p&gt;
&lt;div&gt;Lắp đặt mới&lt;/div&gt;
&lt;div&gt;&lt;/div&gt;
&lt;br&gt;
    
    &lt;div&gt;Địa điểm tại: tòa nhà Hạ Long Quảng Ninh&lt;/div&gt;
&lt;br&gt;
    &lt;div&gt;Thông tin liên hệ: Minh Dương - 0876547802&lt;/div&gt;

&lt;p&gt;Trân trọng.&lt;/p&gt;',to_timestamp('28-JUN-23 01.10.05.000000000 PM','DD-MON-RR HH.MI.SSXFF AM'),146,1,'hoainguyen1@gmail.com','GIAO VIỆC MỚI');
Insert into DEVELOP.QUEUE_MAIL (CONTENT,SEND_AT,ID,IS_SEND,EMAIL,TITLE) values ('&lt;h4&gt;Kính gửi Anh/Chị,&lt;/h4&gt;

&lt;p&gt;Anh/Chị đã được giao công việc Khảo sát công việc mới từ Nguyễn văn Admin.&lt;/p&gt;

&lt;p&gt;Chi tiết công việc:&lt;/p&gt;
&lt;div&gt;Khảo sát công việc mới&lt;/div&gt;
&lt;div&gt;test&lt;/div&gt;
&lt;br&gt;
    
    &lt;div&gt;Địa điểm tại: tòa nhà Royal City Nguyễn Trãi&lt;/div&gt;
&lt;br&gt;
    &lt;div&gt;Thông tin liên hệ: Minh Dương - 0876547802&lt;/div&gt;

&lt;p&gt;Trân trọng.&lt;/p&gt;',to_timestamp('28-JUN-23 01.28.05.000000000 PM','DD-MON-RR HH.MI.SSXFF AM'),148,1,'thongnh1996@gmail.com','GIAO VIỆC MỚI');
Insert into DEVELOP.QUEUE_MAIL (CONTENT,SEND_AT,ID,IS_SEND,EMAIL,TITLE) values ('&lt;h4&gt;Kính gửi Anh/Chị,&lt;/h4&gt;

&lt;p&gt;Anh/Chị đã được giao công việc Khảo sát công việc mới từ Nguyễn văn Admin.&lt;/p&gt;

&lt;p&gt;Chi tiết công việc:&lt;/p&gt;
&lt;div&gt;Khảo sát công việc mới&lt;/div&gt;
&lt;div&gt;test&lt;/div&gt;
&lt;br&gt;
    
    &lt;div&gt;Địa điểm tại: tòa nhà Royal City Nguyễn Trãi&lt;/div&gt;
&lt;br&gt;
    &lt;div&gt;Thông tin liên hệ: Minh Dương - 0876547802&lt;/div&gt;

&lt;p&gt;Trân trọng.&lt;/p&gt;',to_timestamp('28-JUN-23 01.28.07.000000000 PM','DD-MON-RR HH.MI.SSXFF AM'),149,1,'longlv197@gmail.com','GIAO VIỆC MỚI');
Insert into DEVELOP.QUEUE_MAIL (CONTENT,SEND_AT,ID,IS_SEND,EMAIL,TITLE) values ('&lt;h4&gt;Kính gửi Anh/Chị,&lt;/h4&gt;

&lt;p&gt;Công việc Khảo sát công việc mới tại tòa nhà Royal City Nguyễn Trãi đã có sự thay đổi.&lt;/p&gt;

&lt;p&gt;Le LONG(longlv199) đã chuyển trạng thái từ chờ nhận sang đang xử lý&lt;/p&gt;

&lt;p&gt;Trân trọng.&lt;/p&gt;',to_timestamp('28-JUN-23 01.32.07.000000000 PM','DD-MON-RR HH.MI.SSXFF AM'),150,1,'longlv72@wru.vn','Công Việc Có Sự Thay Đổi');
Insert into DEVELOP.QUEUE_MAIL (CONTENT,SEND_AT,ID,IS_SEND,EMAIL,TITLE) values ('&lt;h4&gt;Kính gửi Anh/Chị,&lt;/h4&gt;

&lt;p&gt;Công việc Khảo sát công việc mới tại tòa nhà Royal City Nguyễn Trãi đã có sự thay đổi.&lt;/p&gt;

&lt;p&gt;Le LONG đã dánh dấu hoàn thành công việc Khảo sát công việc mới&lt;/p&gt;

&lt;p&gt;Trân trọng.&lt;/p&gt;',to_timestamp('28-JUN-23 01.32.08.000000000 PM','DD-MON-RR HH.MI.SSXFF AM'),151,1,'longlv72@wru.vn','Công Việc Có Sự Thay Đổi');
Insert into DEVELOP.QUEUE_MAIL (CONTENT,SEND_AT,ID,IS_SEND,EMAIL,TITLE) values ('&lt;h4&gt;Kính gửi Anh/Chị,&lt;/h4&gt;

&lt;p&gt;Công việc Lắp đặt mới tại tòa nhà Royal City Nguyễn Trãi đã có sự thay đổi.&lt;/p&gt;

&lt;p&gt;Nguyễn Hoài(hoai1) đã chuyển trạng thái từ chờ nhận sang đang xử lý&lt;/p&gt;

&lt;p&gt;Trân trọng.&lt;/p&gt;',to_timestamp('28-JUN-23 04.16.06.000000000 PM','DD-MON-RR HH.MI.SSXFF AM'),159,1,'buingocdiep2012004@gmail.com','Công Việc Có Sự Thay Đổi');
Insert into DEVELOP.QUEUE_MAIL (CONTENT,SEND_AT,ID,IS_SEND,EMAIL,TITLE) values ('&lt;h4&gt;Kính gửi Anh/Chị,&lt;/h4&gt;

&lt;p&gt;Công việc Khách hàng báo lỗi tại 30 đặng thùy trâm đã có sự thay đổi.&lt;/p&gt;

&lt;p&gt;Nguyễn Hoài(hoai1) đã chuyển trạng thái từ chờ nhận sang đang xử lý&lt;/p&gt;

&lt;p&gt;Trân trọng.&lt;/p&gt;',to_timestamp('30-JUN-23 01.44.05.000000000 PM','DD-MON-RR HH.MI.SSXFF AM'),177,1,'buingocdiep2012004@gmail.com','Công Việc Có Sự Thay Đổi');
Insert into DEVELOP.QUEUE_MAIL (CONTENT,SEND_AT,ID,IS_SEND,EMAIL,TITLE) values ('&lt;h4&gt;Kính gửi Anh/Chị,&lt;/h4&gt;

&lt;p&gt;Anh/Chị đã được giao công việc Khách hàng báo lỗi từ Nguyễn Hoài.&lt;/p&gt;

&lt;p&gt;Chi tiết công việc:&lt;/p&gt;
&lt;div&gt;Khách hàng báo lỗi&lt;/div&gt;
&lt;div&gt;&lt;/div&gt;
&lt;br&gt;
    
    &lt;div&gt;Địa điểm tại: 30 đặng thùy trâm&lt;/div&gt;
&lt;br&gt;
    &lt;div&gt;Thông tin liên hệ: Đình Văn Mỹ - 0765764654&lt;/div&gt;

&lt;p&gt;Trân trọng.&lt;/p&gt;',to_timestamp('30-JUN-23 01.47.04.000000000 PM','DD-MON-RR HH.MI.SSXFF AM'),178,1,'longlv197@gmail.com','GIAO VIỆC MỚI');
Insert into DEVELOP.QUEUE_MAIL (CONTENT,SEND_AT,ID,IS_SEND,EMAIL,TITLE) values ('&lt;h4&gt;Kính gửi Anh/Chị,&lt;/h4&gt;

&lt;p&gt;Công việc Khách hàng báo lỗi tại 30 đặng thùy trâm đã có sự thay đổi.&lt;/p&gt;

&lt;p&gt;Nguyễn Hoài(hoai1) thêm Long (longlv199) vào nhiệm vụ&lt;/p&gt;

&lt;p&gt;Trân trọng.&lt;/p&gt;',to_timestamp('30-JUN-23 01.47.05.000000000 PM','DD-MON-RR HH.MI.SSXFF AM'),179,1,'buingocdiep2012004@gmail.com','Công Việc Có Sự Thay Đổi');
Insert into DEVELOP.QUEUE_MAIL (CONTENT,SEND_AT,ID,IS_SEND,EMAIL,TITLE) values ('&lt;h4&gt;Kính gửi Anh/Chị,&lt;/h4&gt;

&lt;p&gt;Anh/Chị đã được giao công việc Xử lý sự cố cho công việc đã hoàn thành từ Ngọc Diệp.&lt;/p&gt;

&lt;p&gt;Chi tiết công việc:&lt;/p&gt;
&lt;div&gt;Xử lý sự cố cho công việc đã hoàn thành&lt;/div&gt;
&lt;div&gt;&lt;/div&gt;
&lt;br&gt;
    
    &lt;div&gt;Địa điểm tại: tòa nhà Tràng Tiền Plaza 24 Hai Bà Trưng&lt;/div&gt;
&lt;br&gt;
    &lt;div&gt;Thông tin liên hệ: Hoài Nguyễn - 0987654390&lt;/div&gt;

&lt;p&gt;Trân trọng.&lt;/p&gt;',to_timestamp('01-JUL-23 10.00.05.000000000 AM','DD-MON-RR HH.MI.SSXFF AM'),185,1,'hoainguyen1@gmail.com','GIAO VIỆC MỚI');
Insert into DEVELOP.QUEUE_MAIL (CONTENT,SEND_AT,ID,IS_SEND,EMAIL,TITLE) values ('&lt;h4&gt;Kính gửi Anh/Chị,&lt;/h4&gt;

&lt;p&gt;Anh/Chị đã được giao công việc Khách hàng báo lỗi từ Nguyễn Hoài.&lt;/p&gt;

&lt;p&gt;Chi tiết công việc:&lt;/p&gt;
&lt;div&gt;Khách hàng báo lỗi&lt;/div&gt;
&lt;div&gt;&lt;/div&gt;
&lt;br&gt;
    
    &lt;div&gt;Địa điểm tại: 30 đặng thùy trâm&lt;/div&gt;
&lt;br&gt;
    &lt;div&gt;Thông tin liên hệ: Đình Văn Mỹ - 0765764654&lt;/div&gt;

&lt;p&gt;Trân trọng.&lt;/p&gt;',to_timestamp('01-JUL-23 11.21.05.000000000 AM','DD-MON-RR HH.MI.SSXFF AM'),190,1,'diep1@gmail.com','GIAO VIỆC MỚI');
Insert into DEVELOP.QUEUE_MAIL (CONTENT,SEND_AT,ID,IS_SEND,EMAIL,TITLE) values ('&lt;h4&gt;Kính gửi Anh/Chị,&lt;/h4&gt;

&lt;p&gt;Công việc Khách hàng báo lỗi tại 30 đặng thùy trâm đã có sự thay đổi.&lt;/p&gt;

&lt;p&gt;Nguyễn Hoài(hoai1) thêm Diệp (diepbui1) vào nhiệm vụ&lt;/p&gt;

&lt;p&gt;Trân trọng.&lt;/p&gt;',to_timestamp('01-JUL-23 11.21.06.000000000 AM','DD-MON-RR HH.MI.SSXFF AM'),191,1,'buingocdiep2012004@gmail.com','Công Việc Có Sự Thay Đổi');
Insert into DEVELOP.QUEUE_MAIL (CONTENT,SEND_AT,ID,IS_SEND,EMAIL,TITLE) values ('&lt;h4&gt;Kính gửi Anh/Chị,&lt;/h4&gt;

&lt;p&gt;Công việc Khảo sát công việc mới tại tòa nhà E-Soft - 30 Đặng Thuỳ Trâm đã có sự thay đổi.&lt;/p&gt;

&lt;p&gt;Nguyễn Hoài đã dánh dấu hoàn thành công việc Khảo sát công việc mới&lt;/p&gt;

&lt;p&gt;Trân trọng.&lt;/p&gt;',to_timestamp('26-JUN-23 01.32.20.000000000 PM','DD-MON-RR HH.MI.SSXFF AM'),110,1,'buingocdiep2012004@gmail.com','Công Việc Có Sự Thay Đổi');
Insert into DEVELOP.QUEUE_MAIL (CONTENT,SEND_AT,ID,IS_SEND,EMAIL,TITLE) values ('&lt;h4&gt;Kính gửi Anh/Chị,&lt;/h4&gt;

&lt;p&gt;Anh/Chị đã được giao công việc Lắp đặt mới từ Ngọc Diệp.&lt;/p&gt;

&lt;p&gt;Chi tiết công việc:&lt;/p&gt;
&lt;div&gt;Lắp đặt mới&lt;/div&gt;
&lt;div&gt;&lt;/div&gt;
&lt;br&gt;
    
    &lt;div&gt;Địa điểm tại tòa nhà: E-Soft - 30 Đặng Thuỳ Trâm&lt;/div&gt;
&lt;br&gt;
    &lt;div&gt;Thông tin liên hệ: Đình Văn Mỹ - 0765764654&lt;/div&gt;

&lt;p&gt;Trân trọng.&lt;/p&gt;',to_timestamp('26-JUN-23 01.32.21.000000000 PM','DD-MON-RR HH.MI.SSXFF AM'),111,1,'hoainguyen1@gmail.com','GIAO VIỆC MỚI');
Insert into DEVELOP.QUEUE_MAIL (CONTENT,SEND_AT,ID,IS_SEND,EMAIL,TITLE) values ('&lt;h4&gt;Kính gửi Anh/Chị,&lt;/h4&gt;

&lt;p&gt;Công việc Lắp đặt mới tại tòa nhà E-Soft - 30 Đặng Thuỳ Trâm đã có sự thay đổi.&lt;/p&gt;

&lt;p&gt;Nguyễn Hoài(hoai1) đã chuyển trạng thái từ chờ nhận sang đang xử lý&lt;/p&gt;

&lt;p&gt;Trân trọng.&lt;/p&gt;',to_timestamp('26-JUN-23 01.32.23.000000000 PM','DD-MON-RR HH.MI.SSXFF AM'),112,1,'buingocdiep2012004@gmail.com','Công Việc Có Sự Thay Đổi');
Insert into DEVELOP.QUEUE_MAIL (CONTENT,SEND_AT,ID,IS_SEND,EMAIL,TITLE) values ('&lt;h4&gt;Kính gửi Anh/Chị,&lt;/h4&gt;

&lt;p&gt;Công việc Lắp đặt mới tại tòa nhà E-Soft - 30 Đặng Thuỳ Trâm đã có sự thay đổi.&lt;/p&gt;

&lt;p&gt;Nguyễn Hoài đã dánh dấu hoàn thành công việc Lắp đặt mới&lt;/p&gt;

&lt;p&gt;Trân trọng.&lt;/p&gt;',to_timestamp('26-JUN-23 01.32.25.000000000 PM','DD-MON-RR HH.MI.SSXFF AM'),113,1,'buingocdiep2012004@gmail.com','Công Việc Có Sự Thay Đổi');
Insert into DEVELOP.QUEUE_MAIL (CONTENT,SEND_AT,ID,IS_SEND,EMAIL,TITLE) values ('&lt;h4&gt;Kính gửi Anh/Chị,&lt;/h4&gt;

&lt;p&gt;Anh/Chị đã được giao công việc Khảo sát công việc mới từ Nguyễn văn Admin.&lt;/p&gt;

&lt;p&gt;Chi tiết công việc:&lt;/p&gt;
&lt;div&gt;Khảo sát công việc mới&lt;/div&gt;
&lt;div&gt;khảo sát lắp đặt mạng cáp quang mới&lt;/div&gt;
&lt;br&gt;
    
    &lt;div&gt;Địa điểm tại: tòa nhàHạ Long Quảng Ninh&lt;/div&gt;
&lt;br&gt;
    &lt;div&gt;Thông tin liên hệ: Hoài Nguyễn - 0987654390&lt;/div&gt;

&lt;p&gt;Trân trọng.&lt;/p&gt;',to_timestamp('28-JUN-23 10.38.05.000000000 AM','DD-MON-RR HH.MI.SSXFF AM'),134,1,'thongnh1996@gmail.com','GIAO VIỆC MỚI');
Insert into DEVELOP.QUEUE_MAIL (CONTENT,SEND_AT,ID,IS_SEND,EMAIL,TITLE) values ('&lt;h4&gt;Kính gửi Anh/Chị,&lt;/h4&gt;

&lt;p&gt;Anh/Chị đã được giao công việc Khảo sát công việc mới từ Nguyễn văn Admin.&lt;/p&gt;

&lt;p&gt;Chi tiết công việc:&lt;/p&gt;
&lt;div&gt;Khảo sát công việc mới&lt;/div&gt;
&lt;div&gt;khảo sát lắp đặt mạng cáp quang mới&lt;/div&gt;
&lt;br&gt;
    
    &lt;div&gt;Địa điểm tại: tòa nhàHạ Long Quảng Ninh&lt;/div&gt;
&lt;br&gt;
    &lt;div&gt;Thông tin liên hệ: Hoài Nguyễn - 0987654390&lt;/div&gt;

&lt;p&gt;Trân trọng.&lt;/p&gt;',to_timestamp('28-JUN-23 10.38.07.000000000 AM','DD-MON-RR HH.MI.SSXFF AM'),135,1,'longlv197@gmail.com','GIAO VIỆC MỚI');
Insert into DEVELOP.QUEUE_MAIL (CONTENT,SEND_AT,ID,IS_SEND,EMAIL,TITLE) values ('&lt;h4&gt;Kính gửi Anh/Chị,&lt;/h4&gt;

&lt;p&gt;Anh/Chị đã được giao công việc Lắp đặt mới từ Ngọc Diệp.&lt;/p&gt;

&lt;p&gt;Chi tiết công việc:&lt;/p&gt;
&lt;div&gt;Lắp đặt mới&lt;/div&gt;
&lt;div&gt;&lt;/div&gt;
&lt;br&gt;
    
    &lt;div&gt;Địa điểm tại: tòa nhà Royal City Nguyễn Trãi&lt;/div&gt;
&lt;br&gt;
    &lt;div&gt;Thông tin liên hệ: Hoài Nguyễn - 0987654390&lt;/div&gt;

&lt;p&gt;Trân trọng.&lt;/p&gt;',to_timestamp('28-JUN-23 01.26.06.000000000 PM','DD-MON-RR HH.MI.SSXFF AM'),147,1,'hoainguyen1@gmail.com','GIAO VIỆC MỚI');
Insert into DEVELOP.QUEUE_MAIL (CONTENT,SEND_AT,ID,IS_SEND,EMAIL,TITLE) values ('&lt;h4&gt;Kính gửi Anh/Chị,&lt;/h4&gt;

&lt;p&gt;Anh/Chị đã được giao công việc Xử lý sự cố cho công việc đã hoàn thành từ Ngọc Diệp.&lt;/p&gt;

&lt;p&gt;Chi tiết công việc:&lt;/p&gt;
&lt;div&gt;Xử lý sự cố cho công việc đã hoàn thành&lt;/div&gt;
&lt;div&gt;&lt;/div&gt;
&lt;br&gt;
    
    &lt;div&gt;Địa điểm tại: tòa nhà Royal City Nguyễn Trãi&lt;/div&gt;
&lt;br&gt;
    &lt;div&gt;Thông tin liên hệ: Minh Dương - 0876547802&lt;/div&gt;

&lt;p&gt;Trân trọng.&lt;/p&gt;',to_timestamp('29-JUN-23 09.28.06.000000000 AM','DD-MON-RR HH.MI.SSXFF AM'),162,1,'hoainguyen1@gmail.com','GIAO VIỆC MỚI');
Insert into DEVELOP.QUEUE_MAIL (CONTENT,SEND_AT,ID,IS_SEND,EMAIL,TITLE) values ('&lt;h4&gt;Kính gửi Anh/Chị,&lt;/h4&gt;

&lt;p&gt;Công việc Xử lý sự cố cho công việc đã hoàn thành tại tòa nhà Royal City Nguyễn Trãi đã có sự thay đổi.&lt;/p&gt;

&lt;p&gt;Nguyễn Hoài đã từ chối nhận việc Xử lý sự cố cho công việc đã hoàn thành. Lý do: ngày nghỉ ốm&lt;/p&gt;

&lt;p&gt;Trân trọng.&lt;/p&gt;',to_timestamp('29-JUN-23 09.41.06.000000000 AM','DD-MON-RR HH.MI.SSXFF AM'),163,1,'buingocdiep2012004@gmail.com','Công Việc Có Sự Thay Đổi');
Insert into DEVELOP.QUEUE_MAIL (CONTENT,SEND_AT,ID,IS_SEND,EMAIL,TITLE) values ('&lt;h4&gt;Kính gửi Anh/Chị,&lt;/h4&gt;

&lt;p&gt;Anh/Chị đã được giao công việc Khách hàng báo lỗi từ Ngọc Diệp.&lt;/p&gt;

&lt;p&gt;Chi tiết công việc:&lt;/p&gt;
&lt;div&gt;Khách hàng báo lỗi&lt;/div&gt;
&lt;div&gt;&lt;/div&gt;
&lt;br&gt;
    
    &lt;div&gt;Địa điểm tại: tòa nhà Hạ Long Quảng Ninh&lt;/div&gt;
&lt;br&gt;
    &lt;div&gt;Thông tin liên hệ: Hoài Nguyễn - 0987654390&lt;/div&gt;

&lt;p&gt;Trân trọng.&lt;/p&gt;',to_timestamp('29-JUN-23 09.42.05.000000000 AM','DD-MON-RR HH.MI.SSXFF AM'),164,1,'hoainguyen1@gmail.com','GIAO VIỆC MỚI');
Insert into DEVELOP.QUEUE_MAIL (CONTENT,SEND_AT,ID,IS_SEND,EMAIL,TITLE) values ('&lt;h4&gt;Kính gửi Anh/Chị,&lt;/h4&gt;

&lt;p&gt;Công việc Khách hàng báo lỗi tại tòa nhà Hạ Long Quảng Ninh đã có sự thay đổi.&lt;/p&gt;

&lt;p&gt;Nguyễn Hoài đã từ chối nhận việc Khách hàng báo lỗi. Lý do: đang nghỉ ốm&lt;/p&gt;

&lt;p&gt;Trân trọng.&lt;/p&gt;',to_timestamp('29-JUN-23 09.42.07.000000000 AM','DD-MON-RR HH.MI.SSXFF AM'),165,1,'buingocdiep2012004@gmail.com','Công Việc Có Sự Thay Đổi');
Insert into DEVELOP.QUEUE_MAIL (CONTENT,SEND_AT,ID,IS_SEND,EMAIL,TITLE) values ('&lt;h4&gt;Kính gửi Anh/Chị,&lt;/h4&gt;

&lt;p&gt;Công việc Xử lý sự cố cho công việc đã hoàn thành tại tòa nhà Royal City Nguyễn Trãi đã có sự thay đổi.&lt;/p&gt;

&lt;p&gt;Nguyễn Hoài đã bỏ công việc Xử lý sự cố cho công việc đã hoàn thành. Lý do: đang nghỉ ốm&lt;/p&gt;

&lt;p&gt;Trân trọng.&lt;/p&gt;',to_timestamp('29-JUN-23 09.46.05.000000000 AM','DD-MON-RR HH.MI.SSXFF AM'),166,1,'buingocdiep2012004@gmail.com','Công Việc Có Sự Thay Đổi');
Insert into DEVELOP.QUEUE_MAIL (CONTENT,SEND_AT,ID,IS_SEND,EMAIL,TITLE) values ('&lt;h4&gt;Kính gửi Anh/Chị,&lt;/h4&gt;

&lt;p&gt;Anh/Chị đã được giao công việc Khảo sát công việc mới từ Ngọc Diệp.&lt;/p&gt;

&lt;p&gt;Chi tiết công việc:&lt;/p&gt;
&lt;div&gt;Khảo sát công việc mới&lt;/div&gt;
&lt;div&gt;&lt;/div&gt;
&lt;br&gt;
    
    &lt;div&gt;Địa điểm tại: tòa nhà Hạ Long Quảng Ninh&lt;/div&gt;
&lt;br&gt;
    &lt;div&gt;Thông tin liên hệ: Đình Văn Mỹ - 0765764654&lt;/div&gt;

&lt;p&gt;Trân trọng.&lt;/p&gt;',to_timestamp('29-JUN-23 09.57.06.000000000 AM','DD-MON-RR HH.MI.SSXFF AM'),167,1,'hoainguyen1@gmail.com','GIAO VIỆC MỚI');
Insert into DEVELOP.QUEUE_MAIL (CONTENT,SEND_AT,ID,IS_SEND,EMAIL,TITLE) values ('&lt;h4&gt;Kính gửi Anh/Chị,&lt;/h4&gt;

&lt;p&gt;Công việc Khảo sát công việc mới tại tòa nhà Hạ Long Quảng Ninh đã có sự thay đổi.&lt;/p&gt;

&lt;p&gt;Nguyễn Hoài(hoai1) đã chuyển trạng thái từ chờ nhận sang đang xử lý&lt;/p&gt;

&lt;p&gt;Trân trọng.&lt;/p&gt;',to_timestamp('29-JUN-23 09.57.07.000000000 AM','DD-MON-RR HH.MI.SSXFF AM'),168,1,'buingocdiep2012004@gmail.com','Công Việc Có Sự Thay Đổi');
Insert into DEVELOP.QUEUE_MAIL (CONTENT,SEND_AT,ID,IS_SEND,EMAIL,TITLE) values ('&lt;h4&gt;Kính gửi Anh/Chị,&lt;/h4&gt;

&lt;p&gt;Công việc Khảo sát đã xong tại 30 đặng thùy trâm đã có sự thay đổi.&lt;/p&gt;

&lt;p&gt;Le Long đã từ chối nhận việc Khảo sát đã xong. Lý do: ốm, mệt, không đủ sức khỏe để làm&lt;/p&gt;

&lt;p&gt;Trân trọng.&lt;/p&gt;',to_timestamp('29-JUN-23 10.45.05.000000000 AM','DD-MON-RR HH.MI.SSXFF AM'),170,1,'longlv72@wru.vn','Công Việc Có Sự Thay Đổi');
Insert into DEVELOP.QUEUE_MAIL (CONTENT,SEND_AT,ID,IS_SEND,EMAIL,TITLE) values ('&lt;h4&gt;Kính gửi Anh/Chị,&lt;/h4&gt;

&lt;p&gt;Công việc Lắp đặt mới tại tòa nhà Royal City Nguyễn Trãi đã có sự thay đổi.&lt;/p&gt;

&lt;p&gt;Nguyễn Hoài(hoai1) đã chuyển trạng thái từ chờ nhận sang đang xử lý&lt;/p&gt;

&lt;p&gt;Trân trọng.&lt;/p&gt;',to_timestamp('28-JUN-23 03.42.06.000000000 PM','DD-MON-RR HH.MI.SSXFF AM'),156,1,'buingocdiep2012004@gmail.com','Công Việc Có Sự Thay Đổi');
Insert into DEVELOP.QUEUE_MAIL (CONTENT,SEND_AT,ID,IS_SEND,EMAIL,TITLE) values ('&lt;h4&gt;Kính gửi Anh/Chị,&lt;/h4&gt;

&lt;p&gt;Công việc Lắp đặt mới tại tòa nhà Royal City Nguyễn Trãi đã có sự thay đổi.&lt;/p&gt;

&lt;p&gt;Nguyễn Hoài đã dánh dấu hoàn thành công việc Lắp đặt mới&lt;/p&gt;

&lt;p&gt;Trân trọng.&lt;/p&gt;',to_timestamp('28-JUN-23 03.42.08.000000000 PM','DD-MON-RR HH.MI.SSXFF AM'),157,1,'buingocdiep2012004@gmail.com','Công Việc Có Sự Thay Đổi');
Insert into DEVELOP.QUEUE_MAIL (CONTENT,SEND_AT,ID,IS_SEND,EMAIL,TITLE) values ('&lt;h4&gt;Kính gửi Anh/Chị,&lt;/h4&gt;

&lt;p&gt;Anh/Chị đã được giao công việc Lắp đặt mới từ Ngọc Diệp.&lt;/p&gt;

&lt;p&gt;Chi tiết công việc:&lt;/p&gt;
&lt;div&gt;Lắp đặt mới&lt;/div&gt;
&lt;div&gt;&lt;/div&gt;
&lt;br&gt;
    
    &lt;div&gt;Địa điểm tại: tòa nhà Royal City Nguyễn Trãi&lt;/div&gt;
&lt;br&gt;
    &lt;div&gt;Thông tin liên hệ: Minh Dương - 0876547802&lt;/div&gt;

&lt;p&gt;Trân trọng.&lt;/p&gt;',to_timestamp('28-JUN-23 04.15.06.000000000 PM','DD-MON-RR HH.MI.SSXFF AM'),158,1,'hoainguyen1@gmail.com','GIAO VIỆC MỚI');
Insert into DEVELOP.QUEUE_MAIL (CONTENT,SEND_AT,ID,IS_SEND,EMAIL,TITLE) values ('&lt;h4&gt;Kính gửi Anh/Chị,&lt;/h4&gt;

&lt;p&gt;Công việc Lắp đặt mới tại tòa nhà Royal City Nguyễn Trãi đã có sự thay đổi.&lt;/p&gt;

&lt;p&gt;Nguyễn Hoài đã dánh dấu hoàn thành công việc Lắp đặt mới&lt;/p&gt;

&lt;p&gt;Trân trọng.&lt;/p&gt;',to_timestamp('28-JUN-23 04.16.07.000000000 PM','DD-MON-RR HH.MI.SSXFF AM'),160,1,'buingocdiep2012004@gmail.com','Công Việc Có Sự Thay Đổi');
Insert into DEVELOP.QUEUE_MAIL (CONTENT,SEND_AT,ID,IS_SEND,EMAIL,TITLE) values ('&lt;h4&gt;Kính gửi Anh/Chị,&lt;/h4&gt;

&lt;p&gt;Công việc Khảo sát đã xong tại 30 đặng thùy trâm đã có sự thay đổi.&lt;/p&gt;

&lt;p&gt;Le LONG đã từ chối nhận việc Khảo sát đã xong. Lý do: không đủ sức khỏe&lt;/p&gt;

&lt;p&gt;Trân trọng.&lt;/p&gt;',to_timestamp('28-JUN-23 04.37.06.000000000 PM','DD-MON-RR HH.MI.SSXFF AM'),161,1,'longlv72@wru.vn','Công Việc Có Sự Thay Đổi');
Insert into DEVELOP.QUEUE_MAIL (CONTENT,SEND_AT,ID,IS_SEND,EMAIL,TITLE) values ('&lt;h4&gt;Kính gửi Anh/Chị,&lt;/h4&gt;

&lt;p&gt;Công việc Lắp đặt mới tại tòa nhà Hạ Long Quảng Ninh đã có sự thay đổi.&lt;/p&gt;

&lt;p&gt;Nguyễn Hoài đã từ chối nhận việc Lắp đặt mới. Lý do: đang nghỉ ốm&lt;/p&gt;

&lt;p&gt;Trân trọng.&lt;/p&gt;',to_timestamp('30-JUN-23 01.26.05.000000000 PM','DD-MON-RR HH.MI.SSXFF AM'),171,1,'buingocdiep2012004@gmail.com','Công Việc Có Sự Thay Đổi');
Insert into DEVELOP.QUEUE_MAIL (CONTENT,SEND_AT,ID,IS_SEND,EMAIL,TITLE) values ('&lt;h4&gt;Kính gửi Anh/Chị,&lt;/h4&gt;

&lt;p&gt;Công việc Lắp đặt mới tại 30 đặng thùy trâm đã có sự thay đổi.&lt;/p&gt;

&lt;p&gt;Nguyễn Hoài(hoai1) đã chuyển trạng thái từ chờ nhận sang đang xử lý&lt;/p&gt;

&lt;p&gt;Trân trọng.&lt;/p&gt;',to_timestamp('30-JUN-23 01.26.07.000000000 PM','DD-MON-RR HH.MI.SSXFF AM'),172,1,'buingocdiep2012004@gmail.com','Công Việc Có Sự Thay Đổi');
Insert into DEVELOP.QUEUE_MAIL (CONTENT,SEND_AT,ID,IS_SEND,EMAIL,TITLE) values ('&lt;h4&gt;Kính gửi Anh/Chị,&lt;/h4&gt;

&lt;p&gt;Anh/Chị đã được giao công việc Lắp đặt mới từ Nguyễn Hoài.&lt;/p&gt;

&lt;p&gt;Chi tiết công việc:&lt;/p&gt;
&lt;div&gt;Lắp đặt mới&lt;/div&gt;
&lt;div&gt;&lt;/div&gt;
&lt;br&gt;
&lt;br&gt;
    &lt;div&gt;Thông tin liên hệ: Đình Văn Mỹ - 0765764654&lt;/div&gt;

&lt;p&gt;Trân trọng.&lt;/p&gt;',to_timestamp('30-JUN-23 01.37.05.000000000 PM','DD-MON-RR HH.MI.SSXFF AM'),173,1,'diep1@gmail.com','GIAO VIỆC MỚI');
Insert into DEVELOP.QUEUE_MAIL (CONTENT,SEND_AT,ID,IS_SEND,EMAIL,TITLE) values ('&lt;h4&gt;Kính gửi Anh/Chị,&lt;/h4&gt;

&lt;p&gt;Công việc Lắp đặt mới tại 30 đặng thùy trâm đã có sự thay đổi.&lt;/p&gt;

&lt;p&gt;Nguyễn Hoài(hoai1) thêm Diệp (diepbui1) vào nhiệm vụ&lt;/p&gt;

&lt;p&gt;Trân trọng.&lt;/p&gt;',to_timestamp('30-JUN-23 01.37.06.000000000 PM','DD-MON-RR HH.MI.SSXFF AM'),174,1,'buingocdiep2012004@gmail.com','Công Việc Có Sự Thay Đổi');
Insert into DEVELOP.QUEUE_MAIL (CONTENT,SEND_AT,ID,IS_SEND,EMAIL,TITLE) values ('&lt;h4&gt;Kính gửi Anh/Chị,&lt;/h4&gt;

&lt;p&gt;Anh/Chị đã được giao công việc Lắp đặt mới từ Nguyễn Hoài.&lt;/p&gt;

&lt;p&gt;Chi tiết công việc:&lt;/p&gt;
&lt;div&gt;Lắp đặt mới&lt;/div&gt;
&lt;div&gt;&lt;/div&gt;
&lt;br&gt;
&lt;br&gt;
    &lt;div&gt;Thông tin liên hệ: Đình Văn Mỹ - 0765764654&lt;/div&gt;

&lt;p&gt;Trân trọng.&lt;/p&gt;',to_timestamp('30-JUN-23 01.37.08.000000000 PM','DD-MON-RR HH.MI.SSXFF AM'),175,1,'longlv197@gmail.com','GIAO VIỆC MỚI');
Insert into DEVELOP.QUEUE_MAIL (CONTENT,SEND_AT,ID,IS_SEND,EMAIL,TITLE) values ('&lt;h4&gt;Kính gửi Anh/Chị,&lt;/h4&gt;

&lt;p&gt;Công việc Lắp đặt mới tại 30 đặng thùy trâm đã có sự thay đổi.&lt;/p&gt;

&lt;p&gt;Nguyễn Hoài(hoai1) thêm Long (longlv199) vào nhiệm vụ&lt;/p&gt;

&lt;p&gt;Trân trọng.&lt;/p&gt;',to_timestamp('30-JUN-23 01.37.09.000000000 PM','DD-MON-RR HH.MI.SSXFF AM'),176,1,'buingocdiep2012004@gmail.com','Công Việc Có Sự Thay Đổi');
Insert into DEVELOP.QUEUE_MAIL (CONTENT,SEND_AT,ID,IS_SEND,EMAIL,TITLE) values ('&lt;h4&gt;Kính gửi Anh/Chị,&lt;/h4&gt;

&lt;p&gt;Anh/Chị đã được giao công việc Khảo sát công việc mới từ Ngọc Diệp.&lt;/p&gt;

&lt;p&gt;Chi tiết công việc:&lt;/p&gt;
&lt;div&gt;Khảo sát công việc mới&lt;/div&gt;
&lt;div&gt;&lt;/div&gt;
&lt;br&gt;
    
    &lt;div&gt;Địa điểm tại: tòa nhà Tràng Tiền Plaza 24 Hai Bà Trưng&lt;/div&gt;
&lt;br&gt;
    &lt;div&gt;Thông tin liên hệ: Minh Dương - 0876547802&lt;/div&gt;

&lt;p&gt;Trân trọng.&lt;/p&gt;',to_timestamp('30-JUN-23 05.09.05.000000000 PM','DD-MON-RR HH.MI.SSXFF AM'),180,1,'hoainguyen1@gmail.com','GIAO VIỆC MỚI');
Insert into DEVELOP.QUEUE_MAIL (CONTENT,SEND_AT,ID,IS_SEND,EMAIL,TITLE) values ('&lt;h4&gt;Kính gửi Anh/Chị,&lt;/h4&gt;

&lt;p&gt;Công việc Khảo sát công việc mới tại tòa nhà Tràng Tiền Plaza 24 Hai Bà Trưng đã có sự thay đổi.&lt;/p&gt;

&lt;p&gt;Nguyễn Hoài đã từ chối nhận việc Khảo sát công việc mới. Lý do: đang nghỉ ốm&lt;/p&gt;

&lt;p&gt;Trân trọng.&lt;/p&gt;',to_timestamp('01-JUL-23 09.50.06.000000000 AM','DD-MON-RR HH.MI.SSXFF AM'),181,1,'buingocdiep2012004@gmail.com','Công Việc Có Sự Thay Đổi');
Insert into DEVELOP.QUEUE_MAIL (CONTENT,SEND_AT,ID,IS_SEND,EMAIL,TITLE) values ('&lt;h4&gt;Kính gửi Anh/Chị,&lt;/h4&gt;

&lt;p&gt;Công việc Khảo sát công việc mới tại tòa nhà Royal City Nguyễn Trãi đã có sự thay đổi.&lt;/p&gt;

&lt;p&gt;Nguyễn Hoài(hoai1) đã chuyển trạng thái từ chờ nhận sang đang xử lý&lt;/p&gt;

&lt;p&gt;Trân trọng.&lt;/p&gt;',to_timestamp('01-JUL-23 09.51.05.000000000 AM','DD-MON-RR HH.MI.SSXFF AM'),182,1,'buingocdiep2012004@gmail.com','Công Việc Có Sự Thay Đổi');
Insert into DEVELOP.QUEUE_MAIL (CONTENT,SEND_AT,ID,IS_SEND,EMAIL,TITLE) values ('&lt;h4&gt;Kính gửi Anh/Chị,&lt;/h4&gt;

&lt;p&gt;Công việc Khảo sát công việc mới tại tòa nhà Royal City Nguyễn Trãi đã có sự thay đổi.&lt;/p&gt;

&lt;p&gt;Nguyễn Hoài đã dánh dấu hoàn thành công việc Khảo sát công việc mới&lt;/p&gt;

&lt;p&gt;Trân trọng.&lt;/p&gt;',to_timestamp('01-JUL-23 09.58.05.000000000 AM','DD-MON-RR HH.MI.SSXFF AM'),183,1,'buingocdiep2012004@gmail.com','Công Việc Có Sự Thay Đổi');
Insert into DEVELOP.QUEUE_MAIL (CONTENT,SEND_AT,ID,IS_SEND,EMAIL,TITLE) values ('&lt;h4&gt;Kính gửi Anh/Chị,&lt;/h4&gt;

&lt;p&gt;Công việc Khảo sát công việc mới tại tòa nhà Landmark72 30 Đặng Thuỳ Trâm đã có sự thay đổi.&lt;/p&gt;

&lt;p&gt;Nguyễn Hoài đã từ chối nhận việc Khảo sát công việc mới. Lý do: đang nghỉ ốm&lt;/p&gt;

&lt;p&gt;Trân trọng.&lt;/p&gt;',to_timestamp('01-JUL-23 09.59.05.000000000 AM','DD-MON-RR HH.MI.SSXFF AM'),184,1,'buingocdiep2012004@gmail.com','Công Việc Có Sự Thay Đổi');
Insert into DEVELOP.QUEUE_MAIL (CONTENT,SEND_AT,ID,IS_SEND,EMAIL,TITLE) values ('&lt;h4&gt;Kính gửi Anh/Chị,&lt;/h4&gt;

&lt;p&gt;Công việc Xử lý sự cố cho công việc đã hoàn thành tại tòa nhà Tràng Tiền Plaza 24 Hai Bà Trưng đã có sự thay đổi.&lt;/p&gt;

&lt;p&gt;Nguyễn Hoài đã từ chối nhận việc Xử lý sự cố cho công việc đã hoàn thành. Lý do: đang nghỉ ốm&lt;/p&gt;

&lt;p&gt;Trân trọng.&lt;/p&gt;',to_timestamp('01-JUL-23 10.00.06.000000000 AM','DD-MON-RR HH.MI.SSXFF AM'),186,1,'buingocdiep2012004@gmail.com','Công Việc Có Sự Thay Đổi');
Insert into DEVELOP.QUEUE_MAIL (CONTENT,SEND_AT,ID,IS_SEND,EMAIL,TITLE) values ('&lt;h4&gt;Kính gửi Anh/Chị,&lt;/h4&gt;

&lt;p&gt;Anh/Chị đã được giao công việc Xử lý sự cố cho công việc đã hoàn thành từ Nguyễn văn Admin.&lt;/p&gt;

&lt;p&gt;Chi tiết công việc:&lt;/p&gt;
&lt;div&gt;Xử lý sự cố cho công việc đã hoàn thành&lt;/div&gt;
&lt;div&gt;&lt;/div&gt;
&lt;br&gt;
&lt;br&gt;
    &lt;div&gt;Thông tin liên hệ: Đình Văn Mỹ - 0765764654&lt;/div&gt;

&lt;p&gt;Trân trọng.&lt;/p&gt;',to_timestamp('27-JUN-23 02.45.06.000000000 PM','DD-MON-RR HH.MI.SSXFF AM'),123,1,'longlv197@gmail.com','GIAO VIỆC MỚI');
Insert into DEVELOP.QUEUE_MAIL (CONTENT,SEND_AT,ID,IS_SEND,EMAIL,TITLE) values ('&lt;h4&gt;Kính gửi Anh/Chị,&lt;/h4&gt;

&lt;p&gt;Anh/Chị đã được giao công việc Xử lý sự cố cho công việc đã hoàn thành từ Nguyễn văn Admin.&lt;/p&gt;

&lt;p&gt;Chi tiết công việc:&lt;/p&gt;
&lt;div&gt;Xử lý sự cố cho công việc đã hoàn thành&lt;/div&gt;
&lt;div&gt;&lt;/div&gt;
&lt;br&gt;
&lt;br&gt;
    &lt;div&gt;Thông tin liên hệ: Đình Văn Mỹ - 0765764654&lt;/div&gt;

&lt;p&gt;Trân trọng.&lt;/p&gt;',to_timestamp('27-JUN-23 03.04.05.000000000 PM','DD-MON-RR HH.MI.SSXFF AM'),124,1,'thongkhongbuon@gmail.com','GIAO VIỆC MỚI');
Insert into DEVELOP.QUEUE_MAIL (CONTENT,SEND_AT,ID,IS_SEND,EMAIL,TITLE) values ('&lt;h4&gt;Kính gửi Anh/Chị,&lt;/h4&gt;

&lt;p&gt;Anh/Chị đã được giao công việc Xử lý sự cố cho công việc đã hoàn thành từ Ngọc Diệp.&lt;/p&gt;

&lt;p&gt;Chi tiết công việc:&lt;/p&gt;
&lt;div&gt;Xử lý sự cố cho công việc đã hoàn thành&lt;/div&gt;
&lt;div&gt;&lt;/div&gt;
&lt;br&gt;
    
    &lt;div&gt;Địa điểm tại tòa nhà: Royal City - Nguyễn Trãi&lt;/div&gt;
&lt;br&gt;
    &lt;div&gt;Thông tin liên hệ: Hoài Nguyễn - 0987654390&lt;/div&gt;

&lt;p&gt;Trân trọng.&lt;/p&gt;',to_timestamp('27-JUN-23 04.56.06.000000000 PM','DD-MON-RR HH.MI.SSXFF AM'),125,1,'hoainguyen1@gmail.com','GIAO VIỆC MỚI');
Insert into DEVELOP.QUEUE_MAIL (CONTENT,SEND_AT,ID,IS_SEND,EMAIL,TITLE) values ('&lt;h4&gt;Kính gửi Anh/Chị,&lt;/h4&gt;

&lt;p&gt;Công việc Khảo sát công việc mới tại tòa nhà E-Soft 30 Đặng Thuỳ Trâm đã có sự thay đổi.&lt;/p&gt;

&lt;p&gt;Nguyễn Hoài đã từ chối nhận việc Khảo sát công việc mới. Lý do: đang nghỉ ốm&lt;/p&gt;

&lt;p&gt;Trân trọng.&lt;/p&gt;',to_timestamp('01-JUL-23 10.00.08.000000000 AM','DD-MON-RR HH.MI.SSXFF AM'),187,1,'longlv72@wru.vn','Công Việc Có Sự Thay Đổi');
Insert into DEVELOP.QUEUE_MAIL (CONTENT,SEND_AT,ID,IS_SEND,EMAIL,TITLE) values ('&lt;h4&gt;Kính gửi Anh/Chị,&lt;/h4&gt;

&lt;p&gt;Anh/Chị đã được giao công việc Lắp đặt mới từ Ngọc Diệp.&lt;/p&gt;

&lt;p&gt;Chi tiết công việc:&lt;/p&gt;
&lt;div&gt;Lắp đặt mới&lt;/div&gt;
&lt;div&gt;&lt;/div&gt;
&lt;br&gt;
    
    &lt;div&gt;Địa điểm tại: tòa nhà Royal City Nguyễn Trãi&lt;/div&gt;
&lt;br&gt;
    &lt;div&gt;Thông tin liên hệ:  Quỳnh Anh - 0987654394&lt;/div&gt;

&lt;p&gt;Trân trọng.&lt;/p&gt;',to_timestamp('01-JUL-23 10.01.05.000000000 AM','DD-MON-RR HH.MI.SSXFF AM'),188,1,'hoainguyen1@gmail.com','GIAO VIỆC MỚI');
Insert into DEVELOP.QUEUE_MAIL (CONTENT,SEND_AT,ID,IS_SEND,EMAIL,TITLE) values ('&lt;h4&gt;Kính gửi Anh/Chị,&lt;/h4&gt;

&lt;p&gt;Anh/Chị đã được giao công việc Xử lý sự cố cho công việc chưa hoàn thành từ Ngọc Diệp.&lt;/p&gt;

&lt;p&gt;Chi tiết công việc:&lt;/p&gt;
&lt;div&gt;Xử lý sự cố cho công việc chưa hoàn thành&lt;/div&gt;
&lt;div&gt;&lt;/div&gt;
&lt;br&gt;
    
    &lt;div&gt;Địa điểm tại: tòa nhà Hạ Long Quảng Ninh&lt;/div&gt;
&lt;br&gt;
    &lt;div&gt;Thông tin liên hệ: Hoài Nguyễn - 0987654399&lt;/div&gt;

&lt;p&gt;Trân trọng.&lt;/p&gt;',to_timestamp('01-JUL-23 10.02.05.000000000 AM','DD-MON-RR HH.MI.SSXFF AM'),189,1,'hoainguyen1@gmail.com','GIAO VIỆC MỚI');
Insert into DEVELOP.QUEUE_MAIL (CONTENT,SEND_AT,ID,IS_SEND,EMAIL,TITLE) values ('&lt;h4&gt;Kính gửi Anh/Chị,&lt;/h4&gt;

&lt;p&gt;Anh/Chị đã được giao công việc Xử lý sự cố cho công việc đã hoàn thành từ Nguyễn văn Admin.&lt;/p&gt;

&lt;p&gt;Chi tiết công việc:&lt;/p&gt;
&lt;div&gt;Xử lý sự cố cho công việc đã hoàn thành&lt;/div&gt;
&lt;div&gt;&lt;/div&gt;
&lt;br&gt;
    
    &lt;div&gt;Địa điểm tại tòa nhà: Royal City - Nguyễn Trãi&lt;/div&gt;
&lt;br&gt;
    &lt;div&gt;Thông tin liên hệ: Đình Văn Mỹ - 0765764654&lt;/div&gt;

&lt;p&gt;Trân trọng.&lt;/p&gt;',to_timestamp('27-JUN-23 01.34.06.000000000 PM','DD-MON-RR HH.MI.SSXFF AM'),121,1,'Hoainguyen31@gmail.com','GIAO VIỆC MỚI');
Insert into DEVELOP.QUEUE_MAIL (CONTENT,SEND_AT,ID,IS_SEND,EMAIL,TITLE) values ('&lt;h4&gt;Kính gửi Anh/Chị,&lt;/h4&gt;

&lt;p&gt;Anh/Chị đã được giao công việc Khảo sát công việc mới từ Nguyễn văn Admin.&lt;/p&gt;

&lt;p&gt;Chi tiết công việc:&lt;/p&gt;
&lt;div&gt;Khảo sát công việc mới&lt;/div&gt;
&lt;div&gt;&lt;/div&gt;
&lt;br&gt;
&lt;br&gt;
    &lt;div&gt;Thông tin liên hệ: Đình Văn Mỹ - 0765764654&lt;/div&gt;

&lt;p&gt;Trân trọng.&lt;/p&gt;',to_timestamp('27-JUN-23 01.44.05.000000000 PM','DD-MON-RR HH.MI.SSXFF AM'),122,1,'longlv197@gmail.com','GIAO VIỆC MỚI');
Insert into DEVELOP.QUEUE_MAIL (CONTENT,SEND_AT,ID,IS_SEND,EMAIL,TITLE) values ('&lt;h4&gt;Kính gửi Anh/Chị,&lt;/h4&gt;

&lt;p&gt;Anh/Chị đã được giao công việc Lắp đặt mới từ Ngọc Diệp.&lt;/p&gt;

&lt;p&gt;Chi tiết công việc:&lt;/p&gt;
&lt;div&gt;Lắp đặt mới&lt;/div&gt;
&lt;div&gt;&lt;/div&gt;
&lt;br&gt;
&lt;br&gt;
    &lt;div&gt;Thông tin liên hệ: Đình Văn Mỹ - 0765764654&lt;/div&gt;

&lt;p&gt;Trân trọng.&lt;/p&gt;',to_timestamp('28-JUN-23 09.22.05.000000000 AM','DD-MON-RR HH.MI.SSXFF AM'),132,1,'hoainguyen1@gmail.com','GIAO VIỆC MỚI');
Insert into DEVELOP.QUEUE_MAIL (CONTENT,SEND_AT,ID,IS_SEND,EMAIL,TITLE) values ('&lt;h4&gt;Kính gửi Anh/Chị,&lt;/h4&gt;

&lt;p&gt;Công việc Lắp đặt mới tại tòa nhà Royal City Nguyễn Trãi đã có sự thay đổi.&lt;/p&gt;

&lt;p&gt;Nguyễn Hoài đã dánh dấu hoàn thành công việc Lắp đặt mới&lt;/p&gt;

&lt;p&gt;Trân trọng.&lt;/p&gt;',to_timestamp('28-JUN-23 01.32.10.000000000 PM','DD-MON-RR HH.MI.SSXFF AM'),152,1,'buingocdiep2012004@gmail.com','Công Việc Có Sự Thay Đổi');
Insert into DEVELOP.QUEUE_MAIL (CONTENT,SEND_AT,ID,IS_SEND,EMAIL,TITLE) values ('&lt;h4&gt;Kính gửi Anh/Chị,&lt;/h4&gt;

&lt;p&gt;Anh/Chị đã được giao công việc Lắp đặt mới từ Ngọc Diệp.&lt;/p&gt;

&lt;p&gt;Chi tiết công việc:&lt;/p&gt;
&lt;div&gt;Lắp đặt mới&lt;/div&gt;
&lt;div&gt;&lt;/div&gt;
&lt;br&gt;
    
    &lt;div&gt;Địa điểm tại: tòa nhà Royal City Nguyễn Trãi&lt;/div&gt;
&lt;br&gt;
    &lt;div&gt;Thông tin liên hệ: Diệp Ngọc - 0343555916&lt;/div&gt;

&lt;p&gt;Trân trọng.&lt;/p&gt;',to_timestamp('28-JUN-23 01.34.06.000000000 PM','DD-MON-RR HH.MI.SSXFF AM'),153,1,'hoainguyen1@gmail.com','GIAO VIỆC MỚI');
Insert into DEVELOP.QUEUE_MAIL (CONTENT,SEND_AT,ID,IS_SEND,EMAIL,TITLE) values ('&lt;h4&gt;Kính gửi Anh/Chị,&lt;/h4&gt;

&lt;p&gt;Công việc Lắp đặt mới tại tòa nhà Royal City Nguyễn Trãi đã có sự thay đổi.&lt;/p&gt;

&lt;p&gt;Nguyễn Hoài(hoai1) đã chuyển trạng thái từ chờ nhận sang đang xử lý&lt;/p&gt;

&lt;p&gt;Trân trọng.&lt;/p&gt;',to_timestamp('28-JUN-23 01.34.07.000000000 PM','DD-MON-RR HH.MI.SSXFF AM'),154,1,'buingocdiep2012004@gmail.com','Công Việc Có Sự Thay Đổi');
Insert into DEVELOP.QUEUE_MAIL (CONTENT,SEND_AT,ID,IS_SEND,EMAIL,TITLE) values ('&lt;h4&gt;Kính gửi Anh/Chị,&lt;/h4&gt;

&lt;p&gt;Công việc Lắp đặt mới tại tòa nhà Royal City Nguyễn Trãi đã có sự thay đổi.&lt;/p&gt;

&lt;p&gt;Nguyễn Hoài đã dánh dấu hoàn thành công việc Lắp đặt mới&lt;/p&gt;

&lt;p&gt;Trân trọng.&lt;/p&gt;',to_timestamp('28-JUN-23 01.34.09.000000000 PM','DD-MON-RR HH.MI.SSXFF AM'),155,1,'buingocdiep2012004@gmail.com','Công Việc Có Sự Thay Đổi');
Insert into DEVELOP.QUEUE_MAIL (CONTENT,SEND_AT,ID,IS_SEND,EMAIL,TITLE) values ('&lt;h4&gt;Kính gửi Anh/Chị,&lt;/h4&gt;

&lt;p&gt;Công việc Khảo sát công việc mới tại tòa nhà Hạ Long Quảng Ninh đã có sự thay đổi.&lt;/p&gt;

&lt;p&gt;Nguyễn Hoài đã dánh dấu hoàn thành công việc Khảo sát công việc mới&lt;/p&gt;

&lt;p&gt;Trân trọng.&lt;/p&gt;',to_timestamp('29-JUN-23 09.58.05.000000000 AM','DD-MON-RR HH.MI.SSXFF AM'),169,1,'buingocdiep2012004@gmail.com','Công Việc Có Sự Thay Đổi');
Insert into DEVELOP.QUEUE_MAIL (CONTENT,SEND_AT,ID,IS_SEND,EMAIL,TITLE) values ('&lt;h4&gt;Kính gửi Anh/Chị,&lt;/h4&gt;

&lt;p&gt;Anh/Chị đã được giao công việc Khảo sát công việc mới từ Ngọc Diệp.&lt;/p&gt;

&lt;p&gt;Chi tiết công việc:&lt;/p&gt;
&lt;div&gt;Khảo sát công việc mới&lt;/div&gt;
&lt;div&gt;&lt;/div&gt;
&lt;br&gt;
    
    &lt;div&gt;Địa điểm tại tòa nhà: Royal City - Nguyễn Trãi&lt;/div&gt;
&lt;br&gt;
    &lt;div&gt;Thông tin liên hệ: Đình Văn Mỹ - 0765764654&lt;/div&gt;

&lt;p&gt;Trân trọng.&lt;/p&gt;',to_timestamp('27-JUN-23 05.03.06.000000000 PM','DD-MON-RR HH.MI.SSXFF AM'),126,1,'hoainguyen1@gmail.com','GIAO VIỆC MỚI');
Insert into DEVELOP.QUEUE_MAIL (CONTENT,SEND_AT,ID,IS_SEND,EMAIL,TITLE) values ('&lt;h4&gt;Kính gửi Anh/Chị,&lt;/h4&gt;

&lt;p&gt;Anh/Chị đã được giao công việc Khảo sát công việc mới từ Nguyễn văn Admin.&lt;/p&gt;

&lt;p&gt;Chi tiết công việc:&lt;/p&gt;
&lt;div&gt;Khảo sát công việc mới&lt;/div&gt;
&lt;div&gt;&lt;/div&gt;
&lt;br&gt;
&lt;br&gt;
    &lt;div&gt;Thông tin liên hệ: Đình Văn Mỹ - 0765764654&lt;/div&gt;

&lt;p&gt;Trân trọng.&lt;/p&gt;',to_timestamp('27-JUN-23 05.07.05.000000000 PM','DD-MON-RR HH.MI.SSXFF AM'),127,1,'thongnh1996@gmail.com','GIAO VIỆC MỚI');
Insert into DEVELOP.QUEUE_MAIL (CONTENT,SEND_AT,ID,IS_SEND,EMAIL,TITLE) values ('&lt;h4&gt;Kính gửi Anh/Chị,&lt;/h4&gt;

&lt;p&gt;Anh/Chị đã được giao công việc Khảo sát công việc mới từ Nguyễn văn Admin.&lt;/p&gt;

&lt;p&gt;Chi tiết công việc:&lt;/p&gt;
&lt;div&gt;Khảo sát công việc mới&lt;/div&gt;
&lt;div&gt;&lt;/div&gt;
&lt;br&gt;
&lt;br&gt;
    &lt;div&gt;Thông tin liên hệ: Đình Văn Mỹ - 0765764654&lt;/div&gt;

&lt;p&gt;Trân trọng.&lt;/p&gt;',to_timestamp('27-JUN-23 05.07.07.000000000 PM','DD-MON-RR HH.MI.SSXFF AM'),128,1,'longlv197@gmail.com','GIAO VIỆC MỚI');
Insert into DEVELOP.QUEUE_MAIL (CONTENT,SEND_AT,ID,IS_SEND,EMAIL,TITLE) values ('&lt;h4&gt;Kính gửi Anh/Chị,&lt;/h4&gt;

&lt;p&gt;Công việc Xử lý sự cố cho công việc đã hoàn thành tại tòa nhà Royal City - Nguyễn Trãi đã có sự thay đổi.&lt;/p&gt;

&lt;p&gt;Nguyễn Hoài(hoai1) đã chuyển trạng thái từ chờ nhận sang đang xử lý&lt;/p&gt;

&lt;p&gt;Trân trọng.&lt;/p&gt;',to_timestamp('27-JUN-23 05.25.05.000000000 PM','DD-MON-RR HH.MI.SSXFF AM'),129,1,'buingocdiep2012004@gmail.com','Công Việc Có Sự Thay Đổi');
Insert into DEVELOP.QUEUE_MAIL (CONTENT,SEND_AT,ID,IS_SEND,EMAIL,TITLE) values ('&lt;h4&gt;Kính gửi Anh/Chị,&lt;/h4&gt;

&lt;p&gt;Anh/Chị đã được giao công việc Khách hàng báo lỗi từ Ngọc Diệp.&lt;/p&gt;

&lt;p&gt;Chi tiết công việc:&lt;/p&gt;
&lt;div&gt;Khách hàng báo lỗi&lt;/div&gt;
&lt;div&gt;&lt;/div&gt;
&lt;br&gt;
&lt;br&gt;
    &lt;div&gt;Thông tin liên hệ: Đình Văn Mỹ - 0765764654&lt;/div&gt;

&lt;p&gt;Trân trọng.&lt;/p&gt;',to_timestamp('27-JUN-23 05.26.04.000000000 PM','DD-MON-RR HH.MI.SSXFF AM'),130,1,'hoainguyen1@gmail.com','GIAO VIỆC MỚI');
Insert into DEVELOP.QUEUE_MAIL (CONTENT,SEND_AT,ID,IS_SEND,EMAIL,TITLE) values ('&lt;h4&gt;Kính gửi Anh/Chị,&lt;/h4&gt;

&lt;p&gt;Anh/Chị đã được giao công việc Lắp đặt mới từ Ngọc Diệp.&lt;/p&gt;

&lt;p&gt;Chi tiết công việc:&lt;/p&gt;
&lt;div&gt;Lắp đặt mới&lt;/div&gt;
&lt;div&gt;&lt;/div&gt;
&lt;br&gt;
&lt;br&gt;
    &lt;div&gt;Thông tin liên hệ: Đình Văn Mỹ - 0765764654&lt;/div&gt;

&lt;p&gt;Trân trọng.&lt;/p&gt;',to_timestamp('27-JUN-23 05.36.05.000000000 PM','DD-MON-RR HH.MI.SSXFF AM'),131,1,'hoainguyen1@gmail.com','GIAO VIỆC MỚI');
REM INSERTING into DEVELOP.ROLES
SET DEFINE OFF;
Insert into DEVELOP.ROLES (ID,ROLE_GROUP_ID,MODULE_ID,ROLE_ADD,ROLE_EDIT,ROLE_DELETE,ROLE_VIEW,ROLE_IMPORT,ROLE_EXPORT,ROLE_REPORT,UPDATED_AT) values (41,1,21,2,2,2,2,2,2,2,to_date('20-JUN-23','DD-MON-RR'));
Insert into DEVELOP.ROLES (ID,ROLE_GROUP_ID,MODULE_ID,ROLE_ADD,ROLE_EDIT,ROLE_DELETE,ROLE_VIEW,ROLE_IMPORT,ROLE_EXPORT,ROLE_REPORT,UPDATED_AT) values (1,1,1,2,2,2,2,2,2,2,to_date('20-JUN-23','DD-MON-RR'));
Insert into DEVELOP.ROLES (ID,ROLE_GROUP_ID,MODULE_ID,ROLE_ADD,ROLE_EDIT,ROLE_DELETE,ROLE_VIEW,ROLE_IMPORT,ROLE_EXPORT,ROLE_REPORT,UPDATED_AT) values (2,1,2,2,2,2,2,2,2,2,to_date('20-JUN-23','DD-MON-RR'));
Insert into DEVELOP.ROLES (ID,ROLE_GROUP_ID,MODULE_ID,ROLE_ADD,ROLE_EDIT,ROLE_DELETE,ROLE_VIEW,ROLE_IMPORT,ROLE_EXPORT,ROLE_REPORT,UPDATED_AT) values (3,1,3,2,2,2,2,2,2,2,to_date('20-JUN-23','DD-MON-RR'));
Insert into DEVELOP.ROLES (ID,ROLE_GROUP_ID,MODULE_ID,ROLE_ADD,ROLE_EDIT,ROLE_DELETE,ROLE_VIEW,ROLE_IMPORT,ROLE_EXPORT,ROLE_REPORT,UPDATED_AT) values (4,1,4,2,2,2,2,2,2,2,to_date('20-JUN-23','DD-MON-RR'));
Insert into DEVELOP.ROLES (ID,ROLE_GROUP_ID,MODULE_ID,ROLE_ADD,ROLE_EDIT,ROLE_DELETE,ROLE_VIEW,ROLE_IMPORT,ROLE_EXPORT,ROLE_REPORT,UPDATED_AT) values (5,1,5,2,2,2,2,2,2,2,to_date('20-JUN-23','DD-MON-RR'));
Insert into DEVELOP.ROLES (ID,ROLE_GROUP_ID,MODULE_ID,ROLE_ADD,ROLE_EDIT,ROLE_DELETE,ROLE_VIEW,ROLE_IMPORT,ROLE_EXPORT,ROLE_REPORT,UPDATED_AT) values (6,1,6,2,2,2,2,2,2,2,to_date('20-JUN-23','DD-MON-RR'));
Insert into DEVELOP.ROLES (ID,ROLE_GROUP_ID,MODULE_ID,ROLE_ADD,ROLE_EDIT,ROLE_DELETE,ROLE_VIEW,ROLE_IMPORT,ROLE_EXPORT,ROLE_REPORT,UPDATED_AT) values (7,1,7,2,2,2,2,2,2,2,to_date('20-JUN-23','DD-MON-RR'));
Insert into DEVELOP.ROLES (ID,ROLE_GROUP_ID,MODULE_ID,ROLE_ADD,ROLE_EDIT,ROLE_DELETE,ROLE_VIEW,ROLE_IMPORT,ROLE_EXPORT,ROLE_REPORT,UPDATED_AT) values (8,1,8,2,2,2,2,2,2,2,to_date('20-JUN-23','DD-MON-RR'));
Insert into DEVELOP.ROLES (ID,ROLE_GROUP_ID,MODULE_ID,ROLE_ADD,ROLE_EDIT,ROLE_DELETE,ROLE_VIEW,ROLE_IMPORT,ROLE_EXPORT,ROLE_REPORT,UPDATED_AT) values (9,1,9,2,2,2,2,2,2,2,to_date('20-JUN-23','DD-MON-RR'));
Insert into DEVELOP.ROLES (ID,ROLE_GROUP_ID,MODULE_ID,ROLE_ADD,ROLE_EDIT,ROLE_DELETE,ROLE_VIEW,ROLE_IMPORT,ROLE_EXPORT,ROLE_REPORT,UPDATED_AT) values (10,21,1,2,2,2,2,2,2,2,to_date('20-JUN-23','DD-MON-RR'));
Insert into DEVELOP.ROLES (ID,ROLE_GROUP_ID,MODULE_ID,ROLE_ADD,ROLE_EDIT,ROLE_DELETE,ROLE_VIEW,ROLE_IMPORT,ROLE_EXPORT,ROLE_REPORT,UPDATED_AT) values (11,21,2,2,2,2,2,2,2,2,to_date('20-JUN-23','DD-MON-RR'));
Insert into DEVELOP.ROLES (ID,ROLE_GROUP_ID,MODULE_ID,ROLE_ADD,ROLE_EDIT,ROLE_DELETE,ROLE_VIEW,ROLE_IMPORT,ROLE_EXPORT,ROLE_REPORT,UPDATED_AT) values (12,21,3,2,2,2,2,2,2,2,to_date('20-JUN-23','DD-MON-RR'));
Insert into DEVELOP.ROLES (ID,ROLE_GROUP_ID,MODULE_ID,ROLE_ADD,ROLE_EDIT,ROLE_DELETE,ROLE_VIEW,ROLE_IMPORT,ROLE_EXPORT,ROLE_REPORT,UPDATED_AT) values (13,21,4,2,2,2,2,2,2,2,to_date('20-JUN-23','DD-MON-RR'));
Insert into DEVELOP.ROLES (ID,ROLE_GROUP_ID,MODULE_ID,ROLE_ADD,ROLE_EDIT,ROLE_DELETE,ROLE_VIEW,ROLE_IMPORT,ROLE_EXPORT,ROLE_REPORT,UPDATED_AT) values (14,21,5,2,2,2,2,2,2,2,to_date('20-JUN-23','DD-MON-RR'));
Insert into DEVELOP.ROLES (ID,ROLE_GROUP_ID,MODULE_ID,ROLE_ADD,ROLE_EDIT,ROLE_DELETE,ROLE_VIEW,ROLE_IMPORT,ROLE_EXPORT,ROLE_REPORT,UPDATED_AT) values (15,21,6,2,2,2,2,2,2,2,to_date('20-JUN-23','DD-MON-RR'));
Insert into DEVELOP.ROLES (ID,ROLE_GROUP_ID,MODULE_ID,ROLE_ADD,ROLE_EDIT,ROLE_DELETE,ROLE_VIEW,ROLE_IMPORT,ROLE_EXPORT,ROLE_REPORT,UPDATED_AT) values (16,21,7,2,2,2,2,2,2,2,to_date('20-JUN-23','DD-MON-RR'));
Insert into DEVELOP.ROLES (ID,ROLE_GROUP_ID,MODULE_ID,ROLE_ADD,ROLE_EDIT,ROLE_DELETE,ROLE_VIEW,ROLE_IMPORT,ROLE_EXPORT,ROLE_REPORT,UPDATED_AT) values (17,21,8,2,2,2,2,2,2,2,to_date('20-JUN-23','DD-MON-RR'));
Insert into DEVELOP.ROLES (ID,ROLE_GROUP_ID,MODULE_ID,ROLE_ADD,ROLE_EDIT,ROLE_DELETE,ROLE_VIEW,ROLE_IMPORT,ROLE_EXPORT,ROLE_REPORT,UPDATED_AT) values (18,21,9,2,2,2,2,2,2,2,to_date('20-JUN-23','DD-MON-RR'));
Insert into DEVELOP.ROLES (ID,ROLE_GROUP_ID,MODULE_ID,ROLE_ADD,ROLE_EDIT,ROLE_DELETE,ROLE_VIEW,ROLE_IMPORT,ROLE_EXPORT,ROLE_REPORT,UPDATED_AT) values (19,22,1,2,2,2,2,2,2,2,to_date('20-JUN-23','DD-MON-RR'));
Insert into DEVELOP.ROLES (ID,ROLE_GROUP_ID,MODULE_ID,ROLE_ADD,ROLE_EDIT,ROLE_DELETE,ROLE_VIEW,ROLE_IMPORT,ROLE_EXPORT,ROLE_REPORT,UPDATED_AT) values (20,22,2,2,2,2,2,2,2,2,to_date('20-JUN-23','DD-MON-RR'));
Insert into DEVELOP.ROLES (ID,ROLE_GROUP_ID,MODULE_ID,ROLE_ADD,ROLE_EDIT,ROLE_DELETE,ROLE_VIEW,ROLE_IMPORT,ROLE_EXPORT,ROLE_REPORT,UPDATED_AT) values (21,22,3,2,2,2,2,2,2,2,to_date('20-JUN-23','DD-MON-RR'));
Insert into DEVELOP.ROLES (ID,ROLE_GROUP_ID,MODULE_ID,ROLE_ADD,ROLE_EDIT,ROLE_DELETE,ROLE_VIEW,ROLE_IMPORT,ROLE_EXPORT,ROLE_REPORT,UPDATED_AT) values (22,22,4,2,2,2,2,2,2,2,to_date('20-JUN-23','DD-MON-RR'));
Insert into DEVELOP.ROLES (ID,ROLE_GROUP_ID,MODULE_ID,ROLE_ADD,ROLE_EDIT,ROLE_DELETE,ROLE_VIEW,ROLE_IMPORT,ROLE_EXPORT,ROLE_REPORT,UPDATED_AT) values (23,22,5,2,2,2,2,2,2,2,to_date('20-JUN-23','DD-MON-RR'));
Insert into DEVELOP.ROLES (ID,ROLE_GROUP_ID,MODULE_ID,ROLE_ADD,ROLE_EDIT,ROLE_DELETE,ROLE_VIEW,ROLE_IMPORT,ROLE_EXPORT,ROLE_REPORT,UPDATED_AT) values (24,22,6,2,2,2,2,2,2,2,to_date('20-JUN-23','DD-MON-RR'));
Insert into DEVELOP.ROLES (ID,ROLE_GROUP_ID,MODULE_ID,ROLE_ADD,ROLE_EDIT,ROLE_DELETE,ROLE_VIEW,ROLE_IMPORT,ROLE_EXPORT,ROLE_REPORT,UPDATED_AT) values (25,22,7,2,2,2,2,2,2,2,to_date('20-JUN-23','DD-MON-RR'));
Insert into DEVELOP.ROLES (ID,ROLE_GROUP_ID,MODULE_ID,ROLE_ADD,ROLE_EDIT,ROLE_DELETE,ROLE_VIEW,ROLE_IMPORT,ROLE_EXPORT,ROLE_REPORT,UPDATED_AT) values (26,22,8,2,2,2,2,2,2,2,to_date('20-JUN-23','DD-MON-RR'));
Insert into DEVELOP.ROLES (ID,ROLE_GROUP_ID,MODULE_ID,ROLE_ADD,ROLE_EDIT,ROLE_DELETE,ROLE_VIEW,ROLE_IMPORT,ROLE_EXPORT,ROLE_REPORT,UPDATED_AT) values (27,22,9,2,2,2,2,2,2,2,to_date('20-JUN-23','DD-MON-RR'));
REM INSERTING into DEVELOP.ROLE_GROUPS
SET DEFINE OFF;
Insert into DEVELOP.ROLE_GROUPS (ID,ROLE_NAME,UPDATED_AT) values (21,'Đại lý',to_date('20-JUN-23','DD-MON-RR'));
Insert into DEVELOP.ROLE_GROUPS (ID,ROLE_NAME,UPDATED_AT) values (22,'Cá nhân',to_date('20-JUN-23','DD-MON-RR'));
Insert into DEVELOP.ROLE_GROUPS (ID,ROLE_NAME,UPDATED_AT) values (1,'Admin',null);
Insert into DEVELOP.ROLE_GROUPS (ID,ROLE_NAME,UPDATED_AT) values (2,'Nhân viên kỹ thuật',null);
REM INSERTING into DEVELOP.SETTINGS
SET DEFINE OFF;
Insert into DEVELOP.SETTINGS (ID,KEY_SETTING,KEY_DISPLAY,VALUE_SETTING,TYPE,OBJ_ID) values (1,'job_type','Loại công việc','Khảo sát',null,null);
Insert into DEVELOP.SETTINGS (ID,KEY_SETTING,KEY_DISPLAY,VALUE_SETTING,TYPE,OBJ_ID) values (2,'job_type','Loại công việc','Xử lý sự cố',null,null);
Insert into DEVELOP.SETTINGS (ID,KEY_SETTING,KEY_DISPLAY,VALUE_SETTING,TYPE,OBJ_ID) values (3,'job_type','Loại công việc','Xử lý phản ánh khách hàng',null,null);
Insert into DEVELOP.SETTINGS (ID,KEY_SETTING,KEY_DISPLAY,VALUE_SETTING,TYPE,OBJ_ID) values (21,'reason','Lý do','Khảo sát công việc mới',null,1);
Insert into DEVELOP.SETTINGS (ID,KEY_SETTING,KEY_DISPLAY,VALUE_SETTING,TYPE,OBJ_ID) values (22,'reason','Lý do','Khảo sát công việc mới của khách hàng cũ',null,1);
Insert into DEVELOP.SETTINGS (ID,KEY_SETTING,KEY_DISPLAY,VALUE_SETTING,TYPE,OBJ_ID) values (23,'reason','Lý do','Xử lý sự cố cho công việc đã hoàn thành',null,2);
Insert into DEVELOP.SETTINGS (ID,KEY_SETTING,KEY_DISPLAY,VALUE_SETTING,TYPE,OBJ_ID) values (24,'reason','Lý do','Xử lý sự cố cho công việc chưa hoàn thành',null,2);
Insert into DEVELOP.SETTINGS (ID,KEY_SETTING,KEY_DISPLAY,VALUE_SETTING,TYPE,OBJ_ID) values (25,'reason','Lý do','Khách hàng báo lỗi',null,3);
Insert into DEVELOP.SETTINGS (ID,KEY_SETTING,KEY_DISPLAY,VALUE_SETTING,TYPE,OBJ_ID) values (26,'reason','Lý do','Khách hàng báo không biết sử dụng',null,3);
Insert into DEVELOP.SETTINGS (ID,KEY_SETTING,KEY_DISPLAY,VALUE_SETTING,TYPE,OBJ_ID) values (41,'job_type','Loại công việc','Lắp đặt',null,null);
Insert into DEVELOP.SETTINGS (ID,KEY_SETTING,KEY_DISPLAY,VALUE_SETTING,TYPE,OBJ_ID) values (43,'reason','Lý do','Khảo sát đã xong',null,41);
Insert into DEVELOP.SETTINGS (ID,KEY_SETTING,KEY_DISPLAY,VALUE_SETTING,TYPE,OBJ_ID) values (45,'reason','Lý do','Lắp đặt mới',null,41);
REM INSERTING into DEVELOP.SMS_QUEUE
SET DEFINE OFF;
Insert into DEVELOP.SMS_QUEUE (ID,PHONE,RECEIVE_NAME,CONTENT,IS_SEND,SEND_AT) values (5,'0974237008',null,'Ban da duoc giao viec moi: Tesst sending sms, tai toa nha Toà M1 - 30 Đặng Thuỳ Trâm',1,to_timestamp('14-JUN-23 11.26.13.000000000 AM','DD-MON-RR HH.MI.SSXFF AM'));
Insert into DEVELOP.SMS_QUEUE (ID,PHONE,RECEIVE_NAME,CONTENT,IS_SEND,SEND_AT) values (6,'0987755678',null,'Ban da duoc giao viec moi: Tesst sending sms, tai toa nha Toà M1 - 30 Đặng Thuỳ Trâm',1,to_timestamp('14-JUN-23 11.26.14.000000000 AM','DD-MON-RR HH.MI.SSXFF AM'));
Insert into DEVELOP.SMS_QUEUE (ID,PHONE,RECEIVE_NAME,CONTENT,IS_SEND,SEND_AT) values (7,'0534534531',null,'Ban da duoc giao viec moi: Tesst sending sms, tai toa nha Toà M1 - 30 Đặng Thuỳ Trâm',1,to_timestamp('14-JUN-23 11.26.16.000000000 AM','DD-MON-RR HH.MI.SSXFF AM'));
Insert into DEVELOP.SMS_QUEUE (ID,PHONE,RECEIVE_NAME,CONTENT,IS_SEND,SEND_AT) values (11,'0974237008',null,'Ban da duoc giao viec moi: Test sending email duplicated, tai toa nha Toà M1 - 30 Đặng Thuỳ Trâm',1,to_timestamp('14-JUN-23 11.43.57.000000000 AM','DD-MON-RR HH.MI.SSXFF AM'));
Insert into DEVELOP.SMS_QUEUE (ID,PHONE,RECEIVE_NAME,CONTENT,IS_SEND,SEND_AT) values (12,'0987654321',null,'Ban da duoc giao viec moi: Test sending email duplicated, tai toa nha Toà M1 - 30 Đặng Thuỳ Trâm',1,to_timestamp('14-JUN-23 11.43.59.000000000 AM','DD-MON-RR HH.MI.SSXFF AM'));
Insert into DEVELOP.SMS_QUEUE (ID,PHONE,RECEIVE_NAME,CONTENT,IS_SEND,SEND_AT) values (13,'0534534531',null,'Ban da duoc giao viec moi: Test sending email duplicated, tai toa nha Toà M1 - 30 Đặng Thuỳ Trâm',1,to_timestamp('14-JUN-23 11.44.01.000000000 AM','DD-MON-RR HH.MI.SSXFF AM'));
Insert into DEVELOP.SMS_QUEUE (ID,PHONE,RECEIVE_NAME,CONTENT,IS_SEND,SEND_AT) values (14,'0532287534',null,'Ban da duoc giao viec moi: Test sending email duplicated, tai toa nha Toà M1 - 30 Đặng Thuỳ Trâm',1,to_timestamp('14-JUN-23 11.44.03.000000000 AM','DD-MON-RR HH.MI.SSXFF AM'));
Insert into DEVELOP.SMS_QUEUE (ID,PHONE,RECEIVE_NAME,CONTENT,IS_SEND,SEND_AT) values (15,'0974237008',null,'Ban da duoc giao viec moi: Test sending email duplicated 11, tai toa nha Sugar - 30 Đặng Thuỳ Trâm',1,to_timestamp('14-JUN-23 11.46.33.000000000 AM','DD-MON-RR HH.MI.SSXFF AM'));
Insert into DEVELOP.SMS_QUEUE (ID,PHONE,RECEIVE_NAME,CONTENT,IS_SEND,SEND_AT) values (16,'0987654321',null,'Ban da duoc giao viec moi: Test sending email duplicated 11, tai toa nha Sugar - 30 Đặng Thuỳ Trâm',1,to_timestamp('14-JUN-23 11.46.34.000000000 AM','DD-MON-RR HH.MI.SSXFF AM'));
Insert into DEVELOP.SMS_QUEUE (ID,PHONE,RECEIVE_NAME,CONTENT,IS_SEND,SEND_AT) values (17,'0987654321',null,'Ban da duoc giao viec moi: Test sending email duplicated 11, tai toa nha Sugar - 30 Đặng Thuỳ Trâm',1,to_timestamp('14-JUN-23 11.46.36.000000000 AM','DD-MON-RR HH.MI.SSXFF AM'));
Insert into DEVELOP.SMS_QUEUE (ID,PHONE,RECEIVE_NAME,CONTENT,IS_SEND,SEND_AT) values (18,'0534534531',null,'Ban da duoc giao viec moi: Test sending email duplicated 11, tai toa nha Sugar - 30 Đặng Thuỳ Trâm',1,to_timestamp('14-JUN-23 11.46.38.000000000 AM','DD-MON-RR HH.MI.SSXFF AM'));
Insert into DEVELOP.SMS_QUEUE (ID,PHONE,RECEIVE_NAME,CONTENT,IS_SEND,SEND_AT) values (19,'0988698796',null,'Ban da duoc giao viec moi: Test split string, tai toa nha Toà M1 - 30 Đặng Thuỳ Trâm',1,to_timestamp('14-JUN-23 02.37.48.000000000 PM','DD-MON-RR HH.MI.SSXFF AM'));
Insert into DEVELOP.SMS_QUEUE (ID,PHONE,RECEIVE_NAME,CONTENT,IS_SEND,SEND_AT) values (20,'0974237008',null,'Ban da duoc giao viec moi: Test split string, tai toa nha Toà M1 - 30 Đặng Thuỳ Trâm',1,to_timestamp('14-JUN-23 02.37.50.000000000 PM','DD-MON-RR HH.MI.SSXFF AM'));
Insert into DEVELOP.SMS_QUEUE (ID,PHONE,RECEIVE_NAME,CONTENT,IS_SEND,SEND_AT) values (21,'0534534531',null,'Ban da duoc giao viec moi: Test split string, tai toa nha Toà M1 - 30 Đặng Thuỳ Trâm',1,to_timestamp('14-JUN-23 02.37.52.000000000 PM','DD-MON-RR HH.MI.SSXFF AM'));
Insert into DEVELOP.SMS_QUEUE (ID,PHONE,RECEIVE_NAME,CONTENT,IS_SEND,SEND_AT) values (43,'0356600236',null,'Ban da duoc giao viec moi: Lap dat mang vien thong 02, tai toa nha Toa M1 - 30 Dang Thuy Tram',1,to_timestamp('14-JUN-23 06.54.03.000000000 PM','DD-MON-RR HH.MI.SSXFF AM'));
Insert into DEVELOP.SMS_QUEUE (ID,PHONE,RECEIVE_NAME,CONTENT,IS_SEND,SEND_AT) values (44,'0987654312',null,'Ban da duoc giao viec: Lap dat mang vien thong 02 tai toa nha Toa M1 - 30 Dang Thuy Tram',1,to_timestamp('14-JUN-23 06.56.30.000000000 PM','DD-MON-RR HH.MI.SSXFF AM'));
Insert into DEVELOP.SMS_QUEUE (ID,PHONE,RECEIVE_NAME,CONTENT,IS_SEND,SEND_AT) values (45,'0432423999',null,'Le LONG da tiep nhan viec Lap dat mang vien thong 02 va them Diep (diepbui1) vao nhiem vu',1,to_timestamp('14-JUN-23 06.56.34.000000000 PM','DD-MON-RR HH.MI.SSXFF AM'));
Insert into DEVELOP.SMS_QUEUE (ID,PHONE,RECEIVE_NAME,CONTENT,IS_SEND,SEND_AT) values (46,'0343555916',null,'Ban da duoc giao viec moi: Lap dat mang vien thong 02 tai toa nha Toa M1 - 30 Dang Thuy Tram',1,to_timestamp('14-JUN-23 06.57.23.000000000 PM','DD-MON-RR HH.MI.SSXFF AM'));
Insert into DEVELOP.SMS_QUEUE (ID,PHONE,RECEIVE_NAME,CONTENT,IS_SEND,SEND_AT) values (47,'0432423999',null,'Le LONG da them diep a (diepngoc) vao nhiem vu. Ly do: thieu nguoi',1,to_timestamp('14-JUN-23 06.57.27.000000000 PM','DD-MON-RR HH.MI.SSXFF AM'));
Insert into DEVELOP.SMS_QUEUE (ID,PHONE,RECEIVE_NAME,CONTENT,IS_SEND,SEND_AT) values (48,'0432423999',null,'Le LONG da danh dau hoan thanh cong viec Lap dat mang vien thong 02',1,to_timestamp('14-JUN-23 06.58.19.000000000 PM','DD-MON-RR HH.MI.SSXFF AM'));
Insert into DEVELOP.SMS_QUEUE (ID,PHONE,RECEIVE_NAME,CONTENT,IS_SEND,SEND_AT) values (49,'0432423999',null,'Le LONG da tu choi nhan viec Test email is duplicated 01 vi ',1,to_timestamp('14-JUN-23 07.01.24.000000000 PM','DD-MON-RR HH.MI.SSXFF AM'));
Insert into DEVELOP.SMS_QUEUE (ID,PHONE,RECEIVE_NAME,CONTENT,IS_SEND,SEND_AT) values (50,'0921228190',null,'Ban da duoc giao viec: Sua chua mang vien thong tai toa nha Sugar - 30 Dang Thuy Tram',1,to_timestamp('14-JUN-23 07.06.38.000000000 PM','DD-MON-RR HH.MI.SSXFF AM'));
Insert into DEVELOP.SMS_QUEUE (ID,PHONE,RECEIVE_NAME,CONTENT,IS_SEND,SEND_AT) values (51,'0432423999',null,'Le LONG da tiep nhan viec Sua chua mang vien thong va them Thanh (PhamThanh) vao nhiem vu',1,to_timestamp('14-JUN-23 07.06.42.000000000 PM','DD-MON-RR HH.MI.SSXFF AM'));
Insert into DEVELOP.SMS_QUEUE (ID,PHONE,RECEIVE_NAME,CONTENT,IS_SEND,SEND_AT) values (52,'0432423999',null,'Le LONG da bo cong viec Sua chua mang vien thongco viec rieng, khong the tiep tuc cong viec',1,to_timestamp('14-JUN-23 07.10.44.000000000 PM','DD-MON-RR HH.MI.SSXFF AM'));
Insert into DEVELOP.SMS_QUEUE (ID,PHONE,RECEIVE_NAME,CONTENT,IS_SEND,SEND_AT) values (122,'0988487066',null,'Le LONG da danh dau hoan thanh cong viec Khao sat cong viec moi',1,to_timestamp('21-JUN-23 05.38.20.000000000 PM','DD-MON-RR HH.MI.SSXFF AM'));
Insert into DEVELOP.SMS_QUEUE (ID,PHONE,RECEIVE_NAME,CONTENT,IS_SEND,SEND_AT) values (206,'0987654321',null,'Ban da duoc giao viec moi: 1, tai dia chi 30 dang thuy tram',1,to_timestamp('27-JUN-23 05.03.01.000000000 PM','DD-MON-RR HH.MI.SSXFF AM'));
Insert into DEVELOP.SMS_QUEUE (ID,PHONE,RECEIVE_NAME,CONTENT,IS_SEND,SEND_AT) values (207,'0869531996',null,'Ban da duoc giao viec moi: 1, tai dia chi 30 dang thuy tram',1,to_timestamp('27-JUN-23 05.06.45.000000000 PM','DD-MON-RR HH.MI.SSXFF AM'));
Insert into DEVELOP.SMS_QUEUE (ID,PHONE,RECEIVE_NAME,CONTENT,IS_SEND,SEND_AT) values (208,'0356600236',null,'Ban da duoc giao viec moi: 1, tai dia chi 30 dang thuy tram',1,to_timestamp('27-JUN-23 05.06.45.000000000 PM','DD-MON-RR HH.MI.SSXFF AM'));
Insert into DEVELOP.SMS_QUEUE (ID,PHONE,RECEIVE_NAME,CONTENT,IS_SEND,SEND_AT) values (209,'0988487067',null,'Nguyen Hoai da tiep nhan viec Xu ly su co cho cong viec da hoan thanh va them  vao nhiem vu',1,to_timestamp('27-JUN-23 05.24.08.000000000 PM','DD-MON-RR HH.MI.SSXFF AM'));
Insert into DEVELOP.SMS_QUEUE (ID,PHONE,RECEIVE_NAME,CONTENT,IS_SEND,SEND_AT) values (210,'0987654321',null,'Ban da duoc giao viec moi: 3, tai dia chi 30 dang thuy tram',1,to_timestamp('27-JUN-23 05.25.45.000000000 PM','DD-MON-RR HH.MI.SSXFF AM'));
Insert into DEVELOP.SMS_QUEUE (ID,PHONE,RECEIVE_NAME,CONTENT,IS_SEND,SEND_AT) values (211,'0987654321',null,'Ban da duoc giao viec moi: 41, tai dia chi 30 dang thuy tram',1,to_timestamp('27-JUN-23 05.35.06.000000000 PM','DD-MON-RR HH.MI.SSXFF AM'));
Insert into DEVELOP.SMS_QUEUE (ID,PHONE,RECEIVE_NAME,CONTENT,IS_SEND,SEND_AT) values (259,'0987654312',null,'Ban da duoc giao viec moi: Lap dat moi tai toa dia chi 30 dang thuy tram',1,to_timestamp('30-JUN-23 01.36.07.000000000 PM','DD-MON-RR HH.MI.SSXFF AM'));
Insert into DEVELOP.SMS_QUEUE (ID,PHONE,RECEIVE_NAME,CONTENT,IS_SEND,SEND_AT) values (260,'0988487067',null,'Nguyen Hoai da them Diep (diepbui1) vao nhiem vu. Ly do: thieu nguoi',1,to_timestamp('30-JUN-23 01.36.07.000000000 PM','DD-MON-RR HH.MI.SSXFF AM'));
Insert into DEVELOP.SMS_QUEUE (ID,PHONE,RECEIVE_NAME,CONTENT,IS_SEND,SEND_AT) values (261,'0356600236',null,'Ban da duoc giao viec moi: Lap dat moi tai toa dia chi 30 dang thuy tram',1,to_timestamp('30-JUN-23 01.36.18.000000000 PM','DD-MON-RR HH.MI.SSXFF AM'));
Insert into DEVELOP.SMS_QUEUE (ID,PHONE,RECEIVE_NAME,CONTENT,IS_SEND,SEND_AT) values (262,'0988487067',null,'Nguyen Hoai da them Long (longlv199) vao nhiem vu. Ly do: thieu nguoi',1,to_timestamp('30-JUN-23 01.36.18.000000000 PM','DD-MON-RR HH.MI.SSXFF AM'));
Insert into DEVELOP.SMS_QUEUE (ID,PHONE,RECEIVE_NAME,CONTENT,IS_SEND,SEND_AT) values (30,'0343555916',null,'Ban da duoc giao viec moi: Công việc 4 tai toa nha Toa nha 1 - 20 hoang quoc viet vi thieu nhan su thuc hien cong viec',1,to_timestamp('14-JUN-23 04.49.29.000000000 PM','DD-MON-RR HH.MI.SSXFF AM'));
Insert into DEVELOP.SMS_QUEUE (ID,PHONE,RECEIVE_NAME,CONTENT,IS_SEND,SEND_AT) values (31,'0532287534',null,'ho12 ten1 da them diệp a (diepngoc) vao nhiem vu',1,to_timestamp('14-JUN-23 04.49.29.000000000 PM','DD-MON-RR HH.MI.SSXFF AM'));
Insert into DEVELOP.SMS_QUEUE (ID,PHONE,RECEIVE_NAME,CONTENT,IS_SEND,SEND_AT) values (81,'0974237008',null,'Ban da duoc giao viec moi: 1, tai toa nha Toa M1 - 30 Dang Thuy Tram',1,to_timestamp('20-JUN-23 09.02.40.000000000 AM','DD-MON-RR HH.MI.SSXFF AM'));
Insert into DEVELOP.SMS_QUEUE (ID,PHONE,RECEIVE_NAME,CONTENT,IS_SEND,SEND_AT) values (82,'0356600236',null,'Ban da duoc giao viec moi: 1, tai toa nha Toa M1 - 30 Dang Thuy Tram',1,to_timestamp('20-JUN-23 12.43.02.000000000 PM','DD-MON-RR HH.MI.SSXFF AM'));
Insert into DEVELOP.SMS_QUEUE (ID,PHONE,RECEIVE_NAME,CONTENT,IS_SEND,SEND_AT) values (84,'0987654321',null,'Ban da duoc giao viec moi: 3, tai toa nha Toa M12 - 40 VCC',1,to_timestamp('20-JUN-23 02.55.31.000000000 PM','DD-MON-RR HH.MI.SSXFF AM'));
Insert into DEVELOP.SMS_QUEUE (ID,PHONE,RECEIVE_NAME,CONTENT,IS_SEND,SEND_AT) values (85,'0987654321',null,'Ban da duoc giao viec moi: 1, tai toa nha Toa M1 - 30 Dang Thuy Tram',1,to_timestamp('20-JUN-23 03.24.53.000000000 PM','DD-MON-RR HH.MI.SSXFF AM'));
Insert into DEVELOP.SMS_QUEUE (ID,PHONE,RECEIVE_NAME,CONTENT,IS_SEND,SEND_AT) values (86,'0988487066',null,'Nguyen Hoai da tiep nhan viec  va them  vao nhiem vu',1,to_timestamp('20-JUN-23 03.25.24.000000000 PM','DD-MON-RR HH.MI.SSXFF AM'));
Insert into DEVELOP.SMS_QUEUE (ID,PHONE,RECEIVE_NAME,CONTENT,IS_SEND,SEND_AT) values (87,'0988487066',null,'Nguyen Hoai da danh dau hoan thanh cong viec ',1,to_timestamp('20-JUN-23 03.25.39.000000000 PM','DD-MON-RR HH.MI.SSXFF AM'));
Insert into DEVELOP.SMS_QUEUE (ID,PHONE,RECEIVE_NAME,CONTENT,IS_SEND,SEND_AT) values (88,'0356600236',null,'Ban da duoc giao viec moi: 1, tai toa nha Toa M1 - 30 Dang Thuy Tram',1,to_timestamp('20-JUN-23 07.20.24.000000000 PM','DD-MON-RR HH.MI.SSXFF AM'));
Insert into DEVELOP.SMS_QUEUE (ID,PHONE,RECEIVE_NAME,CONTENT,IS_SEND,SEND_AT) values (89,'0356600236',null,'Ban da duoc giao viec moi: 1, tai toa nha Toa M12 - 40 VCC',1,to_timestamp('20-JUN-23 07.40.42.000000000 PM','DD-MON-RR HH.MI.SSXFF AM'));
Insert into DEVELOP.SMS_QUEUE (ID,PHONE,RECEIVE_NAME,CONTENT,IS_SEND,SEND_AT) values (94,'0921228190',null,'Ban da duoc giao viec:  tai toa nha Toa M12 - 40 VCC',1,to_timestamp('21-JUN-23 09.42.33.000000000 AM','DD-MON-RR HH.MI.SSXFF AM'));
Insert into DEVELOP.SMS_QUEUE (ID,PHONE,RECEIVE_NAME,CONTENT,IS_SEND,SEND_AT) values (95,'0432423990',null,'Le LONG da tiep nhan viec  va them Thanh (PhamThanh) vao nhiem vu',1,to_timestamp('21-JUN-23 09.42.33.000000000 AM','DD-MON-RR HH.MI.SSXFF AM'));
Insert into DEVELOP.SMS_QUEUE (ID,PHONE,RECEIVE_NAME,CONTENT,IS_SEND,SEND_AT) values (96,'0432423990',null,'Le LONG da tu choi nhan viec . Ly do: om, met, khong du suc khoe de lam',1,to_timestamp('21-JUN-23 09.57.26.000000000 AM','DD-MON-RR HH.MI.SSXFF AM'));
Insert into DEVELOP.SMS_QUEUE (ID,PHONE,RECEIVE_NAME,CONTENT,IS_SEND,SEND_AT) values (100,'0432423990',null,'Le LONG da tu choi nhan viec . Ly do: om, met, khong du suc khoe de lam',1,to_timestamp('21-JUN-23 10.05.58.000000000 AM','DD-MON-RR HH.MI.SSXFF AM'));
Insert into DEVELOP.SMS_QUEUE (ID,PHONE,RECEIVE_NAME,CONTENT,IS_SEND,SEND_AT) values (101,'0432423990',null,'Le LONG da danh dau hoan thanh cong viec Khao sat cong viec moi',1,to_timestamp('21-JUN-23 10.13.39.000000000 AM','DD-MON-RR HH.MI.SSXFF AM'));
Insert into DEVELOP.SMS_QUEUE (ID,PHONE,RECEIVE_NAME,CONTENT,IS_SEND,SEND_AT) values (102,'0356600236',null,'Ban da duoc giao viec moi: 3, tai toa nha Toa M12 - 40 VCC',1,to_timestamp('21-JUN-23 10.33.54.000000000 AM','DD-MON-RR HH.MI.SSXFF AM'));
Insert into DEVELOP.SMS_QUEUE (ID,PHONE,RECEIVE_NAME,CONTENT,IS_SEND,SEND_AT) values (103,'0974237008',null,'Ban da duoc giao viec moi: 2, tai toa nha Sugar - 30 Dang Thuy Tram',1,to_timestamp('21-JUN-23 02.01.52.000000000 PM','DD-MON-RR HH.MI.SSXFF AM'));
Insert into DEVELOP.SMS_QUEUE (ID,PHONE,RECEIVE_NAME,CONTENT,IS_SEND,SEND_AT) values (104,'0987654321',null,'Ban da duoc giao viec moi: 3, tai toa nha Sugar - 30 Dang Thuy Tram',1,to_timestamp('21-JUN-23 02.02.41.000000000 PM','DD-MON-RR HH.MI.SSXFF AM'));
Insert into DEVELOP.SMS_QUEUE (ID,PHONE,RECEIVE_NAME,CONTENT,IS_SEND,SEND_AT) values (105,'0988487066',null,'Nguyen Hoai da tu choi nhan viec . Ly do: abc',1,to_timestamp('21-JUN-23 02.03.02.000000000 PM','DD-MON-RR HH.MI.SSXFF AM'));
Insert into DEVELOP.SMS_QUEUE (ID,PHONE,RECEIVE_NAME,CONTENT,IS_SEND,SEND_AT) values (106,'0988487066',null,'Nguyen Hoai da tiep nhan viec  va them  vao nhiem vu',1,to_timestamp('21-JUN-23 02.03.30.000000000 PM','DD-MON-RR HH.MI.SSXFF AM'));
Insert into DEVELOP.SMS_QUEUE (ID,PHONE,RECEIVE_NAME,CONTENT,IS_SEND,SEND_AT) values (108,'0356600236',null,'Ban da duoc giao viec moi: 3, tai toa nha Sugar - 30 Dang Thuy Tram',1,to_timestamp('21-JUN-23 02.08.35.000000000 PM','DD-MON-RR HH.MI.SSXFF AM'));
Insert into DEVELOP.SMS_QUEUE (ID,PHONE,RECEIVE_NAME,CONTENT,IS_SEND,SEND_AT) values (109,'0356600236',null,'Ban da duoc giao viec moi: 1, tai toa nha E-Soft - 30 Dang Thuy Tram',1,to_timestamp('21-JUN-23 04.27.58.000000000 PM','DD-MON-RR HH.MI.SSXFF AM'));
Insert into DEVELOP.SMS_QUEUE (ID,PHONE,RECEIVE_NAME,CONTENT,IS_SEND,SEND_AT) values (110,'0988487066',null,'Le LONG da tiep nhan viec Khao sat cong viec moi va them  vao nhiem vu',1,to_timestamp('21-JUN-23 04.29.54.000000000 PM','DD-MON-RR HH.MI.SSXFF AM'));
Insert into DEVELOP.SMS_QUEUE (ID,PHONE,RECEIVE_NAME,CONTENT,IS_SEND,SEND_AT) values (111,'0988487066',null,'Le LONG da danh dau hoan thanh cong viec Khao sat cong viec moi',1,to_timestamp('21-JUN-23 04.30.46.000000000 PM','DD-MON-RR HH.MI.SSXFF AM'));
Insert into DEVELOP.SMS_QUEUE (ID,PHONE,RECEIVE_NAME,CONTENT,IS_SEND,SEND_AT) values (112,'0987654312',null,'Ban da duoc giao viec moi: 1, tai toa nha Cau giay - Cau giay',1,to_timestamp('21-JUN-23 04.31.57.000000000 PM','DD-MON-RR HH.MI.SSXFF AM'));
Insert into DEVELOP.SMS_QUEUE (ID,PHONE,RECEIVE_NAME,CONTENT,IS_SEND,SEND_AT) values (113,'0988698796',null,'Ban da duoc giao viec moi: 1, tai toa nha Cau giay - Cau giay',1,to_timestamp('21-JUN-23 04.32.06.000000000 PM','DD-MON-RR HH.MI.SSXFF AM'));
Insert into DEVELOP.SMS_QUEUE (ID,PHONE,RECEIVE_NAME,CONTENT,IS_SEND,SEND_AT) values (114,'0987654322',null,'Ban da duoc giao viec: Khao sat cong viec moi tai toa nha Cau giay - Cau giay',1,to_timestamp('21-JUN-23 05.36.14.000000000 PM','DD-MON-RR HH.MI.SSXFF AM'));
Insert into DEVELOP.SMS_QUEUE (ID,PHONE,RECEIVE_NAME,CONTENT,IS_SEND,SEND_AT) values (115,'0343555916',null,'Ban da duoc giao viec: Khao sat cong viec moi tai toa nha Cau giay - Cau giay',1,to_timestamp('21-JUN-23 05.36.14.000000000 PM','DD-MON-RR HH.MI.SSXFF AM'));
Insert into DEVELOP.SMS_QUEUE (ID,PHONE,RECEIVE_NAME,CONTENT,IS_SEND,SEND_AT) values (116,'0988487066',null,'Bui Diep da tiep nhan viec Khao sat cong viec moi va them Diep (diep), diep a (diepngoc) vao nhiem vu',1,to_timestamp('21-JUN-23 05.36.14.000000000 PM','DD-MON-RR HH.MI.SSXFF AM'));
Insert into DEVELOP.SMS_QUEUE (ID,PHONE,RECEIVE_NAME,CONTENT,IS_SEND,SEND_AT) values (117,'0988487066',null,'Bui Diep da them  vao nhiem vu. Ly do: test',1,to_timestamp('21-JUN-23 05.36.23.000000000 PM','DD-MON-RR HH.MI.SSXFF AM'));
Insert into DEVELOP.SMS_QUEUE (ID,PHONE,RECEIVE_NAME,CONTENT,IS_SEND,SEND_AT) values (119,'0356600236',null,'Ban da duoc giao viec moi: 1, tai toa nha Cau giay - Cau giay',1,to_timestamp('21-JUN-23 05.37.34.000000000 PM','DD-MON-RR HH.MI.SSXFF AM'));
Insert into DEVELOP.SMS_QUEUE (ID,PHONE,RECEIVE_NAME,CONTENT,IS_SEND,SEND_AT) values (120,'053453453534',null,'Ban da duoc giao viec moi: Khao sat cong viec moi tai toa nha Cau giay - Cau giay',1,to_timestamp('21-JUN-23 05.38.02.000000000 PM','DD-MON-RR HH.MI.SSXFF AM'));
Insert into DEVELOP.SMS_QUEUE (ID,PHONE,RECEIVE_NAME,CONTENT,IS_SEND,SEND_AT) values (121,'0988487066',null,'Le LONG da them Kien (duongkien) vao nhiem vu. Ly do: thieu nguoi',1,to_timestamp('21-JUN-23 05.38.02.000000000 PM','DD-MON-RR HH.MI.SSXFF AM'));
Insert into DEVELOP.SMS_QUEUE (ID,PHONE,RECEIVE_NAME,CONTENT,IS_SEND,SEND_AT) values (123,'0869531996',null,'Ban da duoc giao viec moi: 1, tai toa nha Cau giay - Cau giay',1,to_timestamp('22-JUN-23 04.26.38.000000000 PM','DD-MON-RR HH.MI.SSXFF AM'));
Insert into DEVELOP.SMS_QUEUE (ID,PHONE,RECEIVE_NAME,CONTENT,IS_SEND,SEND_AT) values (124,'0343555916',null,'Ban da duoc giao viec: Khao sat cong viec moi tai toa nha Cau giay - Cau giay',1,to_timestamp('22-JUN-23 04.34.10.000000000 PM','DD-MON-RR HH.MI.SSXFF AM'));
Insert into DEVELOP.SMS_QUEUE (ID,PHONE,RECEIVE_NAME,CONTENT,IS_SEND,SEND_AT) values (125,'0432423990',null,'Nguyen Huy Thong da tiep nhan viec Khao sat cong viec moi va them diep a (diepngoc) vao nhiem vu',1,to_timestamp('22-JUN-23 04.34.10.000000000 PM','DD-MON-RR HH.MI.SSXFF AM'));
Insert into DEVELOP.SMS_QUEUE (ID,PHONE,RECEIVE_NAME,CONTENT,IS_SEND,SEND_AT) values (126,'0987654320',null,'Ban da duoc giao viec moi: Khao sat cong viec moi tai toa nha Cau giay - Cau giay',1,to_timestamp('22-JUN-23 04.39.25.000000000 PM','DD-MON-RR HH.MI.SSXFF AM'));
Insert into DEVELOP.SMS_QUEUE (ID,PHONE,RECEIVE_NAME,CONTENT,IS_SEND,SEND_AT) values (127,'0432423990',null,'Nguyen Huy Thong da them HOAI (hoainguyen1) vao nhiem vu. Ly do: ho tro lap mang',1,to_timestamp('22-JUN-23 04.39.25.000000000 PM','DD-MON-RR HH.MI.SSXFF AM'));
Insert into DEVELOP.SMS_QUEUE (ID,PHONE,RECEIVE_NAME,CONTENT,IS_SEND,SEND_AT) values (128,'0987654321',null,'Ban da duoc giao viec moi: Khao sat cong viec moi tai toa nha Cau giay - Cau giay',1,to_timestamp('22-JUN-23 04.40.43.000000000 PM','DD-MON-RR HH.MI.SSXFF AM'));
Insert into DEVELOP.SMS_QUEUE (ID,PHONE,RECEIVE_NAME,CONTENT,IS_SEND,SEND_AT) values (129,'0432423990',null,'Nguyen Huy Thong da them Hoai (hoai1) vao nhiem vu. Ly do: them de sua day mang',1,to_timestamp('22-JUN-23 04.40.43.000000000 PM','DD-MON-RR HH.MI.SSXFF AM'));
Insert into DEVELOP.SMS_QUEUE (ID,PHONE,RECEIVE_NAME,CONTENT,IS_SEND,SEND_AT) values (130,'0974237008',null,'Ban da duoc giao viec moi: Khao sat cong viec moi tai toa nha Cau giay - Cau giay',1,to_timestamp('22-JUN-23 04.44.38.000000000 PM','DD-MON-RR HH.MI.SSXFF AM'));
Insert into DEVELOP.SMS_QUEUE (ID,PHONE,RECEIVE_NAME,CONTENT,IS_SEND,SEND_AT) values (131,'0432423990',null,'Nguyen Huy Thong da them Thu Hoai (Hoainguyen) vao nhiem vu. Ly do: them de sua day mang',1,to_timestamp('22-JUN-23 04.44.38.000000000 PM','DD-MON-RR HH.MI.SSXFF AM'));
Insert into DEVELOP.SMS_QUEUE (ID,PHONE,RECEIVE_NAME,CONTENT,IS_SEND,SEND_AT) values (139,'0432423990',null,'Nguyen Huy Thong da tu choi nhan viec Khao sat cong viec moi cua khach hang cu. Ly do: khong khbar thi',1,to_timestamp('23-JUN-23 09.51.03.000000000 AM','DD-MON-RR HH.MI.SSXFF AM'));
Insert into DEVELOP.SMS_QUEUE (ID,PHONE,RECEIVE_NAME,CONTENT,IS_SEND,SEND_AT) values (219,'0432423990',null,'Le LONG da tiep nhan viec Khao sat cong viec moi va them  vao nhiem vu',1,to_timestamp('28-JUN-23 10.22.21.000000000 AM','DD-MON-RR HH.MI.SSXFF AM'));
Insert into DEVELOP.SMS_QUEUE (ID,PHONE,RECEIVE_NAME,CONTENT,IS_SEND,SEND_AT) values (222,'0432423990',null,'Le LONG da danh dau hoan thanh cong viec Khao sat cong viec moi',1,to_timestamp('28-JUN-23 10.42.29.000000000 AM','DD-MON-RR HH.MI.SSXFF AM'));
Insert into DEVELOP.SMS_QUEUE (ID,PHONE,RECEIVE_NAME,CONTENT,IS_SEND,SEND_AT) values (223,'0987654300',null,'Ban da duoc giao viec moi: Khao sat cong viec moi cua khach hang cu tai toa nha Vincom ba trieu - ba trieu',1,to_timestamp('28-JUN-23 10.42.42.000000000 AM','DD-MON-RR HH.MI.SSXFF AM'));
Insert into DEVELOP.SMS_QUEUE (ID,PHONE,RECEIVE_NAME,CONTENT,IS_SEND,SEND_AT) values (224,'0432423990',null,'Le LONG da them My Linh (mylinh01) vao nhiem vu. Ly do: thieu nguoi',1,to_timestamp('28-JUN-23 10.42.42.000000000 AM','DD-MON-RR HH.MI.SSXFF AM'));
Insert into DEVELOP.SMS_QUEUE (ID,PHONE,RECEIVE_NAME,CONTENT,IS_SEND,SEND_AT) values (225,'0988487067',null,'Nguyen Hoai da tiep nhan viec Lap dat moi va them  vao nhiem vu',1,to_timestamp('28-JUN-23 11.01.49.000000000 AM','DD-MON-RR HH.MI.SSXFF AM'));
Insert into DEVELOP.SMS_QUEUE (ID,PHONE,RECEIVE_NAME,CONTENT,IS_SEND,SEND_AT) values (226,'0356600236',null,'Ban da duoc giao viec moi: 1, tai dia chi 30 dang thuy tram',1,to_timestamp('28-JUN-23 11.22.17.000000000 AM','DD-MON-RR HH.MI.SSXFF AM'));
Insert into DEVELOP.SMS_QUEUE (ID,PHONE,RECEIVE_NAME,CONTENT,IS_SEND,SEND_AT) values (227,'0988487067',null,'Nguyen Hoai da danh dau hoan thanh cong viec Lap dat moi',1,to_timestamp('28-JUN-23 11.50.10.000000000 AM','DD-MON-RR HH.MI.SSXFF AM'));
Insert into DEVELOP.SMS_QUEUE (ID,PHONE,RECEIVE_NAME,CONTENT,IS_SEND,SEND_AT) values (228,'0356600236',null,'Ban da duoc giao viec moi: 1, tai dia chi 30 dang thuy tram',1,to_timestamp('28-JUN-23 11.54.52.000000000 AM','DD-MON-RR HH.MI.SSXFF AM'));
Insert into DEVELOP.SMS_QUEUE (ID,PHONE,RECEIVE_NAME,CONTENT,IS_SEND,SEND_AT) values (229,'0356600236',null,'Ban da duoc giao viec moi: 41, tai dia chi 30 dang thuy tram',1,to_timestamp('28-JUN-23 11.58.19.000000000 AM','DD-MON-RR HH.MI.SSXFF AM'));
Insert into DEVELOP.SMS_QUEUE (ID,PHONE,RECEIVE_NAME,CONTENT,IS_SEND,SEND_AT) values (230,'0987654321',null,'Ban da duoc giao viec moi: 41, tai dia chi 30 dang thuy tram',1,to_timestamp('28-JUN-23 01.07.56.000000000 PM','DD-MON-RR HH.MI.SSXFF AM'));
Insert into DEVELOP.SMS_QUEUE (ID,PHONE,RECEIVE_NAME,CONTENT,IS_SEND,SEND_AT) values (231,'0988487067',null,'Nguyen Hoai da tiep nhan viec Lap dat moi va them  vao nhiem vu',1,to_timestamp('28-JUN-23 01.08.13.000000000 PM','DD-MON-RR HH.MI.SSXFF AM'));
Insert into DEVELOP.SMS_QUEUE (ID,PHONE,RECEIVE_NAME,CONTENT,IS_SEND,SEND_AT) values (232,'0987654321',null,'Ban da duoc giao viec moi: 41, tai toa nha Ha Long - Quang Ninh',1,to_timestamp('28-JUN-23 01.09.58.000000000 PM','DD-MON-RR HH.MI.SSXFF AM'));
Insert into DEVELOP.SMS_QUEUE (ID,PHONE,RECEIVE_NAME,CONTENT,IS_SEND,SEND_AT) values (234,'0869531996',null,'Ban da duoc giao viec moi: 1, tai toa nha Royal City - Nguyen Trai',1,to_timestamp('28-JUN-23 01.27.22.000000000 PM','DD-MON-RR HH.MI.SSXFF AM'));
Insert into DEVELOP.SMS_QUEUE (ID,PHONE,RECEIVE_NAME,CONTENT,IS_SEND,SEND_AT) values (235,'0356600236',null,'Ban da duoc giao viec moi: 1, tai toa nha Royal City - Nguyen Trai',1,to_timestamp('28-JUN-23 01.27.22.000000000 PM','DD-MON-RR HH.MI.SSXFF AM'));
Insert into DEVELOP.SMS_QUEUE (ID,PHONE,RECEIVE_NAME,CONTENT,IS_SEND,SEND_AT) values (236,'0432423990',null,'Le LONG da tiep nhan viec Khao sat cong viec moi va them  vao nhiem vu',1,to_timestamp('28-JUN-23 01.31.25.000000000 PM','DD-MON-RR HH.MI.SSXFF AM'));
Insert into DEVELOP.SMS_QUEUE (ID,PHONE,RECEIVE_NAME,CONTENT,IS_SEND,SEND_AT) values (237,'0432423990',null,'Le LONG da danh dau hoan thanh cong viec Khao sat cong viec moi',1,to_timestamp('28-JUN-23 01.31.32.000000000 PM','DD-MON-RR HH.MI.SSXFF AM'));
Insert into DEVELOP.SMS_QUEUE (ID,PHONE,RECEIVE_NAME,CONTENT,IS_SEND,SEND_AT) values (238,'0988487067',null,'Nguyen Hoai da danh dau hoan thanh cong viec Lap dat moi',1,to_timestamp('28-JUN-23 01.32.00.000000000 PM','DD-MON-RR HH.MI.SSXFF AM'));
Insert into DEVELOP.SMS_QUEUE (ID,PHONE,RECEIVE_NAME,CONTENT,IS_SEND,SEND_AT) values (239,'0987654321',null,'Ban da duoc giao viec moi: 41, tai toa nha Royal City - Nguyen Trai',1,to_timestamp('28-JUN-23 01.33.09.000000000 PM','DD-MON-RR HH.MI.SSXFF AM'));
Insert into DEVELOP.SMS_QUEUE (ID,PHONE,RECEIVE_NAME,CONTENT,IS_SEND,SEND_AT) values (240,'0988487067',null,'Nguyen Hoai da tiep nhan viec Lap dat moi va them  vao nhiem vu',1,to_timestamp('28-JUN-23 01.33.19.000000000 PM','DD-MON-RR HH.MI.SSXFF AM'));
Insert into DEVELOP.SMS_QUEUE (ID,PHONE,RECEIVE_NAME,CONTENT,IS_SEND,SEND_AT) values (241,'0988487067',null,'Nguyen Hoai da danh dau hoan thanh cong viec Lap dat moi',1,to_timestamp('28-JUN-23 01.33.24.000000000 PM','DD-MON-RR HH.MI.SSXFF AM'));
Insert into DEVELOP.SMS_QUEUE (ID,PHONE,RECEIVE_NAME,CONTENT,IS_SEND,SEND_AT) values (248,'0987654321',null,'Ban da duoc giao viec moi: 2, tai toa nha Royal City - Nguyen Trai',1,to_timestamp('29-JUN-23 09.27.48.000000000 AM','DD-MON-RR HH.MI.SSXFF AM'));
Insert into DEVELOP.SMS_QUEUE (ID,PHONE,RECEIVE_NAME,CONTENT,IS_SEND,SEND_AT) values (249,'0988487067',null,'Nguyen Hoai da tu choi nhan viec Xu ly su co cho cong viec da hoan thanh. Ly do: ngay nghi om',1,to_timestamp('29-JUN-23 09.40.40.000000000 AM','DD-MON-RR HH.MI.SSXFF AM'));
Insert into DEVELOP.SMS_QUEUE (ID,PHONE,RECEIVE_NAME,CONTENT,IS_SEND,SEND_AT) values (250,'0987654321',null,'Ban da duoc giao viec moi: 3, tai toa nha Ha Long - Quang Ninh',1,to_timestamp('29-JUN-23 09.41.20.000000000 AM','DD-MON-RR HH.MI.SSXFF AM'));
Insert into DEVELOP.SMS_QUEUE (ID,PHONE,RECEIVE_NAME,CONTENT,IS_SEND,SEND_AT) values (251,'0988487067',null,'Nguyen Hoai da tu choi nhan viec Khach hang bao loi. Ly do: dang nghi om',1,to_timestamp('29-JUN-23 09.41.38.000000000 AM','DD-MON-RR HH.MI.SSXFF AM'));
Insert into DEVELOP.SMS_QUEUE (ID,PHONE,RECEIVE_NAME,CONTENT,IS_SEND,SEND_AT) values (252,'0988487067',null,'Nguyen Hoai da bo cong viec Xu ly su co cho cong viec da hoan thanh. Ly do: dang nghi om',1,to_timestamp('29-JUN-23 09.45.24.000000000 AM','DD-MON-RR HH.MI.SSXFF AM'));
Insert into DEVELOP.SMS_QUEUE (ID,PHONE,RECEIVE_NAME,CONTENT,IS_SEND,SEND_AT) values (253,'0987654321',null,'Ban da duoc giao viec moi: 1, tai dia chi 30 dang thuy tram',1,to_timestamp('29-JUN-23 09.56.48.000000000 AM','DD-MON-RR HH.MI.SSXFF AM'));
Insert into DEVELOP.SMS_QUEUE (ID,PHONE,RECEIVE_NAME,CONTENT,IS_SEND,SEND_AT) values (254,'0988487067',null,'Nguyen Hoai da tiep nhan viec Khao sat cong viec moi va them  vao nhiem vu',1,to_timestamp('29-JUN-23 09.57.02.000000000 AM','DD-MON-RR HH.MI.SSXFF AM'));
Insert into DEVELOP.SMS_QUEUE (ID,PHONE,RECEIVE_NAME,CONTENT,IS_SEND,SEND_AT) values (255,'0988487067',null,'Nguyen Hoai da danh dau hoan thanh cong viec Khao sat cong viec moi',1,to_timestamp('29-JUN-23 09.57.06.000000000 AM','DD-MON-RR HH.MI.SSXFF AM'));
Insert into DEVELOP.SMS_QUEUE (ID,PHONE,RECEIVE_NAME,CONTENT,IS_SEND,SEND_AT) values (25,'0532287534',null,'ho12 ten1 da bo cong viec viec Test sending email duplicated',1,to_timestamp('14-JUN-23 04.39.19.000000000 PM','DD-MON-RR HH.MI.SSXFF AM'));
Insert into DEVELOP.SMS_QUEUE (ID,PHONE,RECEIVE_NAME,CONTENT,IS_SEND,SEND_AT) values (26,'0532287534',null,'ho12 ten1 da bo cong viec viec Cong viec 6',1,to_timestamp('14-JUN-23 04.43.24.000000000 PM','DD-MON-RR HH.MI.SSXFF AM'));
Insert into DEVELOP.SMS_QUEUE (ID,PHONE,RECEIVE_NAME,CONTENT,IS_SEND,SEND_AT) values (27,'0987654325',null,'Ban da duoc giao viec: Công việc 4 tai toa nha Toa nha 1 - 20 hoang quoc viet',1,to_timestamp('14-JUN-23 04.46.05.000000000 PM','DD-MON-RR HH.MI.SSXFF AM'));
Insert into DEVELOP.SMS_QUEUE (ID,PHONE,RECEIVE_NAME,CONTENT,IS_SEND,SEND_AT) values (28,'0974237008',null,'Ban da duoc giao viec: Công việc 4 tai toa nha Toa nha 1 - 20 hoang quoc viet',1,to_timestamp('14-JUN-23 04.46.05.000000000 PM','DD-MON-RR HH.MI.SSXFF AM'));
Insert into DEVELOP.SMS_QUEUE (ID,PHONE,RECEIVE_NAME,CONTENT,IS_SEND,SEND_AT) values (29,'0532287534',null,'ho12 ten1 da tiep nhan viec Cong viec 4 va them Hiệp (Hieptran), Thu Hoài (Hoainguyen) vao nhiem vu',1,to_timestamp('14-JUN-23 04.46.05.000000000 PM','DD-MON-RR HH.MI.SSXFF AM'));
Insert into DEVELOP.SMS_QUEUE (ID,PHONE,RECEIVE_NAME,CONTENT,IS_SEND,SEND_AT) values (32,'0987654320',null,'Ban da duoc giao viec moi: Công việc 4 tai toa nha Toa nha 1 - 20 hoang quoc viet',1,to_timestamp('14-JUN-23 04.52.50.000000000 PM','DD-MON-RR HH.MI.SSXFF AM'));
Insert into DEVELOP.SMS_QUEUE (ID,PHONE,RECEIVE_NAME,CONTENT,IS_SEND,SEND_AT) values (33,'053453453534',null,'Ban da duoc giao viec moi: Công việc 4 tai toa nha Toa nha 1 - 20 hoang quoc viet',1,to_timestamp('14-JUN-23 04.52.50.000000000 PM','DD-MON-RR HH.MI.SSXFF AM'));
Insert into DEVELOP.SMS_QUEUE (ID,PHONE,RECEIVE_NAME,CONTENT,IS_SEND,SEND_AT) values (34,'0532287534',null,'ho12 ten1 da them HOAI (hoainguyen1), Kien (duongkien) vao nhiem vu. Ly do: thieu nguoi',1,to_timestamp('14-JUN-23 04.52.50.000000000 PM','DD-MON-RR HH.MI.SSXFF AM'));
Insert into DEVELOP.SMS_QUEUE (ID,PHONE,RECEIVE_NAME,CONTENT,IS_SEND,SEND_AT) values (35,'0971234561',null,'Ban da duoc giao viec moi: Công việc 4 tai toa nha Toa nha 1 - 20 hoang quoc viet',1,to_timestamp('14-JUN-23 04.53.47.000000000 PM','DD-MON-RR HH.MI.SSXFF AM'));
Insert into DEVELOP.SMS_QUEUE (ID,PHONE,RECEIVE_NAME,CONTENT,IS_SEND,SEND_AT) values (36,'0532287534',null,'ho12 ten1 da them Linh (vanlinh3) vao nhiem vu. Ly do: thieu nguoi',1,to_timestamp('14-JUN-23 04.53.47.000000000 PM','DD-MON-RR HH.MI.SSXFF AM'));
Insert into DEVELOP.SMS_QUEUE (ID,PHONE,RECEIVE_NAME,CONTENT,IS_SEND,SEND_AT) values (37,'0987654312',null,'Ban da duoc giao viec moi: Test email is duplicated 01, tai toa nha Toa nha 1 - 20 hoang quoc viet',1,to_timestamp('14-JUN-23 05.25.27.000000000 PM','DD-MON-RR HH.MI.SSXFF AM'));
Insert into DEVELOP.SMS_QUEUE (ID,PHONE,RECEIVE_NAME,CONTENT,IS_SEND,SEND_AT) values (38,'0974237008',null,'Ban da duoc giao viec moi: Test email is duplicated 01, tai toa nha Toa nha 1 - 20 hoang quoc viet',1,to_timestamp('14-JUN-23 05.25.29.000000000 PM','DD-MON-RR HH.MI.SSXFF AM'));
Insert into DEVELOP.SMS_QUEUE (ID,PHONE,RECEIVE_NAME,CONTENT,IS_SEND,SEND_AT) values (39,'0869531996',null,'Ban da duoc giao viec moi: Test email is duplicated 01, tai toa nha Toa nha 1 - 20 hoang quoc viet',1,to_timestamp('14-JUN-23 05.25.31.000000000 PM','DD-MON-RR HH.MI.SSXFF AM'));
Insert into DEVELOP.SMS_QUEUE (ID,PHONE,RECEIVE_NAME,CONTENT,IS_SEND,SEND_AT) values (40,'0356600236',null,'Ban da duoc giao viec moi: Test email is duplicated 01, tai toa nha Toa nha 1 - 20 hoang quoc viet',1,to_timestamp('14-JUN-23 05.25.33.000000000 PM','DD-MON-RR HH.MI.SSXFF AM'));
Insert into DEVELOP.SMS_QUEUE (ID,PHONE,RECEIVE_NAME,CONTENT,IS_SEND,SEND_AT) values (41,'0869531996',null,'Ban da duoc giao viec moi: Sua chua mang vien thong, tai toa nha Sugar - 30 Dang Thuy Tram',1,to_timestamp('14-JUN-23 06.20.13.000000000 PM','DD-MON-RR HH.MI.SSXFF AM'));
Insert into DEVELOP.SMS_QUEUE (ID,PHONE,RECEIVE_NAME,CONTENT,IS_SEND,SEND_AT) values (42,'0356600236',null,'Ban da duoc giao viec moi: Sua chua mang vien thong, tai toa nha Sugar - 30 Dang Thuy Tram',1,to_timestamp('14-JUN-23 06.20.15.000000000 PM','DD-MON-RR HH.MI.SSXFF AM'));
Insert into DEVELOP.SMS_QUEUE (ID,PHONE,RECEIVE_NAME,CONTENT,IS_SEND,SEND_AT) values (54,'0432423999',null,'Nguyen Huy Thong da tiep nhan viec Test email is duplicated 01 va them  vao nhiem vu',1,to_timestamp('15-JUN-23 08.16.25.000000000 PM','DD-MON-RR HH.MI.SSXFF AM'));
Insert into DEVELOP.SMS_QUEUE (ID,PHONE,RECEIVE_NAME,CONTENT,IS_SEND,SEND_AT) values (55,'0987654321',null,'Ban da duoc giao viec moi: Test email is duplicated 01 tai toa nha Toa nha 1 - 20 hoang quoc viet',1,to_timestamp('15-JUN-23 08.16.48.000000000 PM','DD-MON-RR HH.MI.SSXFF AM'));
Insert into DEVELOP.SMS_QUEUE (ID,PHONE,RECEIVE_NAME,CONTENT,IS_SEND,SEND_AT) values (56,'0987654325',null,'Ban da duoc giao viec moi: Test email is duplicated 01 tai toa nha Toa nha 1 - 20 hoang quoc viet',1,to_timestamp('15-JUN-23 08.16.51.000000000 PM','DD-MON-RR HH.MI.SSXFF AM'));
Insert into DEVELOP.SMS_QUEUE (ID,PHONE,RECEIVE_NAME,CONTENT,IS_SEND,SEND_AT) values (57,'0432423999',null,'Nguyen Huy Thong da them Hoai (hoai1), Hiep (Hieptran) vao nhiem vu. Ly do: ho tro lap mang',1,to_timestamp('15-JUN-23 08.16.53.000000000 PM','DD-MON-RR HH.MI.SSXFF AM'));
Insert into DEVELOP.SMS_QUEUE (ID,PHONE,RECEIVE_NAME,CONTENT,IS_SEND,SEND_AT) values (58,'0432423999',null,'Nguyen Huy Thong da danh dau hoan thanh cong viec Test email is duplicated 01',1,to_timestamp('15-JUN-23 08.17.14.000000000 PM','DD-MON-RR HH.MI.SSXFF AM'));
Insert into DEVELOP.SMS_QUEUE (ID,PHONE,RECEIVE_NAME,CONTENT,IS_SEND,SEND_AT) values (61,'0869531996',null,'Ban da duoc giao viec moi: khao sat, tai toa nha Toa M1 - 30 Dang Thuy Tram',1,to_timestamp('16-JUN-23 10.31.14.000000000 AM','DD-MON-RR HH.MI.SSXFF AM'));
Insert into DEVELOP.SMS_QUEUE (ID,PHONE,RECEIVE_NAME,CONTENT,IS_SEND,SEND_AT) values (62,'0432423999',null,'Nguyen Huy Thong da tu choi nhan viec khao sat. Ly do: khong kha thi',1,to_timestamp('16-JUN-23 10.32.16.000000000 AM','DD-MON-RR HH.MI.SSXFF AM'));
Insert into DEVELOP.SMS_QUEUE (ID,PHONE,RECEIVE_NAME,CONTENT,IS_SEND,SEND_AT) values (63,'0869531996',null,'Ban da duoc giao viec moi: khao sat, tai toa nha Toa M1 - 30 Dang Thuy Tram',1,to_timestamp('16-JUN-23 10.36.48.000000000 AM','DD-MON-RR HH.MI.SSXFF AM'));
Insert into DEVELOP.SMS_QUEUE (ID,PHONE,RECEIVE_NAME,CONTENT,IS_SEND,SEND_AT) values (64,'0987654322',null,'Ban da duoc giao viec: khao sat tai toa nha Toa M1 - 30 Dang Thuy Tram',1,to_timestamp('16-JUN-23 10.40.23.000000000 AM','DD-MON-RR HH.MI.SSXFF AM'));
Insert into DEVELOP.SMS_QUEUE (ID,PHONE,RECEIVE_NAME,CONTENT,IS_SEND,SEND_AT) values (65,'0432423999',null,'Nguyen Huy Thong da tiep nhan viec khao sat va them Diep (diep) vao nhiem vu',1,to_timestamp('16-JUN-23 10.40.27.000000000 AM','DD-MON-RR HH.MI.SSXFF AM'));
Insert into DEVELOP.SMS_QUEUE (ID,PHONE,RECEIVE_NAME,CONTENT,IS_SEND,SEND_AT) values (66,'0432423999',null,'Nguyen Huy Thong da danh dau hoan thanh cong viec khao sat',1,to_timestamp('16-JUN-23 10.41.12.000000000 AM','DD-MON-RR HH.MI.SSXFF AM'));
Insert into DEVELOP.SMS_QUEUE (ID,PHONE,RECEIVE_NAME,CONTENT,IS_SEND,SEND_AT) values (67,'0987654321',null,'Ban da duoc giao viec moi: Lap dat mang, tai toa nha Sugar - 30 Dang Thuy Tram',1,to_timestamp('16-JUN-23 11.43.24.000000000 AM','DD-MON-RR HH.MI.SSXFF AM'));
Insert into DEVELOP.SMS_QUEUE (ID,PHONE,RECEIVE_NAME,CONTENT,IS_SEND,SEND_AT) values (68,'0988487066',null,'Nguyen Hoai da tiep nhan viec Lap dat mang va them  vao nhiem vu',1,to_timestamp('16-JUN-23 11.44.57.000000000 AM','DD-MON-RR HH.MI.SSXFF AM'));
Insert into DEVELOP.SMS_QUEUE (ID,PHONE,RECEIVE_NAME,CONTENT,IS_SEND,SEND_AT) values (69,'0988698796',null,'Ban da duoc giao viec moi: 1, tai toa nha Toa M1 - 30 Dang Thuy Tram',1,to_timestamp('16-JUN-23 06.47.49.000000000 PM','DD-MON-RR HH.MI.SSXFF AM'));
Insert into DEVELOP.SMS_QUEUE (ID,PHONE,RECEIVE_NAME,CONTENT,IS_SEND,SEND_AT) values (70,'0356600236',null,'Ban da duoc giao viec moi: 1, tai toa nha Toa M1 - 30 Dang Thuy Tram',1,to_timestamp('16-JUN-23 06.56.59.000000000 PM','DD-MON-RR HH.MI.SSXFF AM'));
Insert into DEVELOP.SMS_QUEUE (ID,PHONE,RECEIVE_NAME,CONTENT,IS_SEND,SEND_AT) values (181,'0987654321',null,'Ban da duoc giao viec moi: 1, tai toa nha Metropole - Ngo Quyen',1,to_timestamp('26-JUN-23 09.15.44.000000000 AM','DD-MON-RR HH.MI.SSXFF AM'));
Insert into DEVELOP.SMS_QUEUE (ID,PHONE,RECEIVE_NAME,CONTENT,IS_SEND,SEND_AT) values (182,'0988487066',null,'Nguyen Hoai da tiep nhan viec Khao sat cong viec moi va them  vao nhiem vu',1,to_timestamp('26-JUN-23 09.17.27.000000000 AM','DD-MON-RR HH.MI.SSXFF AM'));
Insert into DEVELOP.SMS_QUEUE (ID,PHONE,RECEIVE_NAME,CONTENT,IS_SEND,SEND_AT) values (183,'0432423990',null,'Nguyen Hoai da danh dau hoan thanh cong viec Khao sat cong viec moi',1,to_timestamp('26-JUN-23 09.17.43.000000000 AM','DD-MON-RR HH.MI.SSXFF AM'));
Insert into DEVELOP.SMS_QUEUE (ID,PHONE,RECEIVE_NAME,CONTENT,IS_SEND,SEND_AT) values (184,'0988487066',null,'Nguyen Hoai da tiep nhan viec Khao sat cong viec moi va them  vao nhiem vu',1,to_timestamp('26-JUN-23 09.18.26.000000000 AM','DD-MON-RR HH.MI.SSXFF AM'));
Insert into DEVELOP.SMS_QUEUE (ID,PHONE,RECEIVE_NAME,CONTENT,IS_SEND,SEND_AT) values (185,'0988487066',null,'Nguyen Hoai da danh dau hoan thanh cong viec Khao sat cong viec moi',1,to_timestamp('26-JUN-23 09.18.34.000000000 AM','DD-MON-RR HH.MI.SSXFF AM'));
Insert into DEVELOP.SMS_QUEUE (ID,PHONE,RECEIVE_NAME,CONTENT,IS_SEND,SEND_AT) values (186,'0988487066',null,'Nguyen Hoai da danh dau hoan thanh cong viec Khao sat cong viec moi',1,to_timestamp('26-JUN-23 09.18.39.000000000 AM','DD-MON-RR HH.MI.SSXFF AM'));
Insert into DEVELOP.SMS_QUEUE (ID,PHONE,RECEIVE_NAME,CONTENT,IS_SEND,SEND_AT) values (187,'0987654321',null,'Ban da duoc giao viec moi: 1, tai toa nha Landmark72 - 30 Dang Thuy Tram',1,to_timestamp('26-JUN-23 09.24.10.000000000 AM','DD-MON-RR HH.MI.SSXFF AM'));
Insert into DEVELOP.SMS_QUEUE (ID,PHONE,RECEIVE_NAME,CONTENT,IS_SEND,SEND_AT) values (188,'0987654321',null,'Ban da duoc giao viec moi: 1, tai toa nha E-Soft - 30 Dang Thuy Tram',1,to_timestamp('26-JUN-23 09.55.15.000000000 AM','DD-MON-RR HH.MI.SSXFF AM'));
Insert into DEVELOP.SMS_QUEUE (ID,PHONE,RECEIVE_NAME,CONTENT,IS_SEND,SEND_AT) values (189,'0988487066',null,'Nguyen Hoai da tiep nhan viec Khao sat cong viec moi va them  vao nhiem vu',1,to_timestamp('26-JUN-23 09.56.34.000000000 AM','DD-MON-RR HH.MI.SSXFF AM'));
Insert into DEVELOP.SMS_QUEUE (ID,PHONE,RECEIVE_NAME,CONTENT,IS_SEND,SEND_AT) values (190,'0988487066',null,'Nguyen Hoai da danh dau hoan thanh cong viec Khao sat cong viec moi',1,to_timestamp('26-JUN-23 09.56.43.000000000 AM','DD-MON-RR HH.MI.SSXFF AM'));
Insert into DEVELOP.SMS_QUEUE (ID,PHONE,RECEIVE_NAME,CONTENT,IS_SEND,SEND_AT) values (191,'0987654321',null,'Ban da duoc giao viec moi: 41, tai toa nha E-Soft - 30 Dang Thuy Tram',1,to_timestamp('26-JUN-23 09.57.09.000000000 AM','DD-MON-RR HH.MI.SSXFF AM'));
Insert into DEVELOP.SMS_QUEUE (ID,PHONE,RECEIVE_NAME,CONTENT,IS_SEND,SEND_AT) values (192,'0988487066',null,'Nguyen Hoai da tiep nhan viec Lap dat moi va them  vao nhiem vu',1,to_timestamp('26-JUN-23 09.57.25.000000000 AM','DD-MON-RR HH.MI.SSXFF AM'));
Insert into DEVELOP.SMS_QUEUE (ID,PHONE,RECEIVE_NAME,CONTENT,IS_SEND,SEND_AT) values (193,'0988487066',null,'Nguyen Hoai da danh dau hoan thanh cong viec Lap dat moi',1,to_timestamp('26-JUN-23 09.57.30.000000000 AM','DD-MON-RR HH.MI.SSXFF AM'));
Insert into DEVELOP.SMS_QUEUE (ID,PHONE,RECEIVE_NAME,CONTENT,IS_SEND,SEND_AT) values (203,'0356600236',null,'Ban da duoc giao viec moi: 2, tai dia chi 30 dang thuy tram',1,to_timestamp('27-JUN-23 02.44.56.000000000 PM','DD-MON-RR HH.MI.SSXFF AM'));
Insert into DEVELOP.SMS_QUEUE (ID,PHONE,RECEIVE_NAME,CONTENT,IS_SEND,SEND_AT) values (204,'0987755678',null,'Ban da duoc giao viec moi: 2, tai dia chi 30 dang thuy tram',1,to_timestamp('27-JUN-23 03.03.55.000000000 PM','DD-MON-RR HH.MI.SSXFF AM'));
Insert into DEVELOP.SMS_QUEUE (ID,PHONE,RECEIVE_NAME,CONTENT,IS_SEND,SEND_AT) values (205,'0987654321',null,'Ban da duoc giao viec moi: 2, tai toa nha Royal City - Nguyen Trai',1,to_timestamp('27-JUN-23 04.55.13.000000000 PM','DD-MON-RR HH.MI.SSXFF AM'));
Insert into DEVELOP.SMS_QUEUE (ID,PHONE,RECEIVE_NAME,CONTENT,IS_SEND,SEND_AT) values (256,'0432423990',null,'Le Long da tu choi nhan viec Khao sat da xong. Ly do: om, met, khong du suc khoe de lam',1,to_timestamp('29-JUN-23 10.44.29.000000000 AM','DD-MON-RR HH.MI.SSXFF AM'));
Insert into DEVELOP.SMS_QUEUE (ID,PHONE,RECEIVE_NAME,CONTENT,IS_SEND,SEND_AT) values (257,'0988487067',null,'Nguyen Hoai da tu choi nhan viec Lap dat moi. Ly do: dang nghi om',1,to_timestamp('30-JUN-23 01.25.13.000000000 PM','DD-MON-RR HH.MI.SSXFF AM'));
Insert into DEVELOP.SMS_QUEUE (ID,PHONE,RECEIVE_NAME,CONTENT,IS_SEND,SEND_AT) values (9,'0974237008',null,'Ban da duoc giao viec moi: Lắp bàn ghế, tai toa nha Toà M1 - 30 Đặng Thuỳ Trâm',1,to_timestamp('14-JUN-23 11.38.40.000000000 AM','DD-MON-RR HH.MI.SSXFF AM'));
Insert into DEVELOP.SMS_QUEUE (ID,PHONE,RECEIVE_NAME,CONTENT,IS_SEND,SEND_AT) values (10,'0534534531',null,'Ban da duoc giao viec moi: Lắp bàn ghế, tai toa nha Toà M1 - 30 Đặng Thuỳ Trâm',1,to_timestamp('14-JUN-23 11.38.42.000000000 AM','DD-MON-RR HH.MI.SSXFF AM'));
Insert into DEVELOP.SMS_QUEUE (ID,PHONE,RECEIVE_NAME,CONTENT,IS_SEND,SEND_AT) values (22,'0987654312',null,'Ban da duoc giao viec: Test sending email duplicated tai toa nha Toa M1 - 30 Dang Thuy Tram',1,to_timestamp('14-JUN-23 04.38.37.000000000 PM','DD-MON-RR HH.MI.SSXFF AM'));
Insert into DEVELOP.SMS_QUEUE (ID,PHONE,RECEIVE_NAME,CONTENT,IS_SEND,SEND_AT) values (23,'053453453534',null,'Ban da duoc giao viec: Test sending email duplicated tai toa nha Toa M1 - 30 Dang Thuy Tram',1,to_timestamp('14-JUN-23 04.38.37.000000000 PM','DD-MON-RR HH.MI.SSXFF AM'));
Insert into DEVELOP.SMS_QUEUE (ID,PHONE,RECEIVE_NAME,CONTENT,IS_SEND,SEND_AT) values (24,'0532287534',null,'ho12 ten1 da tiep nhan viec Test sending email duplicated va them Diệp (diepbui1), Kiên (duongkien) vao nhiem vu',1,to_timestamp('14-JUN-23 04.38.37.000000000 PM','DD-MON-RR HH.MI.SSXFF AM'));
Insert into DEVELOP.SMS_QUEUE (ID,PHONE,RECEIVE_NAME,CONTENT,IS_SEND,SEND_AT) values (53,'0432423999',null,'Nguyen Huy Thong da danh dau hoan thanh cong viec Sua chua mang vien thong',1,to_timestamp('15-JUN-23 11.22.34.000000000 AM','DD-MON-RR HH.MI.SSXFF AM'));
Insert into DEVELOP.SMS_QUEUE (ID,PHONE,RECEIVE_NAME,CONTENT,IS_SEND,SEND_AT) values (71,'0974237008',null,'Ban da duoc giao viec moi: 1, tai toa nha Toa M1 - 30 Dang Thuy Tram',1,to_timestamp('17-JUN-23 09.38.19.000000000 AM','DD-MON-RR HH.MI.SSXFF AM'));
Insert into DEVELOP.SMS_QUEUE (ID,PHONE,RECEIVE_NAME,CONTENT,IS_SEND,SEND_AT) values (90,'0356600236',null,'Ban da duoc giao viec moi: 1, tai toa nha Toa M1 - 30 Dang Thuy Tram',1,to_timestamp('21-JUN-23 08.56.25.000000000 AM','DD-MON-RR HH.MI.SSXFF AM'));
Insert into DEVELOP.SMS_QUEUE (ID,PHONE,RECEIVE_NAME,CONTENT,IS_SEND,SEND_AT) values (93,'0432423990',null,'Le LONG da tiep nhan viec  va them  vao nhiem vu',1,to_timestamp('21-JUN-23 09.11.26.000000000 AM','DD-MON-RR HH.MI.SSXFF AM'));
Insert into DEVELOP.SMS_QUEUE (ID,PHONE,RECEIVE_NAME,CONTENT,IS_SEND,SEND_AT) values (107,'0988487066',null,'Nguyen Hoai da danh dau hoan thanh cong viec ',1,to_timestamp('21-JUN-23 02.03.56.000000000 PM','DD-MON-RR HH.MI.SSXFF AM'));
Insert into DEVELOP.SMS_QUEUE (ID,PHONE,RECEIVE_NAME,CONTENT,IS_SEND,SEND_AT) values (118,'0988487066',null,'Bui Diep da bo cong viec Khao sat cong viec moi. Ly do: do suc khoe khong dam bao',1,to_timestamp('21-JUN-23 05.37.02.000000000 PM','DD-MON-RR HH.MI.SSXFF AM'));
Insert into DEVELOP.SMS_QUEUE (ID,PHONE,RECEIVE_NAME,CONTENT,IS_SEND,SEND_AT) values (132,'0987654321',null,'Ban da duoc giao viec moi: 1, tai toa nha E-Soft - 30 Dang Thuy Tram',1,to_timestamp('23-JUN-23 09.43.20.000000000 AM','DD-MON-RR HH.MI.SSXFF AM'));
Insert into DEVELOP.SMS_QUEUE (ID,PHONE,RECEIVE_NAME,CONTENT,IS_SEND,SEND_AT) values (133,'0987654312',null,'Ban da duoc giao viec moi: 1, tai toa nha E-Soft - 30 Dang Thuy Tram',1,to_timestamp('23-JUN-23 09.45.35.000000000 AM','DD-MON-RR HH.MI.SSXFF AM'));
Insert into DEVELOP.SMS_QUEUE (ID,PHONE,RECEIVE_NAME,CONTENT,IS_SEND,SEND_AT) values (134,'0869531996',null,'Ban da duoc giao viec moi: 1, tai toa nha E-Soft - 30 Dang Thuy Tram',1,to_timestamp('23-JUN-23 09.46.27.000000000 AM','DD-MON-RR HH.MI.SSXFF AM'));
Insert into DEVELOP.SMS_QUEUE (ID,PHONE,RECEIVE_NAME,CONTENT,IS_SEND,SEND_AT) values (135,'0987654325',null,'Ban da duoc giao viec moi: 1, tai toa nha Vincom ba trieu - ba trieu',1,to_timestamp('23-JUN-23 09.48.44.000000000 AM','DD-MON-RR HH.MI.SSXFF AM'));
Insert into DEVELOP.SMS_QUEUE (ID,PHONE,RECEIVE_NAME,CONTENT,IS_SEND,SEND_AT) values (136,'0869531996',null,'Ban da duoc giao viec moi: 1, tai toa nha Vincom ba trieu - ba trieu',1,to_timestamp('23-JUN-23 09.48.44.000000000 AM','DD-MON-RR HH.MI.SSXFF AM'));
Insert into DEVELOP.SMS_QUEUE (ID,PHONE,RECEIVE_NAME,CONTENT,IS_SEND,SEND_AT) values (137,'0869531996',null,'Ban da duoc giao viec moi: 1, tai toa nha Metropole - Ngo Quyen',1,to_timestamp('23-JUN-23 09.49.18.000000000 AM','DD-MON-RR HH.MI.SSXFF AM'));
Insert into DEVELOP.SMS_QUEUE (ID,PHONE,RECEIVE_NAME,CONTENT,IS_SEND,SEND_AT) values (138,'0869531996',null,'Ban da duoc giao viec moi: 1, tai toa nha Royal City - Nguyen Trai',1,to_timestamp('23-JUN-23 09.50.08.000000000 AM','DD-MON-RR HH.MI.SSXFF AM'));
Insert into DEVELOP.SMS_QUEUE (ID,PHONE,RECEIVE_NAME,CONTENT,IS_SEND,SEND_AT) values (140,'0432423990',null,'Nguyen Huy Thong da tiep nhan viec Khao sat cong viec moi va them  vao nhiem vu',1,to_timestamp('23-JUN-23 10.04.21.000000000 AM','DD-MON-RR HH.MI.SSXFF AM'));
Insert into DEVELOP.SMS_QUEUE (ID,PHONE,RECEIVE_NAME,CONTENT,IS_SEND,SEND_AT) values (141,'0356600236',null,'Ban da duoc giao viec: Khao sat cong viec moi tai toa nha Royal City - Nguyen Trai',1,to_timestamp('23-JUN-23 10.08.33.000000000 AM','DD-MON-RR HH.MI.SSXFF AM'));
Insert into DEVELOP.SMS_QUEUE (ID,PHONE,RECEIVE_NAME,CONTENT,IS_SEND,SEND_AT) values (142,'0432423990',null,'Nguyen Huy Thong da tiep nhan viec Khao sat cong viec moi va them LONG (longlv199) vao nhiem vu',1,to_timestamp('23-JUN-23 10.08.33.000000000 AM','DD-MON-RR HH.MI.SSXFF AM'));
Insert into DEVELOP.SMS_QUEUE (ID,PHONE,RECEIVE_NAME,CONTENT,IS_SEND,SEND_AT) values (143,'0432423990',null,'Nguyen Huy Thong da danh dau hoan thanh cong viec Khao sat cong viec moi',1,to_timestamp('23-JUN-23 10.13.46.000000000 AM','DD-MON-RR HH.MI.SSXFF AM'));
Insert into DEVELOP.SMS_QUEUE (ID,PHONE,RECEIVE_NAME,CONTENT,IS_SEND,SEND_AT) values (144,'0869531996',null,'Ban da duoc giao viec moi: 1, tai toa nha Cau giay - Cau giay',1,to_timestamp('23-JUN-23 11.34.22.000000000 AM','DD-MON-RR HH.MI.SSXFF AM'));
Insert into DEVELOP.SMS_QUEUE (ID,PHONE,RECEIVE_NAME,CONTENT,IS_SEND,SEND_AT) values (145,'0869531996',null,'Ban da duoc giao viec moi: 1, tai toa nha Vincom ba trieu - ba trieu',1,to_timestamp('23-JUN-23 11.45.49.000000000 AM','DD-MON-RR HH.MI.SSXFF AM'));
Insert into DEVELOP.SMS_QUEUE (ID,PHONE,RECEIVE_NAME,CONTENT,IS_SEND,SEND_AT) values (147,'0356600236',null,'Ban da duoc giao viec moi: 1, tai toa nha Metropole - Ngo Quyen',1,to_timestamp('23-JUN-23 01.38.28.000000000 PM','DD-MON-RR HH.MI.SSXFF AM'));
Insert into DEVELOP.SMS_QUEUE (ID,PHONE,RECEIVE_NAME,CONTENT,IS_SEND,SEND_AT) values (162,'0432423990',null,'Le LONG da danh dau hoan thanh cong viec Khao sat da xong',1,to_timestamp('23-JUN-23 04.38.20.000000000 PM','DD-MON-RR HH.MI.SSXFF AM'));
Insert into DEVELOP.SMS_QUEUE (ID,PHONE,RECEIVE_NAME,CONTENT,IS_SEND,SEND_AT) values (245,'0988487067',null,'Nguyen Hoai da tiep nhan viec Lap dat moi va them  vao nhiem vu',1,to_timestamp('28-JUN-23 04.15.06.000000000 PM','DD-MON-RR HH.MI.SSXFF AM'));
Insert into DEVELOP.SMS_QUEUE (ID,PHONE,RECEIVE_NAME,CONTENT,IS_SEND,SEND_AT) values (263,'0988487067',null,'Nguyen Hoai da tiep nhan viec Khach hang bao loi va them  vao nhiem vu',1,to_timestamp('30-JUN-23 01.43.30.000000000 PM','DD-MON-RR HH.MI.SSXFF AM'));
Insert into DEVELOP.SMS_QUEUE (ID,PHONE,RECEIVE_NAME,CONTENT,IS_SEND,SEND_AT) values (266,'0356600236',null,'Ban da duoc giao viec moi: Khach hang bao loi tai  dia chi 30 dang thuy tram',1,to_timestamp('30-JUN-23 01.46.06.000000000 PM','DD-MON-RR HH.MI.SSXFF AM'));
Insert into DEVELOP.SMS_QUEUE (ID,PHONE,RECEIVE_NAME,CONTENT,IS_SEND,SEND_AT) values (267,'0988487067',null,'Nguyen Hoai da them Long (longlv199) vao nhiem vu. Ly do: thieu nguoi',1,to_timestamp('30-JUN-23 01.46.06.000000000 PM','DD-MON-RR HH.MI.SSXFF AM'));
Insert into DEVELOP.SMS_QUEUE (ID,PHONE,RECEIVE_NAME,CONTENT,IS_SEND,SEND_AT) values (273,'0987654322',null,'Ban da duoc giao viec moi: 2, tai toa nha Trang Tien Plaza - 24 Hai Ba Trung',1,to_timestamp('01-JUL-23 09.59.05.000000000 AM','DD-MON-RR HH.MI.SSXFF AM'));
Insert into DEVELOP.SMS_QUEUE (ID,PHONE,RECEIVE_NAME,CONTENT,IS_SEND,SEND_AT) values (278,'0987654312',null,'Ban da duoc giao viec moi: Khach hang bao loi tai  dia chi 30 dang thuy tram',1,to_timestamp('01-JUL-23 11.20.24.000000000 AM','DD-MON-RR HH.MI.SSXFF AM'));
Insert into DEVELOP.SMS_QUEUE (ID,PHONE,RECEIVE_NAME,CONTENT,IS_SEND,SEND_AT) values (279,'0988487067',null,'Nguyen Hoai da them Diep (diepbui1) vao nhiem vu. Ly do: can nguoi ho tro',1,to_timestamp('01-JUL-23 11.20.24.000000000 AM','DD-MON-RR HH.MI.SSXFF AM'));
Insert into DEVELOP.SMS_QUEUE (ID,PHONE,RECEIVE_NAME,CONTENT,IS_SEND,SEND_AT) values (83,'0936823895',null,'Ban da duoc giao viec moi: 3, tai toa nha Toa M12 - 40 VCC',1,to_timestamp('20-JUN-23 02.54.15.000000000 PM','DD-MON-RR HH.MI.SSXFF AM'));
Insert into DEVELOP.SMS_QUEUE (ID,PHONE,RECEIVE_NAME,CONTENT,IS_SEND,SEND_AT) values (146,'0869531996',null,'Ban da duoc giao viec moi: 1, tai toa nha Metropole - Ngo Quyen',1,to_timestamp('23-JUN-23 11.54.46.000000000 AM','DD-MON-RR HH.MI.SSXFF AM'));
Insert into DEVELOP.SMS_QUEUE (ID,PHONE,RECEIVE_NAME,CONTENT,IS_SEND,SEND_AT) values (148,'0432423990',null,'Le LONG da tiep nhan viec Khao sat cong viec moi va them  vao nhiem vu',1,to_timestamp('23-JUN-23 01.57.58.000000000 PM','DD-MON-RR HH.MI.SSXFF AM'));
Insert into DEVELOP.SMS_QUEUE (ID,PHONE,RECEIVE_NAME,CONTENT,IS_SEND,SEND_AT) values (149,'0432423990',null,'Le LONG da danh dau hoan thanh cong viec Khao sat cong viec moi',1,to_timestamp('23-JUN-23 01.58.14.000000000 PM','DD-MON-RR HH.MI.SSXFF AM'));
Insert into DEVELOP.SMS_QUEUE (ID,PHONE,RECEIVE_NAME,CONTENT,IS_SEND,SEND_AT) values (150,'0356600236',null,'Ban da duoc giao viec moi: 41, tai toa nha Metropole - Ngo Quyen',1,to_timestamp('23-JUN-23 03.27.23.000000000 PM','DD-MON-RR HH.MI.SSXFF AM'));
Insert into DEVELOP.SMS_QUEUE (ID,PHONE,RECEIVE_NAME,CONTENT,IS_SEND,SEND_AT) values (151,'0432423990',null,'Le LONG da tiep nhan viec Khao sat da xong va them  vao nhiem vu',1,to_timestamp('23-JUN-23 04.07.44.000000000 PM','DD-MON-RR HH.MI.SSXFF AM'));
Insert into DEVELOP.SMS_QUEUE (ID,PHONE,RECEIVE_NAME,CONTENT,IS_SEND,SEND_AT) values (152,'0432423990',null,'Le LONG da danh dau hoan thanh cong viec Khao sat da xong',1,to_timestamp('23-JUN-23 04.08.01.000000000 PM','DD-MON-RR HH.MI.SSXFF AM'));
Insert into DEVELOP.SMS_QUEUE (ID,PHONE,RECEIVE_NAME,CONTENT,IS_SEND,SEND_AT) values (153,'0356600236',null,'Ban da duoc giao viec moi: 41, tai toa nha Metropole - Ngo Quyen',1,to_timestamp('23-JUN-23 04.18.54.000000000 PM','DD-MON-RR HH.MI.SSXFF AM'));
Insert into DEVELOP.SMS_QUEUE (ID,PHONE,RECEIVE_NAME,CONTENT,IS_SEND,SEND_AT) values (154,'0356600236',null,'Ban da duoc giao viec moi: 41, tai toa nha Metropole - Ngo Quyen',1,to_timestamp('23-JUN-23 04.26.29.000000000 PM','DD-MON-RR HH.MI.SSXFF AM'));
Insert into DEVELOP.SMS_QUEUE (ID,PHONE,RECEIVE_NAME,CONTENT,IS_SEND,SEND_AT) values (155,'0432423990',null,'Le LONG da tiep nhan viec Khao sat da xong va them  vao nhiem vu',1,to_timestamp('23-JUN-23 04.26.34.000000000 PM','DD-MON-RR HH.MI.SSXFF AM'));
Insert into DEVELOP.SMS_QUEUE (ID,PHONE,RECEIVE_NAME,CONTENT,IS_SEND,SEND_AT) values (156,'0432423990',null,'Le LONG da bo cong viec Khao sat da xong. Ly do: ',1,to_timestamp('23-JUN-23 04.26.49.000000000 PM','DD-MON-RR HH.MI.SSXFF AM'));
Insert into DEVELOP.SMS_QUEUE (ID,PHONE,RECEIVE_NAME,CONTENT,IS_SEND,SEND_AT) values (157,'0432423990',null,'Le LONG da tiep nhan viec Khao sat da xong va them  vao nhiem vu',1,to_timestamp('23-JUN-23 04.27.18.000000000 PM','DD-MON-RR HH.MI.SSXFF AM'));
Insert into DEVELOP.SMS_QUEUE (ID,PHONE,RECEIVE_NAME,CONTENT,IS_SEND,SEND_AT) values (158,'0432423990',null,'Le LONG da danh dau hoan thanh cong viec Khao sat da xong',1,to_timestamp('23-JUN-23 04.27.32.000000000 PM','DD-MON-RR HH.MI.SSXFF AM'));
Insert into DEVELOP.SMS_QUEUE (ID,PHONE,RECEIVE_NAME,CONTENT,IS_SEND,SEND_AT) values (159,'0432423990',null,'Le LONG da danh dau hoan thanh cong viec Khao sat da xong',1,to_timestamp('23-JUN-23 04.34.09.000000000 PM','DD-MON-RR HH.MI.SSXFF AM'));
Insert into DEVELOP.SMS_QUEUE (ID,PHONE,RECEIVE_NAME,CONTENT,IS_SEND,SEND_AT) values (163,'0987654321',null,'Ban da duoc giao viec moi: 1, tai toa nha Vincom ba trieu - ba trieu',1,to_timestamp('23-JUN-23 05.09.04.000000000 PM','DD-MON-RR HH.MI.SSXFF AM'));
Insert into DEVELOP.SMS_QUEUE (ID,PHONE,RECEIVE_NAME,CONTENT,IS_SEND,SEND_AT) values (201,'0974237008',null,'Ban da duoc giao viec moi: 2, tai toa nha Royal City - Nguyen Trai',1,to_timestamp('27-JUN-23 01.33.30.000000000 PM','DD-MON-RR HH.MI.SSXFF AM'));
Insert into DEVELOP.SMS_QUEUE (ID,PHONE,RECEIVE_NAME,CONTENT,IS_SEND,SEND_AT) values (202,'0356600236',null,'Ban da duoc giao viec moi: 1, tai dia chi 30 dang thuy tram',1,to_timestamp('27-JUN-23 01.43.15.000000000 PM','DD-MON-RR HH.MI.SSXFF AM'));
Insert into DEVELOP.SMS_QUEUE (ID,PHONE,RECEIVE_NAME,CONTENT,IS_SEND,SEND_AT) values (212,'0987654321',null,'Ban da duoc giao viec moi: 41, tai dia chi 30 dang thuy tram',1,to_timestamp('28-JUN-23 09.21.41.000000000 AM','DD-MON-RR HH.MI.SSXFF AM'));
Insert into DEVELOP.SMS_QUEUE (ID,PHONE,RECEIVE_NAME,CONTENT,IS_SEND,SEND_AT) values (220,'0869531996',null,'Ban da duoc giao viec moi: 1, tai toa nha Ha Long - Quang Ninh',1,to_timestamp('28-JUN-23 10.37.40.000000000 AM','DD-MON-RR HH.MI.SSXFF AM'));
Insert into DEVELOP.SMS_QUEUE (ID,PHONE,RECEIVE_NAME,CONTENT,IS_SEND,SEND_AT) values (221,'0356600236',null,'Ban da duoc giao viec moi: 1, tai toa nha Ha Long - Quang Ninh',1,to_timestamp('28-JUN-23 10.37.40.000000000 AM','DD-MON-RR HH.MI.SSXFF AM'));
Insert into DEVELOP.SMS_QUEUE (ID,PHONE,RECEIVE_NAME,CONTENT,IS_SEND,SEND_AT) values (233,'0987654321',null,'Ban da duoc giao viec moi: 41, tai toa nha Royal City - Nguyen Trai',1,to_timestamp('28-JUN-23 01.25.15.000000000 PM','DD-MON-RR HH.MI.SSXFF AM'));
Insert into DEVELOP.SMS_QUEUE (ID,PHONE,RECEIVE_NAME,CONTENT,IS_SEND,SEND_AT) values (242,'0988487067',null,'Nguyen Hoai da tiep nhan viec Lap dat moi va them  vao nhiem vu',1,to_timestamp('28-JUN-23 03.41.21.000000000 PM','DD-MON-RR HH.MI.SSXFF AM'));
Insert into DEVELOP.SMS_QUEUE (ID,PHONE,RECEIVE_NAME,CONTENT,IS_SEND,SEND_AT) values (243,'0988487067',null,'Nguyen Hoai da danh dau hoan thanh cong viec Lap dat moi',1,to_timestamp('28-JUN-23 03.41.27.000000000 PM','DD-MON-RR HH.MI.SSXFF AM'));
Insert into DEVELOP.SMS_QUEUE (ID,PHONE,RECEIVE_NAME,CONTENT,IS_SEND,SEND_AT) values (244,'0987654321',null,'Ban da duoc giao viec moi: 41, tai toa nha Royal City - Nguyen Trai',1,to_timestamp('28-JUN-23 04.14.50.000000000 PM','DD-MON-RR HH.MI.SSXFF AM'));
Insert into DEVELOP.SMS_QUEUE (ID,PHONE,RECEIVE_NAME,CONTENT,IS_SEND,SEND_AT) values (246,'0988487067',null,'Nguyen Hoai da danh dau hoan thanh cong viec Lap dat moi',1,to_timestamp('28-JUN-23 04.15.11.000000000 PM','DD-MON-RR HH.MI.SSXFF AM'));
Insert into DEVELOP.SMS_QUEUE (ID,PHONE,RECEIVE_NAME,CONTENT,IS_SEND,SEND_AT) values (247,'0432423990',null,'Le LONG da tu choi nhan viec Khao sat da xong. Ly do: khong du suc khoe',1,to_timestamp('28-JUN-23 04.36.55.000000000 PM','DD-MON-RR HH.MI.SSXFF AM'));
Insert into DEVELOP.SMS_QUEUE (ID,PHONE,RECEIVE_NAME,CONTENT,IS_SEND,SEND_AT) values (258,'0988487067',null,'Nguyen Hoai da tiep nhan viec Lap dat moi va them  vao nhiem vu',1,to_timestamp('30-JUN-23 01.25.53.000000000 PM','DD-MON-RR HH.MI.SSXFF AM'));
Insert into DEVELOP.SMS_QUEUE (ID,PHONE,RECEIVE_NAME,CONTENT,IS_SEND,SEND_AT) values (268,'0987654322',null,'Ban da duoc giao viec moi: 1, tai toa nha Trang Tien Plaza - 24 Hai Ba Trung',1,to_timestamp('30-JUN-23 05.09.01.000000000 PM','DD-MON-RR HH.MI.SSXFF AM'));
Insert into DEVELOP.SMS_QUEUE (ID,PHONE,RECEIVE_NAME,CONTENT,IS_SEND,SEND_AT) values (269,'0988487067',null,'Nguyen Hoai da tu choi nhan viec Khao sat cong viec moi. Ly do: dang nghi om',1,to_timestamp('01-JUL-23 09.49.09.000000000 AM','DD-MON-RR HH.MI.SSXFF AM'));
Insert into DEVELOP.SMS_QUEUE (ID,PHONE,RECEIVE_NAME,CONTENT,IS_SEND,SEND_AT) values (270,'0988487067',null,'Nguyen Hoai da tiep nhan viec Khao sat cong viec moi va them  vao nhiem vu',1,to_timestamp('01-JUL-23 09.50.55.000000000 AM','DD-MON-RR HH.MI.SSXFF AM'));
Insert into DEVELOP.SMS_QUEUE (ID,PHONE,RECEIVE_NAME,CONTENT,IS_SEND,SEND_AT) values (271,'0988487067',null,'Nguyen Hoai da danh dau hoan thanh cong viec Khao sat cong viec moi',1,to_timestamp('01-JUL-23 09.57.35.000000000 AM','DD-MON-RR HH.MI.SSXFF AM'));
Insert into DEVELOP.SMS_QUEUE (ID,PHONE,RECEIVE_NAME,CONTENT,IS_SEND,SEND_AT) values (272,'0988487067',null,'Nguyen Hoai da tu choi nhan viec Khao sat cong viec moi. Ly do: dang nghi om',1,to_timestamp('01-JUL-23 09.58.26.000000000 AM','DD-MON-RR HH.MI.SSXFF AM'));
Insert into DEVELOP.SMS_QUEUE (ID,PHONE,RECEIVE_NAME,CONTENT,IS_SEND,SEND_AT) values (274,'0988487067',null,'Nguyen Hoai da tu choi nhan viec Xu ly su co cho cong viec da hoan thanh. Ly do: dang nghi om',1,to_timestamp('01-JUL-23 09.59.17.000000000 AM','DD-MON-RR HH.MI.SSXFF AM'));
Insert into DEVELOP.SMS_QUEUE (ID,PHONE,RECEIVE_NAME,CONTENT,IS_SEND,SEND_AT) values (275,'0432423990',null,'Nguyen Hoai da tu choi nhan viec Khao sat cong viec moi. Ly do: dang nghi om',1,to_timestamp('01-JUL-23 09.59.38.000000000 AM','DD-MON-RR HH.MI.SSXFF AM'));
Insert into DEVELOP.SMS_QUEUE (ID,PHONE,RECEIVE_NAME,CONTENT,IS_SEND,SEND_AT) values (276,'0987654322',null,'Ban da duoc giao viec moi: 41, tai toa nha Royal City - Nguyen Trai',1,to_timestamp('01-JUL-23 10.00.36.000000000 AM','DD-MON-RR HH.MI.SSXFF AM'));
Insert into DEVELOP.SMS_QUEUE (ID,PHONE,RECEIVE_NAME,CONTENT,IS_SEND,SEND_AT) values (277,'0987654322',null,'Ban da duoc giao viec moi: 2, tai toa nha Ha Long - Quang Ninh',1,to_timestamp('01-JUL-23 10.01.07.000000000 AM','DD-MON-RR HH.MI.SSXFF AM'));
REM INSERTING into DEVELOP.USERS
SET DEFINE OFF;
Insert into DEVELOP.USERS (ID,USERNAME,PASSWORD,FIRSTNAME,LASTNAME,ADDRESS,EMAIL,PHONE,CREATED_DATE,ROLE_GROUP_ID,IS_ACTIVE,IS_DELETED,REAL_MANAGE_UNIT) values (21,'nhanvien2','$2y$10$YSLMETvFFleaafeqJeui8u6rdFcQ54Sj6PF2rBUC1TN/XpY.u.UKi','nhan vien 2','nguyen','20 dang thuy tram','nhanvien2@gmail.com','0324234832',null,1,1,0,null);
Insert into DEVELOP.USERS (ID,USERNAME,PASSWORD,FIRSTNAME,LASTNAME,ADDRESS,EMAIL,PHONE,CREATED_DATE,ROLE_GROUP_ID,IS_ACTIVE,IS_DELETED,REAL_MANAGE_UNIT) values (61,'admin01','$2y$10$ujwdOW1EWyo.a/WF5G1L2u1nOgudXWUe91KP/0ppi1B9ZfUeTu7hO','Tiến','Nguyễn văn',null,'longlv72@wru.vn','0432423990',null,1,1,0,null);
Insert into DEVELOP.USERS (ID,USERNAME,PASSWORD,FIRSTNAME,LASTNAME,ADDRESS,EMAIL,PHONE,CREATED_DATE,ROLE_GROUP_ID,IS_ACTIVE,IS_DELETED,REAL_MANAGE_UNIT) values (65,'hoai1','$2y$10$BWaFHQj9.Ll2frBoV0TCMObyHlawOfv2wMBvJZwFZW4qeSS.2DVES','Hoài','Nguyễn','30 Đặng Thuỳ Trâm','hoainguyen1@gmail.com','0987654322',null,2,1,0,null);
Insert into DEVELOP.USERS (ID,USERNAME,PASSWORD,FIRSTNAME,LASTNAME,ADDRESS,EMAIL,PHONE,CREATED_DATE,ROLE_GROUP_ID,IS_ACTIVE,IS_DELETED,REAL_MANAGE_UNIT) values (70,'diepbui1','$2y$10$wzQknUNoZCeszgSIN.HVPud2GyMHFjFNODFE0N6yjMYTZKiEHck6u','Diệp','Bùi',null,'diep1@gmail.com','0987654312',null,2,1,0,null);
Insert into DEVELOP.USERS (ID,USERNAME,PASSWORD,FIRSTNAME,LASTNAME,ADDRESS,EMAIL,PHONE,CREATED_DATE,ROLE_GROUP_ID,IS_ACTIVE,IS_DELETED,REAL_MANAGE_UNIT) values (71,'vanlinh','$2y$10$.8O.2YxP/Vc5Vz2F3zNO/ur08Y9hnHd9Dt9gik6.L09oyPQCmMXRe','Linh','Văn',null,'linh@gmail.com','0987654311',null,1,1,0,null);
Insert into DEVELOP.USERS (ID,USERNAME,PASSWORD,FIRSTNAME,LASTNAME,ADDRESS,EMAIL,PHONE,CREATED_DATE,ROLE_GROUP_ID,IS_ACTIVE,IS_DELETED,REAL_MANAGE_UNIT) values (74,'thongdeptrai','$2y$10$kQDdzt4zJoOdvKkuhnVU.egmS5Dpnt5TgZ/MX1OqbuAMHNOUQ.GpS','Đẹp trai','Thông','30 Đặng Thùy Trâm','thongdeptrai@gmail.com','0988698796',null,2,1,0,null);
Insert into DEVELOP.USERS (ID,USERNAME,PASSWORD,FIRSTNAME,LASTNAME,ADDRESS,EMAIL,PHONE,CREATED_DATE,ROLE_GROUP_ID,IS_ACTIVE,IS_DELETED,REAL_MANAGE_UNIT) values (75,'Hoainguyen','$2y$10$1kvbjGYCuGCMe8fF6j9RtepwSpRxfjGMerh8M.QEJCxv7UEbfceRy','Thu Hoài','Nguyễn','Xuân La','Hoainguyen31@gmail.com','0974237008',null,2,1,0,null);
Insert into DEVELOP.USERS (ID,USERNAME,PASSWORD,FIRSTNAME,LASTNAME,ADDRESS,EMAIL,PHONE,CREATED_DATE,ROLE_GROUP_ID,IS_ACTIVE,IS_DELETED,REAL_MANAGE_UNIT) values (77,'vanlinh1','$2y$10$sZTj9ywy2wcbirTOyRiQb.qZQJwOa0Tbi8oLoPfX8Rtua2oidShbm','Linh','Văn','Xuân La','vanlinh@gmail.com','0987654355',null,1,2,0,null);
Insert into DEVELOP.USERS (ID,USERNAME,PASSWORD,FIRSTNAME,LASTNAME,ADDRESS,EMAIL,PHONE,CREATED_DATE,ROLE_GROUP_ID,IS_ACTIVE,IS_DELETED,REAL_MANAGE_UNIT) values (181,'minhnd','$2y$10$7iCsR0gKQGJ7yPaGMB64yeri0NDUGl9LymGY8VeZqmPE4P.gw/pC.','Minh','Nguyễn Đức',null,'minhnd82@gmail.com','0985432232',null,1,1,0,2);
Insert into DEVELOP.USERS (ID,USERNAME,PASSWORD,FIRSTNAME,LASTNAME,ADDRESS,EMAIL,PHONE,CREATED_DATE,ROLE_GROUP_ID,IS_ACTIVE,IS_DELETED,REAL_MANAGE_UNIT) values (76,'Hieptran','$2y$10$P3NddHqriF9SSUgYTIX62ODNQv4HLKnGfQnJhMZLi5Ff.C7uazqY6','Hiệp','Trần','Xuân La','hiep@gmail.com','0987654325',null,2,1,0,null);
Insert into DEVELOP.USERS (ID,USERNAME,PASSWORD,FIRSTNAME,LASTNAME,ADDRESS,EMAIL,PHONE,CREATED_DATE,ROLE_GROUP_ID,IS_ACTIVE,IS_DELETED,REAL_MANAGE_UNIT) values (121,'thongnh1996','$2y$10$sH/cWtd92PadQQemk0VUIOQfaP9QlY3t.IAIGLvjdBsQnJ7e6Almq','Thông','Nguyễn Huy','30 Đặng Thùy Trâm, Dịch Vọng Hậu, Cầu Giấy, Hà Nội','thongnh1996@gmail.com','0869531996',null,2,1,0,null);
Insert into DEVELOP.USERS (ID,USERNAME,PASSWORD,FIRSTNAME,LASTNAME,ADDRESS,EMAIL,PHONE,CREATED_DATE,ROLE_GROUP_ID,IS_ACTIVE,IS_DELETED,REAL_MANAGE_UNIT) values (123,'NgocDiep','$2y$10$c1VLDhMu4x/DRdz0ivdh7efJr8RoxnkKicaDTvfDDBq9aiOyv4x6C','Diệp','Ngọc',null,'buingocdiep2012004@gmail.com','0988487067',null,1,1,0,null);
Insert into DEVELOP.USERS (ID,USERNAME,PASSWORD,FIRSTNAME,LASTNAME,ADDRESS,EMAIL,PHONE,CREATED_DATE,ROLE_GROUP_ID,IS_ACTIVE,IS_DELETED,REAL_MANAGE_UNIT) values (62,'Hoainguyen','$2y$10$moktYh/qP9eVVnBt.z9G6Oef8E/Jz70Jq0X/YR9aLp0MRi094tp/S','Hoài','Nguyễn','Xuân La','hoainguyen31@gmail.com','0974237008',null,1,1,1,null);
Insert into DEVELOP.USERS (ID,USERNAME,PASSWORD,FIRSTNAME,LASTNAME,ADDRESS,EMAIL,PHONE,CREATED_DATE,ROLE_GROUP_ID,IS_ACTIVE,IS_DELETED,REAL_MANAGE_UNIT) values (63,'diepbui','$2y$10$OD2yofxTG49llsOFi2d2ZOdThMnf.WWobA1IfvxR5invjHRp/ENQi','Diệp','Bùi',null,'diep@gmail.com','0987654321',null,2,1,1,null);
Insert into DEVELOP.USERS (ID,USERNAME,PASSWORD,FIRSTNAME,LASTNAME,ADDRESS,EMAIL,PHONE,CREATED_DATE,ROLE_GROUP_ID,IS_ACTIVE,IS_DELETED,REAL_MANAGE_UNIT) values (64,'Hoai','$2y$10$GGQcDrINyyPWtE9Nhuw73eUfYvjOVWt0PIiVfpA27DUBp/mCk6Qju','Hoài','Nguyễn','132 VCC','Hoai1@gmail.com','0987654321',null,2,1,1,null);
Insert into DEVELOP.USERS (ID,USERNAME,PASSWORD,FIRSTNAME,LASTNAME,ADDRESS,EMAIL,PHONE,CREATED_DATE,ROLE_GROUP_ID,IS_ACTIVE,IS_DELETED,REAL_MANAGE_UNIT) values (66,'hiệp @','$2y$10$uZGm3npyBNvHLCXWrym1HOdTaSAx6BJx90rTnMqFZJVD6RN88BoOa','Hiệp','Trần','vvv','hiep1@gmail.com','0987654321',null,2,1,0,null);
Insert into DEVELOP.USERS (ID,USERNAME,PASSWORD,FIRSTNAME,LASTNAME,ADDRESS,EMAIL,PHONE,CREATED_DATE,ROLE_GROUP_ID,IS_ACTIVE,IS_DELETED,REAL_MANAGE_UNIT) values (67,'diep','$2y$10$6KeiFQk1QMpk83kK6H3T6uZ5aP2pfwJ9WQAg8RrFs0LQSZQPnZLxm','Diệp','Trần','vcc','tran@gmail.com','0987654322',null,2,1,0,null);
Insert into DEVELOP.USERS (ID,USERNAME,PASSWORD,FIRSTNAME,LASTNAME,ADDRESS,EMAIL,PHONE,CREATED_DATE,ROLE_GROUP_ID,IS_ACTIVE,IS_DELETED,REAL_MANAGE_UNIT) values (68,'abc','$2y$10$d7gAZx6xPrz7/BEKAYRG8.bHh9SJbM9lLqPgLzUiSicWcEek2nMtS','Diệp 1','Bùi',null,'buidiep@gmail','0987654311',null,1,1,0,null);
Insert into DEVELOP.USERS (ID,USERNAME,PASSWORD,FIRSTNAME,LASTNAME,ADDRESS,EMAIL,PHONE,CREATED_DATE,ROLE_GROUP_ID,IS_ACTIVE,IS_DELETED,REAL_MANAGE_UNIT) values (69,'quer','$2y$10$TgJWg0nikfY/XMhyT4XafeFz7Ja8Y/4PC2.zow0pWLsDxUbz..vSG','qưer','qưer',null,'quer@gmail.com','0987654332',null,1,1,1,null);
Insert into DEVELOP.USERS (ID,USERNAME,PASSWORD,FIRSTNAME,LASTNAME,ADDRESS,EMAIL,PHONE,CREATED_DATE,ROLE_GROUP_ID,IS_ACTIVE,IS_DELETED,REAL_MANAGE_UNIT) values (73,'admin011','$2y$10$1nfRRLzBz58yzqy2m1NUvOf17YsE9cvK1dWfmhPfSA6e8UGMJbOf.','1','1','1','thongnh19961@gmail.com','1111111111',null,1,1,0,null);
Insert into DEVELOP.USERS (ID,USERNAME,PASSWORD,FIRSTNAME,LASTNAME,ADDRESS,EMAIL,PHONE,CREATED_DATE,ROLE_GROUP_ID,IS_ACTIVE,IS_DELETED,REAL_MANAGE_UNIT) values (122,'longlv199','$2y$10$aL8hmATsa8pJBJoOZPZpw.EetkQm0gmA1y3HuLEhPdX/z/s3.u1ii','Long','Le','165 cầu giấy','longlv197@gmail.com','0356600236',null,2,1,0,null);
Insert into DEVELOP.USERS (ID,USERNAME,PASSWORD,FIRSTNAME,LASTNAME,ADDRESS,EMAIL,PHONE,CREATED_DATE,ROLE_GROUP_ID,IS_ACTIVE,IS_DELETED,REAL_MANAGE_UNIT) values (201,'thuylinhh','$2y$10$.9VmQN0Tz2yqcuSuIHEf5O3kV/WshMMluxfeIdloltxoKFpfLO.yq','linh','thùy',null,'thuylinh@gmail.com','0922467809',null,21,1,0,3);
Insert into DEVELOP.USERS (ID,USERNAME,PASSWORD,FIRSTNAME,LASTNAME,ADDRESS,EMAIL,PHONE,CREATED_DATE,ROLE_GROUP_ID,IS_ACTIVE,IS_DELETED,REAL_MANAGE_UNIT) values (81,'thanhpv','$2y$10$p/mPs5ef1EnBUCADcLaAzOXfNjoOmTitCQVntQELNKjPeHTQ6bkwu','Thanh','Phạm Văn','142 Cổ Nhuế, Bắc Từ Liêm, Hà Nội','thanhkhongdeptrai@gmail.com','0988789878',null,1,1,0,null);
Insert into DEVELOP.USERS (ID,USERNAME,PASSWORD,FIRSTNAME,LASTNAME,ADDRESS,EMAIL,PHONE,CREATED_DATE,ROLE_GROUP_ID,IS_ACTIVE,IS_DELETED,REAL_MANAGE_UNIT) values (82,'hoainguyen1','$2y$10$UGqBYJVcaMLJj0mmagaVtuCV4tLU8Lq9b5gyO3gGoVEEbgT8HXu86','HOÀI','nguyễn',null,'hoainguy@gmail.com','0987654320',null,2,2,0,null);
Insert into DEVELOP.USERS (ID,USERNAME,PASSWORD,FIRSTNAME,LASTNAME,ADDRESS,EMAIL,PHONE,CREATED_DATE,ROLE_GROUP_ID,IS_ACTIVE,IS_DELETED,REAL_MANAGE_UNIT) values (83,'thongkhongbuon','$2y$10$shBIel.l.HQS2mUxym5wQ.DWiOjw6o8v0ysAJJsYmoJljzMaBwiuu','Thông','Không Buồn','51 Lê Đại Hành','thongkhongbuon@gmail.com','0987755678',null,2,1,0,null);
Insert into DEVELOP.USERS (ID,USERNAME,PASSWORD,FIRSTNAME,LASTNAME,ADDRESS,EMAIL,PHONE,CREATED_DATE,ROLE_GROUP_ID,IS_ACTIVE,IS_DELETED,REAL_MANAGE_UNIT) values (84,'diepngoc','$2y$10$sVZZG86UxsyBP0bkPEhv0.c3Kdjy9W469q0r.5qpEaXcELOuHSZM2','diệp a','ngọc',null,'ngocdiep201@gmail.com','0343555916',null,2,2,0,null);
Insert into DEVELOP.USERS (ID,USERNAME,PASSWORD,FIRSTNAME,LASTNAME,ADDRESS,EMAIL,PHONE,CREATED_DATE,ROLE_GROUP_ID,IS_ACTIVE,IS_DELETED,REAL_MANAGE_UNIT) values (85,'duongkien','$2y$10$M7vvSNy0qwVdcbyq9SRjbOw28cZ6vYRKI0X7JF210EIcBSrfIjbn2','Kiên','Dương Văn','Hà Nội','kienvk99@gmail.com','053453453534',to_date('09-JUN-23','DD-MON-RR'),2,1,0,null);
Insert into DEVELOP.USERS (ID,USERNAME,PASSWORD,FIRSTNAME,LASTNAME,ADDRESS,EMAIL,PHONE,CREATED_DATE,ROLE_GROUP_ID,IS_ACTIVE,IS_DELETED,REAL_MANAGE_UNIT) values (86,'tiennguyen','$2y$10$vNNS.ZZNAl2EYPVYo4vmf.Q.cR1jM6tz/KiCPlp.8b4UZPkoQpdUK','Tiến','Nguyễn','Hải Phòng','hoainguyen31@outlook.com','0534534531',to_date('09-JUN-23','DD-MON-RR'),2,1,0,null);
Insert into DEVELOP.USERS (ID,USERNAME,PASSWORD,FIRSTNAME,LASTNAME,ADDRESS,EMAIL,PHONE,CREATED_DATE,ROLE_GROUP_ID,IS_ACTIVE,IS_DELETED,REAL_MANAGE_UNIT) values (101,'vanlinh2','$2y$10$eOpFDXWvdobEJtOdBsqNie.waq.MmpNOXo0z0Dg0RbxugUTGb7Ccm','Linh','Văn','Hà Nội','vanlinh2@gmail.com','0971234560',to_date('12-JUN-23','DD-MON-RR'),2,2,1,null);
Insert into DEVELOP.USERS (ID,USERNAME,PASSWORD,FIRSTNAME,LASTNAME,ADDRESS,EMAIL,PHONE,CREATED_DATE,ROLE_GROUP_ID,IS_ACTIVE,IS_DELETED,REAL_MANAGE_UNIT) values (102,'vanlinh3','$2y$10$YTmxIOqV/n7Y.bnxXgmmYeyxkR0SwGYKi70A7jmu1ytEaKN9gdRFS','Linh','Văn','Hà Nội','vanlinh3gmail.com','0971234561',to_date('12-JUN-23','DD-MON-RR'),2,2,0,null);
Insert into DEVELOP.USERS (ID,USERNAME,PASSWORD,FIRSTNAME,LASTNAME,ADDRESS,EMAIL,PHONE,CREATED_DATE,ROLE_GROUP_ID,IS_ACTIVE,IS_DELETED,REAL_MANAGE_UNIT) values (103,'vanlinh4','$2y$10$kYbnJP1OCzm018Obf3EIGufu7rzIKNqRdP4YPfw1vtWWB6JkLp82u','Linh','Văn','Hà Nội','vanlinh4@gmail.com','097123456',to_date('12-JUN-23','DD-MON-RR'),2,2,0,null);
Insert into DEVELOP.USERS (ID,USERNAME,PASSWORD,FIRSTNAME,LASTNAME,ADDRESS,EMAIL,PHONE,CREATED_DATE,ROLE_GROUP_ID,IS_ACTIVE,IS_DELETED,REAL_MANAGE_UNIT) values (104,'PhamThanh','$2y$10$JzKpjj5VQYXQ4EHNl3MJt.Eq.XgQUYB3.6jH/zEBVxGjE2wijyAEq','Thanh','Phạm','Hải Phòng','nguyenthuhoai31@gmail.com','0921228190',to_date('12-JUN-23','DD-MON-RR'),2,1,0,null);
Insert into DEVELOP.USERS (ID,USERNAME,PASSWORD,FIRSTNAME,LASTNAME,ADDRESS,EMAIL,PHONE,CREATED_DATE,ROLE_GROUP_ID,IS_ACTIVE,IS_DELETED,REAL_MANAGE_UNIT) values (1,'hoten1','$2y$10$JX0OXOMfVCXu60yGMqdUduWM.UFhbREeRZGztARY0./78jrVLf3RW','ten1','ho12','30 đặng thùy trâm','testhero2093@gmail.com','0532287534',null,2,1,1,null);
Insert into DEVELOP.USERS (ID,USERNAME,PASSWORD,FIRSTNAME,LASTNAME,ADDRESS,EMAIL,PHONE,CREATED_DATE,ROLE_GROUP_ID,IS_ACTIVE,IS_DELETED,REAL_MANAGE_UNIT) values (41,'doitac2','$2y$10$Rjip2oRn3y9dwEi5qo0J9.P8Or7O4cMQI2M7h7K/Nvnhi7TNTcnn6','Diệp','Trương Định','20 cầu giấy','doitac2@gmail.com','0432432423',null,2,1,0,null);
Insert into DEVELOP.USERS (ID,USERNAME,PASSWORD,FIRSTNAME,LASTNAME,ADDRESS,EMAIL,PHONE,CREATED_DATE,ROLE_GROUP_ID,IS_ACTIVE,IS_DELETED,REAL_MANAGE_UNIT) values (72,'thongnh1996','$2y$10$g1Ntuc7ywGltdr2VBtYEleJcdEjMkdHPVWNx158pUvFrljl/3Ae4K','Thông','Nguyễn Huy','51 Lê Đại Hành','thongnh1996@gmail.com','0869531999',null,1,1,1,null);
Insert into DEVELOP.USERS (ID,USERNAME,PASSWORD,FIRSTNAME,LASTNAME,ADDRESS,EMAIL,PHONE,CREATED_DATE,ROLE_GROUP_ID,IS_ACTIVE,IS_DELETED,REAL_MANAGE_UNIT) values (124,'mylinh01','$2y$10$7z9UnFZ2Ly7YsSbWUh2TvuvYDtKH4b4Buhx/DGiI9/OsJKSK8m18y','Mỹ Linh','Văn',null,'mylinh01@gmail.com','0987654300',null,2,1,0,null);
Insert into DEVELOP.USERS (ID,USERNAME,PASSWORD,FIRSTNAME,LASTNAME,ADDRESS,EMAIL,PHONE,CREATED_DATE,ROLE_GROUP_ID,IS_ACTIVE,IS_DELETED,REAL_MANAGE_UNIT) values (141,'quynhanh1','$2y$10$3IvC2LPavSPDeAIeRv0KVOlKnXHLyNvio/rbSfkkmSqB.587tItfG','Anh','Quynh','1 lê phụng hiểu','quynhanh@gmail.com','0936823895',null,2,1,1,null);
Insert into DEVELOP.USERS (ID,USERNAME,PASSWORD,FIRSTNAME,LASTNAME,ADDRESS,EMAIL,PHONE,CREATED_DATE,ROLE_GROUP_ID,IS_ACTIVE,IS_DELETED,REAL_MANAGE_UNIT) values (161,'thuyduong','$2y$10$.8a6/1vddFzTvyj9ESBDae27nxGa8ERPWJgBS8Ciaf8mix2faTJ.2','Dương','Thùy',null,'thuyduong1@gmail.com','0987654324',null,2,1,0,3);
Insert into DEVELOP.USERS (ID,USERNAME,PASSWORD,FIRSTNAME,LASTNAME,ADDRESS,EMAIL,PHONE,CREATED_DATE,ROLE_GROUP_ID,IS_ACTIVE,IS_DELETED,REAL_MANAGE_UNIT) values (162,'tuanduong1','$2y$10$VQJTmOsiCwf52zjr03nFXeibHQyen5wcQ/eslJcwwL3.1A1JhUraa','Dương','Tuấn','Hà Nội','duong11@gmail.com','05345345322',to_date('20-JUN-23','DD-MON-RR'),1,2,0,null);
Insert into DEVELOP.USERS (ID,USERNAME,PASSWORD,FIRSTNAME,LASTNAME,ADDRESS,EMAIL,PHONE,CREATED_DATE,ROLE_GROUP_ID,IS_ACTIVE,IS_DELETED,REAL_MANAGE_UNIT) values (163,'linhnguyen','$2y$10$TQ5u60gNB7YMXwO898YKTu6ajO.XRzp.rdR5ttV6L8PE9oItFwxLm','Linh','Nguyễn','Hải Phòng','linhnguyen82@gmail.com','05345345351',to_date('20-JUN-23','DD-MON-RR'),1,2,0,null);
Insert into DEVELOP.USERS (ID,USERNAME,PASSWORD,FIRSTNAME,LASTNAME,ADDRESS,EMAIL,PHONE,CREATED_DATE,ROLE_GROUP_ID,IS_ACTIVE,IS_DELETED,REAL_MANAGE_UNIT) values (202,'myanh','$2y$10$hDX/EOke10LrW1/kwgjKV.KI/R6yTM7Juw2Jpyj/a9ROSMQPDZF0m','Anh','Mỹs',null,'myanh@gmail.com','0987654336',null,22,1,0,2);
--------------------------------------------------------
--  DDL for Index BUILDINGS_PK
--------------------------------------------------------

  CREATE UNIQUE INDEX "DEVELOP"."BUILDINGS_PK" ON "DEVELOP"."BUILDINGS" ("ID") 
  PCTFREE 10 INITRANS 2 MAXTRANS 255 COMPUTE STATISTICS 
  STORAGE(INITIAL 65536 NEXT 1048576 MINEXTENTS 1 MAXEXTENTS 2147483645
  PCTINCREASE 0 FREELISTS 1 FREELIST GROUPS 1
  BUFFER_POOL DEFAULT FLASH_CACHE DEFAULT CELL_FLASH_CACHE DEFAULT)
  TABLESPACE "USERS" ;
--------------------------------------------------------
--  DDL for Index CONTRACTS_PK
--------------------------------------------------------

  CREATE UNIQUE INDEX "DEVELOP"."CONTRACTS_PK" ON "DEVELOP"."CONTRACTS" ("ID") 
  PCTFREE 10 INITRANS 2 MAXTRANS 255 COMPUTE STATISTICS 
  STORAGE(INITIAL 65536 NEXT 1048576 MINEXTENTS 1 MAXEXTENTS 2147483645
  PCTINCREASE 0 FREELISTS 1 FREELIST GROUPS 1
  BUFFER_POOL DEFAULT FLASH_CACHE DEFAULT CELL_FLASH_CACHE DEFAULT)
  TABLESPACE "USERS" ;
--------------------------------------------------------
--  DDL for Index CUSTOMERS_PK
--------------------------------------------------------

  CREATE UNIQUE INDEX "DEVELOP"."CUSTOMERS_PK" ON "DEVELOP"."CUSTOMERS" ("ID") 
  PCTFREE 10 INITRANS 2 MAXTRANS 255 COMPUTE STATISTICS 
  STORAGE(INITIAL 65536 NEXT 1048576 MINEXTENTS 1 MAXEXTENTS 2147483645
  PCTINCREASE 0 FREELISTS 1 FREELIST GROUPS 1
  BUFFER_POOL DEFAULT FLASH_CACHE DEFAULT CELL_FLASH_CACHE DEFAULT)
  TABLESPACE "USERS" ;
--------------------------------------------------------
--  DDL for Index CUSTOMER_ADDRESSES_PK
--------------------------------------------------------

  CREATE UNIQUE INDEX "DEVELOP"."CUSTOMER_ADDRESSES_PK" ON "DEVELOP"."CUSTOMER_ADDRESSES" ("ID") 
  PCTFREE 10 INITRANS 2 MAXTRANS 255 COMPUTE STATISTICS 
  STORAGE(INITIAL 65536 NEXT 1048576 MINEXTENTS 1 MAXEXTENTS 2147483645
  PCTINCREASE 0 FREELISTS 1 FREELIST GROUPS 1
  BUFFER_POOL DEFAULT FLASH_CACHE DEFAULT CELL_FLASH_CACHE DEFAULT)
  TABLESPACE "USERS" ;
--------------------------------------------------------
--  DDL for Index DEVICES_PK
--------------------------------------------------------

  CREATE UNIQUE INDEX "DEVELOP"."DEVICES_PK" ON "DEVELOP"."DEVICES" ("ID") 
  PCTFREE 10 INITRANS 2 MAXTRANS 255 COMPUTE STATISTICS 
  STORAGE(INITIAL 65536 NEXT 1048576 MINEXTENTS 1 MAXEXTENTS 2147483645
  PCTINCREASE 0 FREELISTS 1 FREELIST GROUPS 1
  BUFFER_POOL DEFAULT FLASH_CACHE DEFAULT CELL_FLASH_CACHE DEFAULT)
  TABLESPACE "USERS" ;
--------------------------------------------------------
--  DDL for Index HISTORY_ACTION_PK
--------------------------------------------------------

  CREATE UNIQUE INDEX "DEVELOP"."HISTORY_ACTION_PK" ON "DEVELOP"."HISTORY_ACTION" ("ID") 
  PCTFREE 10 INITRANS 2 MAXTRANS 255 COMPUTE STATISTICS 
  TABLESPACE "USERS" ;
--------------------------------------------------------
--  DDL for Index JOBS_PK
--------------------------------------------------------

  CREATE UNIQUE INDEX "DEVELOP"."JOBS_PK" ON "DEVELOP"."JOBS" ("ID") 
  PCTFREE 10 INITRANS 2 MAXTRANS 255 COMPUTE STATISTICS 
  STORAGE(INITIAL 65536 NEXT 1048576 MINEXTENTS 1 MAXEXTENTS 2147483645
  PCTINCREASE 0 FREELISTS 1 FREELIST GROUPS 1
  BUFFER_POOL DEFAULT FLASH_CACHE DEFAULT CELL_FLASH_CACHE DEFAULT)
  TABLESPACE "USERS" ;
--------------------------------------------------------
--  DDL for Index JOB_EMPLOYEES_PK
--------------------------------------------------------

  CREATE UNIQUE INDEX "DEVELOP"."JOB_EMPLOYEES_PK" ON "DEVELOP"."JOB_EMPLOYEES" ("ID") 
  PCTFREE 10 INITRANS 2 MAXTRANS 255 COMPUTE STATISTICS 
  STORAGE(INITIAL 65536 NEXT 1048576 MINEXTENTS 1 MAXEXTENTS 2147483645
  PCTINCREASE 0 FREELISTS 1 FREELIST GROUPS 1
  BUFFER_POOL DEFAULT FLASH_CACHE DEFAULT CELL_FLASH_CACHE DEFAULT)
  TABLESPACE "USERS" ;
--------------------------------------------------------
--  DDL for Index JOB_PROCCESS_PK
--------------------------------------------------------

  CREATE UNIQUE INDEX "DEVELOP"."JOB_PROCCESS_PK" ON "DEVELOP"."JOB_PROCCESS" ("ID") 
  PCTFREE 10 INITRANS 2 MAXTRANS 255 COMPUTE STATISTICS 
  STORAGE(INITIAL 65536 NEXT 1048576 MINEXTENTS 1 MAXEXTENTS 2147483645
  PCTINCREASE 0 FREELISTS 1 FREELIST GROUPS 1
  BUFFER_POOL DEFAULT FLASH_CACHE DEFAULT CELL_FLASH_CACHE DEFAULT)
  TABLESPACE "USERS" ;
--------------------------------------------------------
--  DDL for Index MODULE_PK
--------------------------------------------------------

  CREATE UNIQUE INDEX "DEVELOP"."MODULE_PK" ON "DEVELOP"."MODULES" ("ID") 
  PCTFREE 10 INITRANS 2 MAXTRANS 255 COMPUTE STATISTICS 
  STORAGE(INITIAL 65536 NEXT 1048576 MINEXTENTS 1 MAXEXTENTS 2147483645
  PCTINCREASE 0 FREELISTS 1 FREELIST GROUPS 1
  BUFFER_POOL DEFAULT FLASH_CACHE DEFAULT CELL_FLASH_CACHE DEFAULT)
  TABLESPACE "USERS" ;
--------------------------------------------------------
--  DDL for Index PAKE_OF_DATAS_PK
--------------------------------------------------------

  CREATE UNIQUE INDEX "DEVELOP"."PAKE_OF_DATAS_PK" ON "DEVELOP"."PACKAGES" ("ID") 
  PCTFREE 10 INITRANS 2 MAXTRANS 255 COMPUTE STATISTICS 
  STORAGE(INITIAL 65536 NEXT 1048576 MINEXTENTS 1 MAXEXTENTS 2147483645
  PCTINCREASE 0 FREELISTS 1 FREELIST GROUPS 1
  BUFFER_POOL DEFAULT FLASH_CACHE DEFAULT CELL_FLASH_CACHE DEFAULT)
  TABLESPACE "USERS" ;
--------------------------------------------------------
--  DDL for Index PARTNERS_PK
--------------------------------------------------------

  CREATE UNIQUE INDEX "DEVELOP"."PARTNERS_PK" ON "DEVELOP"."PARTNERS" ("ID") 
  PCTFREE 10 INITRANS 2 MAXTRANS 255 COMPUTE STATISTICS 
  STORAGE(INITIAL 65536 NEXT 1048576 MINEXTENTS 1 MAXEXTENTS 2147483645
  PCTINCREASE 0 FREELISTS 1 FREELIST GROUPS 1
  BUFFER_POOL DEFAULT FLASH_CACHE DEFAULT CELL_FLASH_CACHE DEFAULT)
  TABLESPACE "USERS" ;
--------------------------------------------------------
--  DDL for Index QUEUE_MAIL_PK
--------------------------------------------------------

  CREATE UNIQUE INDEX "DEVELOP"."QUEUE_MAIL_PK" ON "DEVELOP"."QUEUE_MAIL" ("ID") 
  PCTFREE 10 INITRANS 2 MAXTRANS 255 COMPUTE STATISTICS 
  STORAGE(INITIAL 65536 NEXT 1048576 MINEXTENTS 1 MAXEXTENTS 2147483645
  PCTINCREASE 0 FREELISTS 1 FREELIST GROUPS 1
  BUFFER_POOL DEFAULT FLASH_CACHE DEFAULT CELL_FLASH_CACHE DEFAULT)
  TABLESPACE "USERS" ;
--------------------------------------------------------
--  DDL for Index ROLES_PK
--------------------------------------------------------

  CREATE UNIQUE INDEX "DEVELOP"."ROLES_PK" ON "DEVELOP"."ROLES" ("ID") 
  PCTFREE 10 INITRANS 2 MAXTRANS 255 COMPUTE STATISTICS 
  STORAGE(INITIAL 65536 NEXT 1048576 MINEXTENTS 1 MAXEXTENTS 2147483645
  PCTINCREASE 0 FREELISTS 1 FREELIST GROUPS 1
  BUFFER_POOL DEFAULT FLASH_CACHE DEFAULT CELL_FLASH_CACHE DEFAULT)
  TABLESPACE "USERS" ;
--------------------------------------------------------
--  DDL for Index ROLE_GROUP_PK
--------------------------------------------------------

  CREATE UNIQUE INDEX "DEVELOP"."ROLE_GROUP_PK" ON "DEVELOP"."ROLE_GROUPS" ("ID") 
  PCTFREE 10 INITRANS 2 MAXTRANS 255 COMPUTE STATISTICS 
  STORAGE(INITIAL 65536 NEXT 1048576 MINEXTENTS 1 MAXEXTENTS 2147483645
  PCTINCREASE 0 FREELISTS 1 FREELIST GROUPS 1
  BUFFER_POOL DEFAULT FLASH_CACHE DEFAULT CELL_FLASH_CACHE DEFAULT)
  TABLESPACE "USERS" ;
--------------------------------------------------------
--  DDL for Index SETTINGS_PK
--------------------------------------------------------

  CREATE UNIQUE INDEX "DEVELOP"."SETTINGS_PK" ON "DEVELOP"."SETTINGS" ("ID") 
  PCTFREE 10 INITRANS 2 MAXTRANS 255 COMPUTE STATISTICS 
  STORAGE(INITIAL 65536 NEXT 1048576 MINEXTENTS 1 MAXEXTENTS 2147483645
  PCTINCREASE 0 FREELISTS 1 FREELIST GROUPS 1
  BUFFER_POOL DEFAULT FLASH_CACHE DEFAULT CELL_FLASH_CACHE DEFAULT)
  TABLESPACE "USERS" ;
--------------------------------------------------------
--  DDL for Index SMS_QUEUE_PK
--------------------------------------------------------

  CREATE UNIQUE INDEX "DEVELOP"."SMS_QUEUE_PK" ON "DEVELOP"."SMS_QUEUE" ("ID") 
  PCTFREE 10 INITRANS 2 MAXTRANS 255 COMPUTE STATISTICS 
  STORAGE(INITIAL 65536 NEXT 1048576 MINEXTENTS 1 MAXEXTENTS 2147483645
  PCTINCREASE 0 FREELISTS 1 FREELIST GROUPS 1
  BUFFER_POOL DEFAULT FLASH_CACHE DEFAULT CELL_FLASH_CACHE DEFAULT)
  TABLESPACE "USERS" ;
--------------------------------------------------------
--  DDL for Index TABLE1_PK
--------------------------------------------------------

  CREATE UNIQUE INDEX "DEVELOP"."TABLE1_PK" ON "DEVELOP"."COMMENTS" ("ID") 
  PCTFREE 10 INITRANS 2 MAXTRANS 255 COMPUTE STATISTICS 
  STORAGE(INITIAL 65536 NEXT 1048576 MINEXTENTS 1 MAXEXTENTS 2147483645
  PCTINCREASE 0 FREELISTS 1 FREELIST GROUPS 1
  BUFFER_POOL DEFAULT FLASH_CACHE DEFAULT CELL_FLASH_CACHE DEFAULT)
  TABLESPACE "USERS" ;
--------------------------------------------------------
--  DDL for Index USERS_PK
--------------------------------------------------------

  CREATE UNIQUE INDEX "DEVELOP"."USERS_PK" ON "DEVELOP"."USERS" ("ID") 
  PCTFREE 10 INITRANS 2 MAXTRANS 255 COMPUTE STATISTICS 
  STORAGE(INITIAL 65536 NEXT 1048576 MINEXTENTS 1 MAXEXTENTS 2147483645
  PCTINCREASE 0 FREELISTS 1 FREELIST GROUPS 1
  BUFFER_POOL DEFAULT FLASH_CACHE DEFAULT CELL_FLASH_CACHE DEFAULT)
  TABLESPACE "USERS" ;
--------------------------------------------------------
--  DDL for Index BUILDINGS_PK
--------------------------------------------------------

  CREATE UNIQUE INDEX "DEVELOP"."BUILDINGS_PK" ON "DEVELOP"."BUILDINGS" ("ID") 
  PCTFREE 10 INITRANS 2 MAXTRANS 255 COMPUTE STATISTICS 
  STORAGE(INITIAL 65536 NEXT 1048576 MINEXTENTS 1 MAXEXTENTS 2147483645
  PCTINCREASE 0 FREELISTS 1 FREELIST GROUPS 1
  BUFFER_POOL DEFAULT FLASH_CACHE DEFAULT CELL_FLASH_CACHE DEFAULT)
  TABLESPACE "USERS" ;
--------------------------------------------------------
--  DDL for Index TABLE1_PK
--------------------------------------------------------

  CREATE UNIQUE INDEX "DEVELOP"."TABLE1_PK" ON "DEVELOP"."COMMENTS" ("ID") 
  PCTFREE 10 INITRANS 2 MAXTRANS 255 COMPUTE STATISTICS 
  STORAGE(INITIAL 65536 NEXT 1048576 MINEXTENTS 1 MAXEXTENTS 2147483645
  PCTINCREASE 0 FREELISTS 1 FREELIST GROUPS 1
  BUFFER_POOL DEFAULT FLASH_CACHE DEFAULT CELL_FLASH_CACHE DEFAULT)
  TABLESPACE "USERS" ;
--------------------------------------------------------
--  DDL for Index CONTRACTS_PK
--------------------------------------------------------

  CREATE UNIQUE INDEX "DEVELOP"."CONTRACTS_PK" ON "DEVELOP"."CONTRACTS" ("ID") 
  PCTFREE 10 INITRANS 2 MAXTRANS 255 COMPUTE STATISTICS 
  STORAGE(INITIAL 65536 NEXT 1048576 MINEXTENTS 1 MAXEXTENTS 2147483645
  PCTINCREASE 0 FREELISTS 1 FREELIST GROUPS 1
  BUFFER_POOL DEFAULT FLASH_CACHE DEFAULT CELL_FLASH_CACHE DEFAULT)
  TABLESPACE "USERS" ;
--------------------------------------------------------
--  DDL for Index CUSTOMERS_PK
--------------------------------------------------------

  CREATE UNIQUE INDEX "DEVELOP"."CUSTOMERS_PK" ON "DEVELOP"."CUSTOMERS" ("ID") 
  PCTFREE 10 INITRANS 2 MAXTRANS 255 COMPUTE STATISTICS 
  STORAGE(INITIAL 65536 NEXT 1048576 MINEXTENTS 1 MAXEXTENTS 2147483645
  PCTINCREASE 0 FREELISTS 1 FREELIST GROUPS 1
  BUFFER_POOL DEFAULT FLASH_CACHE DEFAULT CELL_FLASH_CACHE DEFAULT)
  TABLESPACE "USERS" ;
--------------------------------------------------------
--  DDL for Index CUSTOMER_ADDRESSES_PK
--------------------------------------------------------

  CREATE UNIQUE INDEX "DEVELOP"."CUSTOMER_ADDRESSES_PK" ON "DEVELOP"."CUSTOMER_ADDRESSES" ("ID") 
  PCTFREE 10 INITRANS 2 MAXTRANS 255 COMPUTE STATISTICS 
  STORAGE(INITIAL 65536 NEXT 1048576 MINEXTENTS 1 MAXEXTENTS 2147483645
  PCTINCREASE 0 FREELISTS 1 FREELIST GROUPS 1
  BUFFER_POOL DEFAULT FLASH_CACHE DEFAULT CELL_FLASH_CACHE DEFAULT)
  TABLESPACE "USERS" ;
--------------------------------------------------------
--  DDL for Index DEVICES_PK
--------------------------------------------------------

  CREATE UNIQUE INDEX "DEVELOP"."DEVICES_PK" ON "DEVELOP"."DEVICES" ("ID") 
  PCTFREE 10 INITRANS 2 MAXTRANS 255 COMPUTE STATISTICS 
  STORAGE(INITIAL 65536 NEXT 1048576 MINEXTENTS 1 MAXEXTENTS 2147483645
  PCTINCREASE 0 FREELISTS 1 FREELIST GROUPS 1
  BUFFER_POOL DEFAULT FLASH_CACHE DEFAULT CELL_FLASH_CACHE DEFAULT)
  TABLESPACE "USERS" ;
--------------------------------------------------------
--  DDL for Index HISTORY_ACTION_PK
--------------------------------------------------------

  CREATE UNIQUE INDEX "DEVELOP"."HISTORY_ACTION_PK" ON "DEVELOP"."HISTORY_ACTION" ("ID") 
  PCTFREE 10 INITRANS 2 MAXTRANS 255 COMPUTE STATISTICS 
  TABLESPACE "USERS" ;
--------------------------------------------------------
--  DDL for Index JOBS_PK
--------------------------------------------------------

  CREATE UNIQUE INDEX "DEVELOP"."JOBS_PK" ON "DEVELOP"."JOBS" ("ID") 
  PCTFREE 10 INITRANS 2 MAXTRANS 255 COMPUTE STATISTICS 
  STORAGE(INITIAL 65536 NEXT 1048576 MINEXTENTS 1 MAXEXTENTS 2147483645
  PCTINCREASE 0 FREELISTS 1 FREELIST GROUPS 1
  BUFFER_POOL DEFAULT FLASH_CACHE DEFAULT CELL_FLASH_CACHE DEFAULT)
  TABLESPACE "USERS" ;
--------------------------------------------------------
--  DDL for Index JOB_EMPLOYEES_PK
--------------------------------------------------------

  CREATE UNIQUE INDEX "DEVELOP"."JOB_EMPLOYEES_PK" ON "DEVELOP"."JOB_EMPLOYEES" ("ID") 
  PCTFREE 10 INITRANS 2 MAXTRANS 255 COMPUTE STATISTICS 
  STORAGE(INITIAL 65536 NEXT 1048576 MINEXTENTS 1 MAXEXTENTS 2147483645
  PCTINCREASE 0 FREELISTS 1 FREELIST GROUPS 1
  BUFFER_POOL DEFAULT FLASH_CACHE DEFAULT CELL_FLASH_CACHE DEFAULT)
  TABLESPACE "USERS" ;
--------------------------------------------------------
--  DDL for Index JOB_PROCCESS_PK
--------------------------------------------------------

  CREATE UNIQUE INDEX "DEVELOP"."JOB_PROCCESS_PK" ON "DEVELOP"."JOB_PROCCESS" ("ID") 
  PCTFREE 10 INITRANS 2 MAXTRANS 255 COMPUTE STATISTICS 
  STORAGE(INITIAL 65536 NEXT 1048576 MINEXTENTS 1 MAXEXTENTS 2147483645
  PCTINCREASE 0 FREELISTS 1 FREELIST GROUPS 1
  BUFFER_POOL DEFAULT FLASH_CACHE DEFAULT CELL_FLASH_CACHE DEFAULT)
  TABLESPACE "USERS" ;
--------------------------------------------------------
--  DDL for Index MODULE_PK
--------------------------------------------------------

  CREATE UNIQUE INDEX "DEVELOP"."MODULE_PK" ON "DEVELOP"."MODULES" ("ID") 
  PCTFREE 10 INITRANS 2 MAXTRANS 255 COMPUTE STATISTICS 
  STORAGE(INITIAL 65536 NEXT 1048576 MINEXTENTS 1 MAXEXTENTS 2147483645
  PCTINCREASE 0 FREELISTS 1 FREELIST GROUPS 1
  BUFFER_POOL DEFAULT FLASH_CACHE DEFAULT CELL_FLASH_CACHE DEFAULT)
  TABLESPACE "USERS" ;
--------------------------------------------------------
--  DDL for Index PAKE_OF_DATAS_PK
--------------------------------------------------------

  CREATE UNIQUE INDEX "DEVELOP"."PAKE_OF_DATAS_PK" ON "DEVELOP"."PACKAGES" ("ID") 
  PCTFREE 10 INITRANS 2 MAXTRANS 255 COMPUTE STATISTICS 
  STORAGE(INITIAL 65536 NEXT 1048576 MINEXTENTS 1 MAXEXTENTS 2147483645
  PCTINCREASE 0 FREELISTS 1 FREELIST GROUPS 1
  BUFFER_POOL DEFAULT FLASH_CACHE DEFAULT CELL_FLASH_CACHE DEFAULT)
  TABLESPACE "USERS" ;
--------------------------------------------------------
--  DDL for Index PARTNERS_PK
--------------------------------------------------------

  CREATE UNIQUE INDEX "DEVELOP"."PARTNERS_PK" ON "DEVELOP"."PARTNERS" ("ID") 
  PCTFREE 10 INITRANS 2 MAXTRANS 255 COMPUTE STATISTICS 
  STORAGE(INITIAL 65536 NEXT 1048576 MINEXTENTS 1 MAXEXTENTS 2147483645
  PCTINCREASE 0 FREELISTS 1 FREELIST GROUPS 1
  BUFFER_POOL DEFAULT FLASH_CACHE DEFAULT CELL_FLASH_CACHE DEFAULT)
  TABLESPACE "USERS" ;
--------------------------------------------------------
--  DDL for Index QUEUE_MAIL_PK
--------------------------------------------------------

  CREATE UNIQUE INDEX "DEVELOP"."QUEUE_MAIL_PK" ON "DEVELOP"."QUEUE_MAIL" ("ID") 
  PCTFREE 10 INITRANS 2 MAXTRANS 255 COMPUTE STATISTICS 
  STORAGE(INITIAL 65536 NEXT 1048576 MINEXTENTS 1 MAXEXTENTS 2147483645
  PCTINCREASE 0 FREELISTS 1 FREELIST GROUPS 1
  BUFFER_POOL DEFAULT FLASH_CACHE DEFAULT CELL_FLASH_CACHE DEFAULT)
  TABLESPACE "USERS" ;
--------------------------------------------------------
--  DDL for Index ROLES_PK
--------------------------------------------------------

  CREATE UNIQUE INDEX "DEVELOP"."ROLES_PK" ON "DEVELOP"."ROLES" ("ID") 
  PCTFREE 10 INITRANS 2 MAXTRANS 255 COMPUTE STATISTICS 
  STORAGE(INITIAL 65536 NEXT 1048576 MINEXTENTS 1 MAXEXTENTS 2147483645
  PCTINCREASE 0 FREELISTS 1 FREELIST GROUPS 1
  BUFFER_POOL DEFAULT FLASH_CACHE DEFAULT CELL_FLASH_CACHE DEFAULT)
  TABLESPACE "USERS" ;
--------------------------------------------------------
--  DDL for Index ROLE_GROUP_PK
--------------------------------------------------------

  CREATE UNIQUE INDEX "DEVELOP"."ROLE_GROUP_PK" ON "DEVELOP"."ROLE_GROUPS" ("ID") 
  PCTFREE 10 INITRANS 2 MAXTRANS 255 COMPUTE STATISTICS 
  STORAGE(INITIAL 65536 NEXT 1048576 MINEXTENTS 1 MAXEXTENTS 2147483645
  PCTINCREASE 0 FREELISTS 1 FREELIST GROUPS 1
  BUFFER_POOL DEFAULT FLASH_CACHE DEFAULT CELL_FLASH_CACHE DEFAULT)
  TABLESPACE "USERS" ;
--------------------------------------------------------
--  DDL for Index SETTINGS_PK
--------------------------------------------------------

  CREATE UNIQUE INDEX "DEVELOP"."SETTINGS_PK" ON "DEVELOP"."SETTINGS" ("ID") 
  PCTFREE 10 INITRANS 2 MAXTRANS 255 COMPUTE STATISTICS 
  STORAGE(INITIAL 65536 NEXT 1048576 MINEXTENTS 1 MAXEXTENTS 2147483645
  PCTINCREASE 0 FREELISTS 1 FREELIST GROUPS 1
  BUFFER_POOL DEFAULT FLASH_CACHE DEFAULT CELL_FLASH_CACHE DEFAULT)
  TABLESPACE "USERS" ;
--------------------------------------------------------
--  DDL for Index SMS_QUEUE_PK
--------------------------------------------------------

  CREATE UNIQUE INDEX "DEVELOP"."SMS_QUEUE_PK" ON "DEVELOP"."SMS_QUEUE" ("ID") 
  PCTFREE 10 INITRANS 2 MAXTRANS 255 COMPUTE STATISTICS 
  STORAGE(INITIAL 65536 NEXT 1048576 MINEXTENTS 1 MAXEXTENTS 2147483645
  PCTINCREASE 0 FREELISTS 1 FREELIST GROUPS 1
  BUFFER_POOL DEFAULT FLASH_CACHE DEFAULT CELL_FLASH_CACHE DEFAULT)
  TABLESPACE "USERS" ;
--------------------------------------------------------
--  DDL for Index USERS_PK
--------------------------------------------------------

  CREATE UNIQUE INDEX "DEVELOP"."USERS_PK" ON "DEVELOP"."USERS" ("ID") 
  PCTFREE 10 INITRANS 2 MAXTRANS 255 COMPUTE STATISTICS 
  STORAGE(INITIAL 65536 NEXT 1048576 MINEXTENTS 1 MAXEXTENTS 2147483645
  PCTINCREASE 0 FREELISTS 1 FREELIST GROUPS 1
  BUFFER_POOL DEFAULT FLASH_CACHE DEFAULT CELL_FLASH_CACHE DEFAULT)
  TABLESPACE "USERS" ;
--------------------------------------------------------
--  DDL for Package PKG_REPORT
--------------------------------------------------------

  CREATE OR REPLACE EDITIONABLE PACKAGE "DEVELOP"."PKG_REPORT" AS 

      procedure report_customer(cus_in NVARCHAR2, year_in number, data_out out sys_refcursor);
      procedure report_customer_all(year_in number, data_out out sys_refcursor);
      procedure report_growth(user_id number, start_date varchar, end_date varchar, data_out out sys_refcursor);
      TYPE report_type IS RECORD (
      month_report number,
      revenue number,
      revenue_vat number);
      TYPE report_tbl is table of report_type;
END PKG_REPORT;

/
--------------------------------------------------------
--  DDL for Package Body PKG_REPORT
--------------------------------------------------------

  CREATE OR REPLACE EDITIONABLE PACKAGE BODY "DEVELOP"."PKG_REPORT" AS

  procedure report_customer(cus_in NVARCHAR2, year_in number, data_out out sys_refcursor) IS
  total_count number;
  c_id number;
  table_report report_tbl;
  cursor customer_list is
    select id from customers where is_deleted = 0 and id=cus_in;
  BEGIN
    table_report := report_tbl();
    table_report.extend(1000000);
    total_count := 1;
    open customer_list;
    loop
        fetch customer_list into c_id;
        EXIT WHEN customer_list%NOTFOUND;
        for data_contracts in (
                                select c.id, p.prices, p.prices_vat,
                                (COALESCE(p.time_used, 0) + COALESCE(p.promotion_time,0)) as time_used, 
                                to_number(to_char(c.start_date_package, 'MM')) as month_rp 
                                from contracts c 
                                join packages p on p.id = c.package_id 
                                where c.customer_id = cus_in 
                                and to_number(to_char(c.start_date_package, 'YYYY')) <= year_in 
                                and to_number(to_char(ADD_MONTHS(c.start_date_package, p.time_used + COALESCE(p.promotion_time, 0)), 'YYYY')) >= year_in
                            )
        loop
            for m in 1..12
            loop
                if data_contracts.month_rp <= m then
                    if data_contracts.month_rp + data_contracts.time_used < m then
                        table_report(total_count) := report_type(m, 0, 0);
                    else
                        table_report(total_count) := report_type(m, data_contracts.prices / data_contracts.time_used, data_contracts.prices_vat / data_contracts.time_used);
                    end if;
                else 
                    table_report(total_count) := report_type(m, 0, 0);
                end if;
                total_count := total_count + 1;
            end loop;
            
        end loop;
        
    end loop;
    close customer_list;
    open data_out for
        select month_report, round(sum(revenue),0) as revenue, round(sum(revenue_vat),0) as revenue_vat from table(table_report)
        where month_report is not null
        group by month_report
        order by month_report;
  END report_customer;
  
  procedure report_customer_all(year_in number, data_out out sys_refcursor) IS
  total_count number;
  table_report report_tbl;
  BEGIN
    table_report := report_tbl();
    table_report.extend(1000000);
    total_count := 1;
        for data_contracts in (
                                select c.id, p.prices, p.prices_vat,
                                (COALESCE(p.time_used, 0) + COALESCE(p.promotion_time,0)) as time_used, 
                                to_number(to_char(c.start_date_package, 'MM')) as month_rp 
                                from contracts c 
                                join packages p on p.id = c.package_id 
                                and to_number(to_char(c.start_date_package, 'YYYY')) <= year_in 
                                and to_number(to_char(ADD_MONTHS(c.start_date_package, p.time_used + COALESCE(p.promotion_time, 0)), 'YYYY')) >= year_in
                            )
        loop
            for m in 1..12
            loop
                if data_contracts.month_rp <= m then
                    if data_contracts.month_rp + data_contracts.time_used < m then
                        table_report(total_count) := report_type(m, 0, 0);
                    else
                        table_report(total_count) := report_type(m, data_contracts.prices / data_contracts.time_used, data_contracts.prices_vat / data_contracts.time_used);
                    end if;
                else 
                    table_report(total_count) := report_type(m, 0, 0);
                end if;
                total_count := total_count + 1;
            end loop;
            
        end loop;
    open data_out for
        select month_report, round(sum(revenue),0) as revenue, round(sum(revenue_vat),0) as revenue_vat from table(table_report)
        where month_report is not null
        group by month_report
        order by month_report;
  END report_customer_all;
  
  procedure report_growth(user_id number, start_date varchar, end_date varchar, data_out out sys_refcursor) AS
  BEGIN
    open data_out for
        select s.firstname,
        s.last_name,
        s.phone,
        sum(c.bill_prices) as package_price
        from contracts c
        join customers s on s.id = c.customer_id
        where (user_id = 0 or c.created_by = user_id)
        and c.created_at >= to_date(start_date, 'YYYY-MM-DD')
        and c.created_at <= to_date(end_date, 'YYYY-MM-DD')
        group by s.firstname, s.last_name, s.phone;
  END report_growth;

END PKG_REPORT;

/
--------------------------------------------------------
--  DDL for Function SPLIT_STRING
--------------------------------------------------------

  CREATE OR REPLACE EDITIONABLE FUNCTION "DEVELOP"."SPLIT_STRING" (
  i_str    IN  VARCHAR2,
  i_delim  IN  VARCHAR2 DEFAULT ','
) RETURN SYS.ODCIVARCHAR2LIST DETERMINISTIC
AS
  p_result       SYS.ODCIVARCHAR2LIST := SYS.ODCIVARCHAR2LIST();
  p_start        NUMBER(5) := 1;
  p_end          NUMBER(5);
  c_len CONSTANT NUMBER(5) := LENGTH( i_str );
  c_ld  CONSTANT NUMBER(5) := LENGTH( i_delim );
BEGIN
  IF c_len > 0 THEN
    p_end := INSTR( i_str, i_delim, p_start );
    WHILE p_end > 0 LOOP
      p_result.EXTEND;
      p_result( p_result.COUNT ) := SUBSTR( i_str, p_start, p_end - p_start );
      p_start := p_end + c_ld;
      p_end := INSTR( i_str, i_delim, p_start );
    END LOOP;
    IF p_start <= c_len + 1 THEN
      p_result.EXTEND;
      p_result( p_result.COUNT ) := SUBSTR( i_str, p_start, c_len - p_start + 1 );
    END IF;
  END IF;
  RETURN p_result;
END;

/
--------------------------------------------------------
--  Constraints for Table BUILDINGS
--------------------------------------------------------

  ALTER TABLE "DEVELOP"."BUILDINGS" MODIFY ("ID" NOT NULL ENABLE);
  ALTER TABLE "DEVELOP"."BUILDINGS" ADD CONSTRAINT "BUILDINGS_PK" PRIMARY KEY ("ID")
  USING INDEX PCTFREE 10 INITRANS 2 MAXTRANS 255 COMPUTE STATISTICS 
  STORAGE(INITIAL 65536 NEXT 1048576 MINEXTENTS 1 MAXEXTENTS 2147483645
  PCTINCREASE 0 FREELISTS 1 FREELIST GROUPS 1
  BUFFER_POOL DEFAULT FLASH_CACHE DEFAULT CELL_FLASH_CACHE DEFAULT)
  TABLESPACE "USERS"  ENABLE;
  ALTER TABLE "DEVELOP"."BUILDINGS" MODIFY ("PERCENT_SHARE" NOT NULL ENABLE);
  ALTER TABLE "DEVELOP"."BUILDINGS" MODIFY ("ADDRESS" NOT NULL ENABLE);
--------------------------------------------------------
--  Constraints for Table COMMENTS
--------------------------------------------------------

  ALTER TABLE "DEVELOP"."COMMENTS" MODIFY ("ID" NOT NULL ENABLE);
  ALTER TABLE "DEVELOP"."COMMENTS" ADD CONSTRAINT "TABLE1_PK" PRIMARY KEY ("ID")
  USING INDEX PCTFREE 10 INITRANS 2 MAXTRANS 255 COMPUTE STATISTICS 
  STORAGE(INITIAL 65536 NEXT 1048576 MINEXTENTS 1 MAXEXTENTS 2147483645
  PCTINCREASE 0 FREELISTS 1 FREELIST GROUPS 1
  BUFFER_POOL DEFAULT FLASH_CACHE DEFAULT CELL_FLASH_CACHE DEFAULT)
  TABLESPACE "USERS"  ENABLE;
--------------------------------------------------------
--  Constraints for Table CONTRACTS
--------------------------------------------------------

  ALTER TABLE "DEVELOP"."CONTRACTS" MODIFY ("ID" NOT NULL ENABLE);
  ALTER TABLE "DEVELOP"."CONTRACTS" ADD CONSTRAINT "CONTRACTS_PK" PRIMARY KEY ("ID")
  USING INDEX PCTFREE 10 INITRANS 2 MAXTRANS 255 COMPUTE STATISTICS 
  STORAGE(INITIAL 65536 NEXT 1048576 MINEXTENTS 1 MAXEXTENTS 2147483645
  PCTINCREASE 0 FREELISTS 1 FREELIST GROUPS 1
  BUFFER_POOL DEFAULT FLASH_CACHE DEFAULT CELL_FLASH_CACHE DEFAULT)
  TABLESPACE "USERS"  ENABLE;
--------------------------------------------------------
--  Constraints for Table CUSTOMERS
--------------------------------------------------------

  ALTER TABLE "DEVELOP"."CUSTOMERS" MODIFY ("ID" NOT NULL ENABLE);
  ALTER TABLE "DEVELOP"."CUSTOMERS" MODIFY ("FIRSTNAME" NOT NULL ENABLE);
  ALTER TABLE "DEVELOP"."CUSTOMERS" ADD CONSTRAINT "CUSTOMERS_PK" PRIMARY KEY ("ID")
  USING INDEX PCTFREE 10 INITRANS 2 MAXTRANS 255 COMPUTE STATISTICS 
  STORAGE(INITIAL 65536 NEXT 1048576 MINEXTENTS 1 MAXEXTENTS 2147483645
  PCTINCREASE 0 FREELISTS 1 FREELIST GROUPS 1
  BUFFER_POOL DEFAULT FLASH_CACHE DEFAULT CELL_FLASH_CACHE DEFAULT)
  TABLESPACE "USERS"  ENABLE;
--------------------------------------------------------
--  Constraints for Table CUSTOMER_ADDRESSES
--------------------------------------------------------

  ALTER TABLE "DEVELOP"."CUSTOMER_ADDRESSES" MODIFY ("ID" NOT NULL ENABLE);
  ALTER TABLE "DEVELOP"."CUSTOMER_ADDRESSES" ADD CONSTRAINT "CUSTOMER_ADDRESSES_PK" PRIMARY KEY ("ID")
  USING INDEX PCTFREE 10 INITRANS 2 MAXTRANS 255 COMPUTE STATISTICS 
  STORAGE(INITIAL 65536 NEXT 1048576 MINEXTENTS 1 MAXEXTENTS 2147483645
  PCTINCREASE 0 FREELISTS 1 FREELIST GROUPS 1
  BUFFER_POOL DEFAULT FLASH_CACHE DEFAULT CELL_FLASH_CACHE DEFAULT)
  TABLESPACE "USERS"  ENABLE;
--------------------------------------------------------
--  Constraints for Table DEVICES
--------------------------------------------------------

  ALTER TABLE "DEVELOP"."DEVICES" MODIFY ("ID" NOT NULL ENABLE);
  ALTER TABLE "DEVELOP"."DEVICES" ADD CONSTRAINT "DEVICES_PK" PRIMARY KEY ("ID")
  USING INDEX PCTFREE 10 INITRANS 2 MAXTRANS 255 COMPUTE STATISTICS 
  STORAGE(INITIAL 65536 NEXT 1048576 MINEXTENTS 1 MAXEXTENTS 2147483645
  PCTINCREASE 0 FREELISTS 1 FREELIST GROUPS 1
  BUFFER_POOL DEFAULT FLASH_CACHE DEFAULT CELL_FLASH_CACHE DEFAULT)
  TABLESPACE "USERS"  ENABLE;
--------------------------------------------------------
--  Constraints for Table HISTORY_ACTION
--------------------------------------------------------

  ALTER TABLE "DEVELOP"."HISTORY_ACTION" MODIFY ("ID" NOT NULL ENABLE);
  ALTER TABLE "DEVELOP"."HISTORY_ACTION" ADD CONSTRAINT "HISTORY_ACTION_PK" PRIMARY KEY ("ID")
  USING INDEX PCTFREE 10 INITRANS 2 MAXTRANS 255 COMPUTE STATISTICS 
  TABLESPACE "USERS"  ENABLE;
--------------------------------------------------------
--  Constraints for Table JOBS
--------------------------------------------------------

  ALTER TABLE "DEVELOP"."JOBS" MODIFY ("ID" NOT NULL ENABLE);
  ALTER TABLE "DEVELOP"."JOBS" ADD CONSTRAINT "JOBS_PK" PRIMARY KEY ("ID")
  USING INDEX PCTFREE 10 INITRANS 2 MAXTRANS 255 COMPUTE STATISTICS 
  STORAGE(INITIAL 65536 NEXT 1048576 MINEXTENTS 1 MAXEXTENTS 2147483645
  PCTINCREASE 0 FREELISTS 1 FREELIST GROUPS 1
  BUFFER_POOL DEFAULT FLASH_CACHE DEFAULT CELL_FLASH_CACHE DEFAULT)
  TABLESPACE "USERS"  ENABLE;
--------------------------------------------------------
--  Constraints for Table JOB_EMPLOYEES
--------------------------------------------------------

  ALTER TABLE "DEVELOP"."JOB_EMPLOYEES" MODIFY ("ID" NOT NULL ENABLE);
  ALTER TABLE "DEVELOP"."JOB_EMPLOYEES" ADD CONSTRAINT "JOB_EMPLOYEES_PK" PRIMARY KEY ("ID")
  USING INDEX PCTFREE 10 INITRANS 2 MAXTRANS 255 COMPUTE STATISTICS 
  STORAGE(INITIAL 65536 NEXT 1048576 MINEXTENTS 1 MAXEXTENTS 2147483645
  PCTINCREASE 0 FREELISTS 1 FREELIST GROUPS 1
  BUFFER_POOL DEFAULT FLASH_CACHE DEFAULT CELL_FLASH_CACHE DEFAULT)
  TABLESPACE "USERS"  ENABLE;
--------------------------------------------------------
--  Constraints for Table JOB_PROCCESS
--------------------------------------------------------

  ALTER TABLE "DEVELOP"."JOB_PROCCESS" MODIFY ("ID" NOT NULL ENABLE);
  ALTER TABLE "DEVELOP"."JOB_PROCCESS" ADD CONSTRAINT "JOB_PROCCESS_PK" PRIMARY KEY ("ID")
  USING INDEX PCTFREE 10 INITRANS 2 MAXTRANS 255 COMPUTE STATISTICS 
  STORAGE(INITIAL 65536 NEXT 1048576 MINEXTENTS 1 MAXEXTENTS 2147483645
  PCTINCREASE 0 FREELISTS 1 FREELIST GROUPS 1
  BUFFER_POOL DEFAULT FLASH_CACHE DEFAULT CELL_FLASH_CACHE DEFAULT)
  TABLESPACE "USERS"  ENABLE;
--------------------------------------------------------
--  Constraints for Table MODULES
--------------------------------------------------------

  ALTER TABLE "DEVELOP"."MODULES" MODIFY ("ID" NOT NULL ENABLE);
  ALTER TABLE "DEVELOP"."MODULES" ADD CONSTRAINT "MODULE_PK" PRIMARY KEY ("ID")
  USING INDEX PCTFREE 10 INITRANS 2 MAXTRANS 255 COMPUTE STATISTICS 
  STORAGE(INITIAL 65536 NEXT 1048576 MINEXTENTS 1 MAXEXTENTS 2147483645
  PCTINCREASE 0 FREELISTS 1 FREELIST GROUPS 1
  BUFFER_POOL DEFAULT FLASH_CACHE DEFAULT CELL_FLASH_CACHE DEFAULT)
  TABLESPACE "USERS"  ENABLE;
--------------------------------------------------------
--  Constraints for Table PACKAGES
--------------------------------------------------------

  ALTER TABLE "DEVELOP"."PACKAGES" MODIFY ("ID" NOT NULL ENABLE);
  ALTER TABLE "DEVELOP"."PACKAGES" ADD CONSTRAINT "PAKE_OF_DATAS_PK" PRIMARY KEY ("ID")
  USING INDEX PCTFREE 10 INITRANS 2 MAXTRANS 255 COMPUTE STATISTICS 
  STORAGE(INITIAL 65536 NEXT 1048576 MINEXTENTS 1 MAXEXTENTS 2147483645
  PCTINCREASE 0 FREELISTS 1 FREELIST GROUPS 1
  BUFFER_POOL DEFAULT FLASH_CACHE DEFAULT CELL_FLASH_CACHE DEFAULT)
  TABLESPACE "USERS"  ENABLE;
  ALTER TABLE "DEVELOP"."PACKAGES" MODIFY ("IS_DELETED" NOT NULL ENABLE);
--------------------------------------------------------
--  Constraints for Table PACKAGE_DETAIL
--------------------------------------------------------

  ALTER TABLE "DEVELOP"."PACKAGE_DETAIL" MODIFY ("ID" NOT NULL ENABLE);
--------------------------------------------------------
--  Constraints for Table PARTNERS
--------------------------------------------------------

  ALTER TABLE "DEVELOP"."PARTNERS" MODIFY ("ID" NOT NULL ENABLE);
  ALTER TABLE "DEVELOP"."PARTNERS" ADD CONSTRAINT "PARTNERS_PK" PRIMARY KEY ("ID")
  USING INDEX PCTFREE 10 INITRANS 2 MAXTRANS 255 COMPUTE STATISTICS 
  STORAGE(INITIAL 65536 NEXT 1048576 MINEXTENTS 1 MAXEXTENTS 2147483645
  PCTINCREASE 0 FREELISTS 1 FREELIST GROUPS 1
  BUFFER_POOL DEFAULT FLASH_CACHE DEFAULT CELL_FLASH_CACHE DEFAULT)
  TABLESPACE "USERS"  ENABLE;
  ALTER TABLE "DEVELOP"."PARTNERS" MODIFY ("IS_DELETED" NOT NULL ENABLE);
--------------------------------------------------------
--  Constraints for Table QUEUE_MAIL
--------------------------------------------------------

  ALTER TABLE "DEVELOP"."QUEUE_MAIL" MODIFY ("ID" NOT NULL ENABLE);
  ALTER TABLE "DEVELOP"."QUEUE_MAIL" ADD CONSTRAINT "QUEUE_MAIL_PK" PRIMARY KEY ("ID")
  USING INDEX PCTFREE 10 INITRANS 2 MAXTRANS 255 COMPUTE STATISTICS 
  STORAGE(INITIAL 65536 NEXT 1048576 MINEXTENTS 1 MAXEXTENTS 2147483645
  PCTINCREASE 0 FREELISTS 1 FREELIST GROUPS 1
  BUFFER_POOL DEFAULT FLASH_CACHE DEFAULT CELL_FLASH_CACHE DEFAULT)
  TABLESPACE "USERS"  ENABLE;
--------------------------------------------------------
--  Constraints for Table ROLES
--------------------------------------------------------

  ALTER TABLE "DEVELOP"."ROLES" MODIFY ("ID" NOT NULL ENABLE);
  ALTER TABLE "DEVELOP"."ROLES" ADD CONSTRAINT "ROLES_PK" PRIMARY KEY ("ID")
  USING INDEX PCTFREE 10 INITRANS 2 MAXTRANS 255 COMPUTE STATISTICS 
  STORAGE(INITIAL 65536 NEXT 1048576 MINEXTENTS 1 MAXEXTENTS 2147483645
  PCTINCREASE 0 FREELISTS 1 FREELIST GROUPS 1
  BUFFER_POOL DEFAULT FLASH_CACHE DEFAULT CELL_FLASH_CACHE DEFAULT)
  TABLESPACE "USERS"  ENABLE;
--------------------------------------------------------
--  Constraints for Table ROLE_GROUPS
--------------------------------------------------------

  ALTER TABLE "DEVELOP"."ROLE_GROUPS" MODIFY ("ID" NOT NULL ENABLE);
  ALTER TABLE "DEVELOP"."ROLE_GROUPS" ADD CONSTRAINT "ROLE_GROUP_PK" PRIMARY KEY ("ID")
  USING INDEX PCTFREE 10 INITRANS 2 MAXTRANS 255 COMPUTE STATISTICS 
  STORAGE(INITIAL 65536 NEXT 1048576 MINEXTENTS 1 MAXEXTENTS 2147483645
  PCTINCREASE 0 FREELISTS 1 FREELIST GROUPS 1
  BUFFER_POOL DEFAULT FLASH_CACHE DEFAULT CELL_FLASH_CACHE DEFAULT)
  TABLESPACE "USERS"  ENABLE;
--------------------------------------------------------
--  Constraints for Table SETTINGS
--------------------------------------------------------

  ALTER TABLE "DEVELOP"."SETTINGS" MODIFY ("ID" NOT NULL ENABLE);
  ALTER TABLE "DEVELOP"."SETTINGS" ADD CONSTRAINT "SETTINGS_PK" PRIMARY KEY ("ID")
  USING INDEX PCTFREE 10 INITRANS 2 MAXTRANS 255 COMPUTE STATISTICS 
  STORAGE(INITIAL 65536 NEXT 1048576 MINEXTENTS 1 MAXEXTENTS 2147483645
  PCTINCREASE 0 FREELISTS 1 FREELIST GROUPS 1
  BUFFER_POOL DEFAULT FLASH_CACHE DEFAULT CELL_FLASH_CACHE DEFAULT)
  TABLESPACE "USERS"  ENABLE;
--------------------------------------------------------
--  Constraints for Table SMS_QUEUE
--------------------------------------------------------

  ALTER TABLE "DEVELOP"."SMS_QUEUE" MODIFY ("ID" NOT NULL ENABLE);
  ALTER TABLE "DEVELOP"."SMS_QUEUE" ADD CONSTRAINT "SMS_QUEUE_PK" PRIMARY KEY ("ID")
  USING INDEX PCTFREE 10 INITRANS 2 MAXTRANS 255 COMPUTE STATISTICS 
  STORAGE(INITIAL 65536 NEXT 1048576 MINEXTENTS 1 MAXEXTENTS 2147483645
  PCTINCREASE 0 FREELISTS 1 FREELIST GROUPS 1
  BUFFER_POOL DEFAULT FLASH_CACHE DEFAULT CELL_FLASH_CACHE DEFAULT)
  TABLESPACE "USERS"  ENABLE;
--------------------------------------------------------
--  Constraints for Table USERS
--------------------------------------------------------

  ALTER TABLE "DEVELOP"."USERS" MODIFY ("ID" NOT NULL ENABLE);
  ALTER TABLE "DEVELOP"."USERS" MODIFY ("IS_DELETED" NOT NULL ENABLE);
  ALTER TABLE "DEVELOP"."USERS" ADD CONSTRAINT "USERS_PK" PRIMARY KEY ("ID")
  USING INDEX PCTFREE 10 INITRANS 2 MAXTRANS 255 COMPUTE STATISTICS 
  STORAGE(INITIAL 65536 NEXT 1048576 MINEXTENTS 1 MAXEXTENTS 2147483645
  PCTINCREASE 0 FREELISTS 1 FREELIST GROUPS 1
  BUFFER_POOL DEFAULT FLASH_CACHE DEFAULT CELL_FLASH_CACHE DEFAULT)
  TABLESPACE "USERS"  ENABLE;
